# This file uses centimeters as units for non-parametric coordinates.

mtllib Christmas Tree Character_v1_001.mtl
g default
v -0.893049 7.869897 2.009257
v -0.770898 7.869897 2.049005
v -0.698348 7.869897 2.155011
v -0.717897 7.869897 2.265178
v -0.818095 7.869897 2.314972
v -0.940246 7.869897 2.275225
v -1.012796 7.869897 2.169219
v -0.993247 7.869897 2.059052
v -0.923492 7.964938 1.885089
v -0.702116 7.964938 1.957124
v -0.570633 7.964938 2.149240
v -0.606063 7.964938 2.348897
v -0.787652 7.964938 2.439140
v -1.009028 7.964938 2.367105
v -1.140511 7.964938 2.174990
v -1.105081 7.964938 1.975332
v -0.944314 8.108248 1.800164
v -0.655072 8.108248 1.894282
v -0.483281 8.108248 2.145293
v -0.529572 8.108248 2.406158
v -0.766830 8.108248 2.524066
v -1.056072 8.108248 2.429948
v -1.227863 8.108248 2.178936
v -1.181572 8.108248 1.918072
v -0.951626 8.277290 1.770341
v -0.638553 8.277290 1.872214
v -0.452607 8.277290 2.143907
v -0.502712 8.277290 2.426265
v -0.759518 8.277290 2.553888
v -1.072591 8.277290 2.452015
v -1.258537 8.277290 2.180322
v -1.208432 8.277290 1.897964
v -0.944314 8.446335 1.800163
v -0.655072 8.446335 1.894282
v -0.483281 8.446335 2.145293
v -0.529572 8.446335 2.406158
v -0.766830 8.446335 2.524066
v -1.056072 8.446335 2.429948
v -1.227863 8.446335 2.178936
v -1.181572 8.446335 1.918071
v -0.923492 8.589644 1.885089
v -0.702116 8.589644 1.957124
v -0.570633 8.589644 2.149240
v -0.606063 8.589644 2.348897
v -0.787652 8.589644 2.439140
v -1.009028 8.589644 2.367105
v -1.140511 8.589644 2.174989
v -1.105081 8.589644 1.975332
v -0.893049 8.684686 2.009257
v -0.770898 8.684686 2.049005
v -0.698348 8.684686 2.155011
v -0.717897 8.684686 2.265178
v -0.818095 8.684686 2.314972
v -0.940246 8.684686 2.275225
v -1.012796 8.684686 2.169219
v -0.993247 8.684686 2.059052
v -0.855572 7.834129 2.162115
v -0.855572 8.720452 2.162115
v -0.908926 7.910073 1.944498
v -0.809425 7.964938 1.902065
v -0.735025 7.910073 2.001085
v -0.829537 7.870611 2.015399
v -0.619056 7.964938 2.044575
v -0.631739 7.910073 2.152001
v -0.722133 7.870611 2.095801
v -0.567234 7.964938 2.255939
v -0.659571 7.910073 2.308841
v -0.692897 7.870611 2.215049
v -0.684317 7.964938 2.412341
v -0.802217 7.910073 2.379731
v -0.758953 7.870611 2.303288
v -0.901719 7.964938 2.422164
v -0.976119 7.910073 2.323144
v -0.881607 7.870611 2.308830
v -1.092088 7.964938 2.279654
v -1.079405 7.910073 2.172228
v -0.989010 7.870611 2.228428
v -1.143909 7.964938 2.068290
v -1.051574 7.910073 2.015388
v -1.018247 7.870611 2.109181
v -1.026827 7.964938 1.911888
v -0.952191 7.870611 2.020941
v -0.935423 8.031924 1.836428
v -0.795278 8.108248 1.822343
v -0.675161 8.031924 1.921117
v -0.546549 8.108248 2.008542
v -0.520582 8.031924 2.146979
v -0.478841 8.108248 2.284702
v -0.562235 8.031924 2.381706
v -0.631817 8.108248 2.489051
v -0.775721 8.031924 2.487801
v -0.915866 8.108248 2.501886
v -1.035983 8.031924 2.403112
v -1.164595 8.108248 2.315687
v -1.190562 8.031924 2.177251
v -1.232303 8.108248 2.039527
v -1.148909 8.031924 1.942523
v -1.079327 8.108248 1.835178
v -0.949762 8.191130 1.777941
v -0.790311 8.277290 1.794349
v -0.642763 8.191130 1.877838
v -0.521088 8.277290 1.995889
v -0.460424 8.191130 2.144260
v -0.447801 8.277290 2.294802
v -0.509558 8.191130 2.421141
v -0.613381 8.277290 2.515988
v -0.761382 8.191130 2.546288
v -0.920833 8.277290 2.529880
v -1.068381 8.191130 2.446391
v -1.190056 8.277290 2.328340
v -1.250720 8.191130 2.179969
v -1.263343 8.277290 2.029427
v -1.201586 8.191130 1.903088
v -1.097763 8.277290 1.808241
v -0.949762 8.363453 1.777941
v -0.795278 8.446335 1.822343
v -0.642763 8.363453 1.877838
v -0.546549 8.446335 2.008542
v -0.460424 8.363453 2.144260
v -0.478841 8.446335 2.284702
v -0.509558 8.363453 2.421141
v -0.631817 8.446335 2.489051
v -0.761382 8.363453 2.546288
v -0.915866 8.446335 2.501886
v -1.068381 8.363453 2.446391
v -1.164595 8.446335 2.315687
v -1.250720 8.363453 2.179969
v -1.232303 8.446335 2.039527
v -1.201586 8.363453 1.903088
v -1.079327 8.446335 1.835178
v -0.935423 8.522658 1.836428
v -0.809425 8.589644 1.902065
v -0.675161 8.522658 1.921117
v -0.619056 8.589644 2.044575
v -0.520582 8.522658 2.146979
v -0.567234 8.589644 2.255939
v -0.562235 8.522658 2.381706
v -0.684317 8.589644 2.412341
v -0.775721 8.522658 2.487801
v -0.901719 8.589644 2.422164
v -1.035983 8.522658 2.403112
v -1.092088 8.589644 2.279654
v -1.190562 8.522658 2.177251
v -1.143909 8.589644 2.068290
v -1.148909 8.522658 1.942523
v -1.026827 8.589644 1.911888
v -0.908926 8.644509 1.944498
v -0.829537 8.683971 2.015399
v -0.735025 8.644509 2.001085
v -0.722133 8.683971 2.095801
v -0.631739 8.644509 2.152001
v -0.692897 8.683971 2.215049
v -0.659571 8.644509 2.308841
v -0.758953 8.683971 2.303288
v -0.802217 8.644509 2.379731
v -0.881607 8.683971 2.308830
v -0.976119 8.644509 2.323144
v -0.989010 8.683971 2.228428
v -1.079405 8.644509 2.172228
v -1.018247 8.683971 2.109181
v -1.051574 8.644509 2.015388
v -0.952191 8.683971 2.020941
v -0.806744 7.846983 2.096889
v -0.877184 7.846983 2.073968
v -0.764907 7.846983 2.158018
v -0.776181 7.846983 2.221547
v -0.833961 7.846983 2.250261
v -0.904400 7.846983 2.227341
v -0.946237 7.846983 2.166211
v -0.934963 7.846983 2.102682
v -0.877184 8.707598 2.073968
v -0.806744 8.707598 2.096889
v -0.764907 8.707598 2.158018
v -0.776181 8.707598 2.221547
v -0.833961 8.707598 2.250261
v -0.904400 8.707598 2.227341
v -0.946237 8.707598 2.166211
v -0.934963 8.707598 2.102682
v -0.819322 7.910073 1.957833
v -0.669777 7.910073 2.069782
v -0.629069 7.910073 2.235818
v -0.721043 7.910073 2.358679
v -0.891822 7.910073 2.366396
v -1.041367 7.910073 2.254447
v -1.082075 7.910073 2.088411
v -0.990101 7.910073 1.965550
v -0.801319 8.031924 1.856386
v -0.577511 8.031924 2.023929
v -0.516587 8.031924 2.272419
v -0.654236 8.031924 2.456295
v -0.909825 8.031924 2.467843
v -1.133633 8.031924 2.300300
v -1.194557 8.031924 2.051810
v -1.056908 8.031924 1.867935
v -0.791577 8.191130 1.801483
v -0.527577 8.191130 1.999114
v -0.455712 8.191130 2.292228
v -0.618080 8.191130 2.509123
v -0.919567 8.191130 2.522746
v -1.183567 8.191130 2.325115
v -1.255432 8.191130 2.032001
v -1.093064 8.191130 1.815106
v -0.791577 8.363452 1.801483
v -0.527577 8.363452 1.999114
v -0.455712 8.363452 2.292228
v -0.618080 8.363452 2.509123
v -0.919567 8.363452 2.522746
v -1.183568 8.363452 2.325116
v -1.255432 8.363452 2.032001
v -1.093064 8.363452 1.815106
v -0.801319 8.522658 1.856386
v -0.577511 8.522658 2.023929
v -0.516587 8.522658 2.272419
v -0.654236 8.522658 2.456295
v -0.909825 8.522658 2.467843
v -1.133633 8.522658 2.300300
v -1.194557 8.522658 2.051810
v -1.056908 8.522658 1.867935
v -0.819322 8.644509 1.957833
v -0.669777 8.644509 2.069782
v -0.629069 8.644509 2.235818
v -0.721043 8.644509 2.358679
v -0.891822 8.644509 2.366396
v -1.041367 8.644509 2.254447
v -1.082075 8.644509 2.088411
v -0.990101 8.644509 1.965550
v -0.838599 7.849840 2.066469
v -0.768582 7.849840 2.118884
v -0.749522 7.849840 2.196623
v -0.792585 7.849840 2.254147
v -0.872545 7.849840 2.257760
v -0.942562 7.849840 2.205345
v -0.961622 7.849840 2.127606
v -0.918559 7.849840 2.070082
v -0.838599 8.704742 2.066469
v -0.768582 8.704742 2.118884
v -0.749522 8.704742 2.196623
v -0.792585 8.704742 2.254147
v -0.872545 8.704742 2.257760
v -0.942562 8.704742 2.205345
v -0.961622 8.704742 2.127606
v -0.918559 8.704742 2.070082
v 2.244150 3.741328 -2.244150
v -0.000000 3.741329 -3.173708
v -2.244151 3.741328 -2.244150
v -3.173708 3.741328 -0.000000
v -2.244151 3.741328 2.244150
v -0.000000 3.741328 3.173708
v 2.244150 3.741329 2.244150
v 3.173707 3.741328 0.000000
v -0.000000 14.448556 0.000000
v 0.704321 12.459215 -0.704321
v -0.000000 12.459215 -0.996061
v -0.704321 12.459215 -0.704321
v -0.996061 12.459215 0.000000
v -0.704321 12.459215 0.704321
v -0.000000 12.459215 0.996061
v 0.704321 12.459215 0.704321
v 0.996061 12.459215 0.000000
v 2.308484 5.792162 -2.308484
v -0.000000 5.792162 -3.264689
v -2.308484 5.792162 -2.308484
v -3.264689 5.792162 -0.000000
v -2.308484 5.792162 2.308484
v -0.000000 5.792162 3.264689
v 2.308484 5.792162 2.308484
v 3.264689 5.792162 0.000000
v 3.011187 5.792162 -1.247275
v 0.383821 12.447267 -0.926627
v -0.000000 14.018169 -0.380186
v 0.268832 14.018169 -0.268832
v -0.383822 12.447267 -0.926627
v -0.268832 14.018169 -0.268832
v -0.926627 12.447267 -0.383821
v -0.380186 14.018169 0.000000
v -0.926627 12.447267 0.383822
v -0.268832 14.018169 0.268832
v -0.383822 12.447267 0.926627
v -0.000000 14.018169 0.380186
v 0.383821 12.447267 0.926627
v 0.268832 14.018169 0.268832
v 0.926627 12.447267 0.383822
v 0.380185 14.018169 0.000000
v 0.926627 12.447267 -0.383821
v -0.000000 9.142619 -2.146317
v 1.517675 9.142619 -1.517675
v -1.517675 9.142619 -1.517675
v -2.146317 9.142619 0.000000
v -1.517675 9.142619 1.517675
v -0.000000 9.142619 2.146317
v 1.517675 9.142619 1.517675
v 2.146317 9.142619 0.000000
v 2.587647 3.674517 -1.071839
v 2.587647 3.674517 1.071839
v 1.071839 3.674517 2.587647
v -1.071839 3.674517 2.587647
v -2.587648 3.674517 1.071839
v -2.587647 3.674518 -1.071839
v -1.071839 3.674518 -2.587647
v 1.071838 3.674518 -2.587647
v -0.000000 4.149784 -3.693217
v 1.247274 5.792162 -3.011188
v 2.611499 4.149783 -2.611499
v -2.611499 4.149784 -2.611499
v -1.247275 5.792162 -3.011187
v -3.693217 4.149784 -0.000000
v -3.011188 5.792162 -1.247275
v -2.611499 4.149784 2.611499
v -3.011188 5.792162 1.247274
v -0.000000 4.149784 3.693217
v -1.247275 5.792162 3.011188
v 2.611499 4.149784 2.611499
v 1.247275 5.792162 3.011188
v 3.693217 4.149784 0.000000
v 3.011188 5.792162 1.247275
v -0.000000 3.526905 -0.000000
v 1.401195 4.143724 -3.382784
v -1.401195 4.143723 -3.382783
v -3.382784 4.143723 -1.401195
v -3.382784 4.143723 1.401195
v -1.401195 4.143723 3.382783
v 1.401195 4.143723 3.382784
v 3.382783 4.143723 1.401195
v 3.382783 4.143723 -1.401195
v 0.180387 13.834379 -0.435494
v -0.180388 13.834379 -0.435494
v -0.435494 13.834379 -0.180387
v -0.435494 13.834379 0.180388
v -0.180388 13.834379 0.435494
v 0.180387 13.834379 0.435494
v 0.435494 13.834379 0.180388
v 0.435494 13.834379 -0.180387
v 0.820328 9.141423 -1.980447
v -0.820328 9.141423 -1.980447
v -1.980447 9.141423 -0.820328
v -1.980447 9.141423 0.820328
v -0.820328 9.141423 1.980447
v 0.820328 9.141423 1.980447
v 1.980447 9.141423 0.820328
v 1.980447 9.141423 -0.820328
v 1.568216 3.614346 -1.568216
v 2.217792 3.614346 0.000000
v 1.568216 3.614346 1.568216
v -0.000000 3.614346 2.217792
v -1.568216 3.614346 1.568216
v -2.217792 3.614347 0.000000
v -1.568216 3.614346 -1.568216
v -0.000000 3.614346 -2.217792
v 1.944385 3.832524 -2.873358
v 0.656883 3.832525 -3.406659
v 0.699024 4.763909 -3.519962
v 1.994704 4.763909 -2.983274
v -0.656883 3.832525 -3.406659
v -1.944385 3.832525 -2.873358
v -1.994704 4.763909 -2.983274
v -0.699025 4.763909 -3.519962
v -2.873358 3.832525 -1.944385
v -3.406659 3.832525 -0.656883
v -3.519962 4.763909 -0.699025
v -2.983274 4.763909 -1.994704
v -3.406659 3.832525 0.656883
v -2.873358 3.832525 1.944385
v -2.983274 4.763909 1.994704
v -3.519962 4.763909 0.699024
v -1.944385 3.832525 2.873358
v -0.656883 3.832525 3.406659
v -0.699025 4.763909 3.519962
v -1.994704 4.763909 2.983274
v 0.656883 3.832525 3.406659
v 1.944385 3.832525 2.873358
v 1.994704 4.763909 2.983274
v 0.699024 4.763909 3.519962
v 2.873358 3.832525 1.944385
v 3.406659 3.832525 0.656883
v 3.519962 4.763909 0.699025
v 2.983274 4.763909 1.994704
v 3.406659 3.832525 -0.656883
v 2.873357 3.832525 -1.944385
v 2.983274 4.763909 -1.994704
v 3.519962 4.763909 -0.699025
v 0.351090 13.433196 -0.530885
v 0.127134 13.433196 -0.623650
v 0.097413 14.249007 -0.235177
v -0.127134 13.433196 -0.623650
v -0.351091 13.433196 -0.530885
v -0.097413 14.249007 -0.235177
v -0.530885 13.433196 -0.351090
v -0.623651 13.433196 -0.127134
v -0.235177 14.249007 -0.097413
v -0.623651 13.433196 0.127134
v -0.530885 13.433196 0.351090
v -0.235177 14.249007 0.097413
v -0.351091 13.433196 0.530885
v -0.127134 13.433196 0.623651
v -0.097413 14.249007 0.235177
v 0.127134 13.433196 0.623651
v 0.351090 13.433196 0.530885
v 0.097413 14.249006 0.235177
v 0.530885 13.433196 0.351091
v 0.623650 13.433196 0.127134
v 0.235177 14.249007 0.097413
v 0.623650 13.433196 -0.127134
v 0.530885 13.433196 -0.351090
v 0.235177 14.249007 -0.097413
v 1.528867 7.339688 -2.286570
v 0.535776 7.339690 -2.697921
v 0.298928 10.934695 -1.501958
v 0.850670 10.934694 -1.273419
v -0.535777 7.339688 -2.697921
v -1.528867 7.339690 -2.286570
v -0.850671 10.934695 -1.273419
v -0.298929 10.934694 -1.501958
v -2.286570 7.339688 -1.528867
v -2.697921 7.339690 -0.535776
v -1.501958 10.934695 -0.298929
v -1.273420 10.934694 -0.850670
v -2.697921 7.339688 0.535776
v -2.286570 7.339690 1.528867
v -1.273419 10.934695 0.850670
v -1.501958 10.934694 0.298929
v -1.528867 7.339688 2.286570
v -0.535777 7.339690 2.697921
v -0.298929 10.934695 1.501958
v -0.850671 10.934694 1.273419
v 0.535776 7.339688 2.697921
v 1.528867 7.339690 2.286570
v 0.850670 10.934695 1.273419
v 0.298928 10.934694 1.501958
v 2.286570 7.339688 1.528867
v 2.697921 7.339690 0.535777
v 1.501958 10.934695 0.298929
v 1.273419 10.934694 0.850671
v 2.697921 7.339688 -0.535777
v 2.286569 7.339690 -1.528867
v 1.273419 10.934695 -0.850670
v 1.501958 10.934694 -0.298929
v 1.633163 3.586641 -0.676478
v 1.633163 3.586641 0.676478
v 0.676478 3.586642 1.633163
v -0.676478 3.586641 1.633163
v -1.633163 3.586642 0.676478
v -1.633163 3.586642 -0.676478
v -0.676478 3.586642 -1.633163
v 0.676478 3.586641 -1.633163
v 1.307199 3.820404 -3.155860
v 0.711435 4.146754 -3.607183
v 1.372456 4.763910 -3.313403
v 2.047602 4.146754 -3.053724
v -1.307200 3.820404 -3.155859
v -2.047603 4.146754 -3.053724
v -1.372457 4.763910 -3.313403
v -0.711436 4.146754 -3.607183
v -3.155860 3.820404 -1.307200
v -3.607183 4.146754 -0.711435
v -3.313404 4.763910 -1.372457
v -3.053724 4.146754 -2.047602
v -3.155860 3.820404 1.307199
v -3.053724 4.146754 2.047602
v -3.313404 4.763910 1.372457
v -3.607183 4.146754 0.711435
v -1.307200 3.820404 3.155859
v -0.711436 4.146754 3.607182
v -1.372457 4.763910 3.313403
v -2.047602 4.146754 3.053724
v 1.307199 3.820404 3.155859
v 2.047602 4.146754 3.053724
v 1.372457 4.763910 3.313404
v 0.711435 4.146754 3.607183
v 3.155859 3.820404 1.307200
v 3.607183 4.146754 0.711435
v 3.313404 4.763910 1.372457
v 3.053724 4.146754 2.047602
v 3.155859 3.820404 -1.307200
v 3.053724 4.146754 -2.047602
v 3.313403 4.763910 -1.372457
v 3.607183 4.146754 -0.711435
v 0.246690 13.421247 -0.595562
v 0.093552 13.992477 -0.389885
v 0.209539 13.992477 -0.341842
v -0.246690 13.421247 -0.595562
v -0.209539 13.992477 -0.341842
v -0.093552 13.992477 -0.389885
v -0.595562 13.421247 -0.246690
v -0.389886 13.992477 -0.093552
v -0.341842 13.992477 -0.209539
v -0.595562 13.421247 0.246690
v -0.341842 13.992477 0.209539
v -0.389886 13.992477 0.093552
v -0.246690 13.421247 0.595562
v -0.093552 13.992477 0.389886
v -0.209539 13.992477 0.341842
v 0.246690 13.421247 0.595562
v 0.209539 13.992477 0.341842
v 0.093552 13.992477 0.389886
v 0.595562 13.421247 0.246690
v 0.389885 13.992477 0.093552
v 0.341842 13.992477 0.209539
v 0.595562 13.421247 -0.246690
v 0.341842 13.992477 -0.209539
v 0.389885 13.992477 -0.093552
v 1.051937 7.339688 -2.539602
v 0.417887 9.142021 -2.103456
v 0.586328 10.932304 -1.415522
v 1.191877 9.142021 -1.782859
v -1.051938 7.339688 -2.539602
v -1.191878 9.142021 -1.782859
v -0.586329 10.932304 -1.415522
v -0.417887 9.142021 -2.103456
v -2.539602 7.339688 -1.051938
v -2.103457 9.142021 -0.417887
v -1.415522 10.932304 -0.586328
v -1.782859 9.142021 -1.191878
v -2.539602 7.339688 1.051937
v -1.782859 9.142021 1.191878
v -1.415522 10.932304 0.586328
v -2.103457 9.142021 0.417887
v -1.051938 7.339688 2.539602
v -0.417887 9.142021 2.103457
v -0.586329 10.932304 1.415522
v -1.191878 9.142021 1.782859
v 1.051937 7.339688 2.539602
v 1.191878 9.142021 1.782859
v 0.586328 10.932304 1.415522
v 0.417887 9.142021 2.103457
v 2.539602 7.339688 1.051938
v 2.103457 9.142021 0.417887
v 1.415522 10.932304 0.586329
v 1.782859 9.142021 1.191878
v 2.539602 7.339688 -1.051937
v 1.782859 9.142021 -1.191878
v 1.415522 10.932304 -0.586328
v 2.103456 9.142021 -0.417887
v 2.394185 3.696594 -1.759705
v 2.937243 3.696594 -0.448645
v 2.937243 3.696594 0.448645
v 2.394185 3.696594 1.759705
v 1.759705 3.696594 2.394185
v 0.448645 3.696594 2.937243
v -0.448645 3.696594 2.937243
v -1.759705 3.696594 2.394185
v -2.394185 3.696594 1.759705
v -2.937243 3.696594 0.448645
v -2.937243 3.696594 -0.448645
v -2.394185 3.696594 -1.759705
v -1.759705 3.696594 -2.394185
v -0.448645 3.696594 -2.937243
v 0.448645 3.696594 -2.937243
v 1.759705 3.696594 -2.394185
v -0.000000 3.844646 -3.524132
v -0.000000 4.763910 -3.592348
v 0.635266 5.792162 -3.198905
v 1.812766 5.792162 -2.711169
v 2.540174 4.763910 -2.540174
v 2.491938 3.844646 -2.491938
v -2.491938 3.844646 -2.491938
v -2.540174 4.763910 -2.540174
v -1.812767 5.792162 -2.711169
v -0.635267 5.792162 -3.198905
v -3.524132 3.844646 -0.000000
v -3.592348 4.763910 -0.000000
v -3.198905 5.792162 -0.635266
v -2.711169 5.792162 -1.812767
v -2.491938 3.844646 2.491938
v -2.540174 4.763910 2.540174
v -2.711169 5.792162 1.812767
v -3.198905 5.792162 0.635266
v -0.000000 3.844646 3.524132
v -0.000000 4.763910 3.592349
v -0.635266 5.792162 3.198905
v -1.812767 5.792162 2.711169
v 2.491938 3.844646 2.491938
v 2.540174 4.763910 2.540174
v 1.812767 5.792162 2.711169
v 0.635266 5.792162 3.198905
v 3.524132 3.844646 0.000000
v 3.592348 4.763910 0.000000
v 3.198905 5.792162 0.635266
v 2.711169 5.792162 1.812767
v 2.711169 5.792162 -1.812767
v 3.198905 5.792162 -0.635266
v 0.554117 12.453241 -0.831634
v 0.196234 12.453241 -0.979874
v -0.000000 13.445146 -0.628548
v -0.000000 14.301582 -0.202438
v 0.143145 14.301582 -0.143145
v 0.444450 13.445146 -0.444450
v -0.196234 12.453241 -0.979874
v -0.554117 12.453241 -0.831634
v -0.444451 13.445146 -0.444450
v -0.143145 14.301582 -0.143145
v -0.831634 12.453241 -0.554117
v -0.979874 12.453241 -0.196234
v -0.628548 13.445146 0.000000
v -0.202438 14.301582 0.000000
v -0.979874 12.453241 0.196234
v -0.831634 12.453241 0.554117
v -0.444451 13.445146 0.444451
v -0.143145 14.301582 0.143145
v -0.554117 12.453241 0.831634
v -0.196234 12.453241 0.979874
v -0.000000 13.445146 0.628548
v -0.000000 14.301582 0.202438
v 0.196234 12.453241 0.979874
v 0.554117 12.453241 0.831634
v 0.444450 13.445146 0.444451
v 0.143145 14.301582 0.143145
v 0.831634 12.453241 0.554117
v 0.979874 12.453241 0.196234
v 0.628548 13.445146 0.000000
v 0.202438 14.301582 0.000000
v 0.979874 12.453241 -0.196234
v 0.831634 12.453241 -0.554117
v -0.000000 7.339690 -2.753403
v -0.000000 10.937084 -1.531260
v 1.082764 10.937084 -1.082764
v 1.946949 7.339690 -1.946950
v -1.946950 7.339690 -1.946950
v -1.082764 10.937084 -1.082764
v -2.753403 7.339690 -0.000000
v -1.531260 10.937084 0.000000
v -1.946950 7.339690 1.946949
v -1.082764 10.937084 1.082764
v -0.000000 7.339690 2.753403
v -0.000000 10.937084 1.531260
v 1.946950 7.339690 1.946950
v 1.082764 10.937084 1.082764
v 2.753403 7.339690 0.000000
v 1.531260 10.937084 0.000000
v 0.162693 13.866595 -0.426200
v 0.222328 13.423682 -0.601285
v 0.345597 12.448484 -0.937477
v 0.527765 10.932792 -1.433135
v 0.738322 9.141545 -2.005513
v 0.946759 7.339688 -2.571862
v 1.122566 5.792162 -3.049438
v 1.235231 4.763910 -3.355494
v 1.260642 4.144342 -3.428510
v 1.174685 3.822874 -3.206965
v 0.944850 3.679017 -2.658885
v 0.538632 3.592287 -1.752293
v -0.137846 3.539077 -0.332789
v 0.226435 14.185868 -0.226435
v -0.000000 14.185868 -0.320227
v -0.226435 14.185868 -0.226435
v -0.320228 14.185868 0.000000
v -0.226435 14.185868 0.226435
v -0.000000 14.185868 0.320228
v 0.226435 14.185868 0.226435
v 0.320227 14.185868 0.000000
v 0.407165 14.196900 -0.407165
v -0.000000 14.196900 -0.575818
v -0.407165 14.196900 -0.407165
v -0.575818 14.196900 0.000000
v -0.407165 14.196900 0.407165
v -0.000000 14.196900 0.575818
v 0.407165 14.196900 0.407165
v 0.575818 14.196900 0.000000
v 0.581281 14.648769 -0.581281
v -0.000000 14.648769 -0.822055
v -0.581281 14.648769 -0.581281
v -0.822055 14.648769 0.000000
v -0.581281 14.648769 0.581281
v -0.000000 14.648769 0.822055
v 0.581281 14.648769 0.581281
v 0.822055 14.648769 0.000000
v 0.536175 14.980543 -0.536175
v -0.000000 14.980543 -0.758266
v -0.536175 14.980543 -0.536175
v -0.758266 14.980543 0.000000
v -0.536175 14.980543 0.536175
v -0.000000 14.980543 0.758266
v 0.536175 14.980543 0.536175
v 0.758266 14.980543 0.000000
v 0.410371 15.267848 -0.410371
v -0.000000 15.267848 -0.580352
v -0.410371 15.267848 -0.410371
v -0.580352 15.267848 0.000000
v -0.410371 15.267848 0.410371
v -0.000000 15.267848 0.580352
v 0.410371 15.267848 0.410371
v 0.580352 15.267848 0.000000
v 0.226435 15.458387 -0.226435
v -0.000000 15.458387 -0.320227
v -0.226435 15.458387 -0.226435
v -0.320228 15.458387 0.000000
v -0.226435 15.458387 0.226435
v -0.000000 15.458387 0.320228
v 0.226435 15.458387 0.226435
v 0.320227 15.458387 0.000000
v -0.000000 14.185868 0.000000
v -0.000000 15.530093 0.000000
v 0.510581 14.260269 -0.510581
v 0.552808 14.339118 -0.552808
v -0.000000 14.260269 -0.722070
v -0.000000 14.339118 -0.781789
v -0.510581 14.260269 -0.510581
v -0.552808 14.339118 -0.552808
v -0.722070 14.260269 0.000000
v -0.781789 14.339118 0.000000
v -0.510581 14.260269 0.510581
v -0.552808 14.339118 0.552808
v -0.000000 14.260269 0.722070
v -0.000000 14.339118 0.781789
v 0.510581 14.260269 0.510581
v 0.552808 14.339118 0.552809
v 0.722070 14.260269 0.000000
v 0.781789 14.339118 0.000000
v 0.540358 14.254760 -0.540358
v 0.571986 14.317846 -0.571986
v 0.808910 14.317846 0.000000
v 0.764181 14.254760 0.000000
v -0.000000 14.254760 -0.764181
v -0.000000 14.317846 -0.808910
v -0.540358 14.254760 -0.540358
v -0.571986 14.317846 -0.571986
v -0.764182 14.254760 0.000000
v -0.808910 14.317846 0.000000
v -0.540358 14.254760 0.540358
v -0.571986 14.317846 0.571986
v -0.000000 14.254760 0.764182
v -0.000000 14.317846 0.808911
v 0.540358 14.254760 0.540358
v 0.571986 14.317846 0.571986
v 0.559310 14.261889 -0.559310
v 0.582617 14.309674 -0.582617
v 0.823945 14.309674 0.000000
v 0.790984 14.261889 0.000000
v -0.000000 14.261889 -0.790984
v -0.000000 14.309674 -0.823945
v -0.559310 14.261889 -0.559310
v -0.582618 14.309674 -0.582617
v -0.790984 14.261889 0.000000
v -0.823946 14.309674 0.000000
v -0.559310 14.261889 0.559310
v -0.582618 14.309674 0.582618
v -0.000000 14.261889 0.790984
v -0.000000 14.309674 0.823946
v 0.559310 14.261889 0.559310
v 0.582617 14.309674 0.582618
v -0.000000 14.331254 0.788838
v 0.557793 14.331254 0.557793
v 0.788838 14.331254 0.000000
v 0.557793 14.331254 -0.557792
v -0.000000 14.331254 -0.788838
v -0.557793 14.331254 -0.557793
v -0.788838 14.331254 0.000000
v -0.557793 14.331254 0.557793
v -0.000000 14.387319 0.789779
v -0.558458 14.387319 0.558458
v -0.789779 14.387319 0.000000
v -0.558458 14.387319 -0.558458
v -0.000000 14.387319 -0.789779
v 0.558458 14.387319 -0.558458
v 0.789779 14.387319 0.000000
v 0.558458 14.387319 0.558458
v -0.301750 14.261889 0.728490
v -0.000000 14.286112 0.810433
v -0.314325 14.309674 0.758847
v 0.301750 14.261889 0.728490
v 0.573063 14.286112 0.573063
v 0.314325 14.309674 0.758847
v 0.728490 14.261889 0.301750
v 0.758847 14.309674 0.314325
v -0.000000 14.229991 -0.664158
v 0.275460 14.260269 -0.665020
v 0.469631 14.229991 -0.469631
v -0.469631 14.229991 -0.469631
v -0.275461 14.260269 -0.665020
v -0.664158 14.229991 0.000000
v -0.665021 14.260269 -0.275460
v -0.469631 14.229991 0.469631
v -0.665021 14.260269 0.275461
v -0.000000 14.229991 0.664158
v -0.275461 14.260269 0.665021
v 0.469631 14.229991 0.469631
v 0.275460 14.260269 0.665021
v 0.664158 14.229991 0.000000
v 0.665020 14.260269 0.275461
v 0.665020 14.260269 -0.275460
v 0.298242 14.339118 -0.720021
v -0.000000 14.345503 -0.782070
v 0.301290 14.387319 -0.727379
v 0.553007 14.345503 -0.553007
v -0.298243 14.339118 -0.720021
v -0.553007 14.345503 -0.553007
v -0.301291 14.387319 -0.727379
v -0.720021 14.339118 -0.298242
v -0.782070 14.345503 0.000000
v -0.727380 14.387319 -0.301290
v -0.720021 14.339118 0.298243
v -0.553007 14.345503 0.553007
v -0.727380 14.387319 0.301291
v -0.298243 14.339118 0.720021
v -0.000000 14.345503 0.782070
v -0.301291 14.387319 0.727380
v 0.298242 14.339118 0.720021
v 0.553007 14.345503 0.553007
v 0.301290 14.387319 0.727380
v 0.720021 14.339118 0.298243
v 0.782070 14.345503 0.000000
v 0.727380 14.387319 0.301291
v 0.720021 14.339118 -0.298242
v 0.727380 14.387319 -0.301290
v 0.783776 14.335318 0.000000
v 0.726513 14.331254 -0.300931
v 0.554213 14.335318 -0.554213
v 0.530832 14.262865 -0.530832
v 0.703805 14.254760 -0.291525
v 0.750710 14.262865 0.000000
v -0.000000 14.262865 -0.750710
v 0.291525 14.254760 -0.703805
v 0.300931 14.331254 -0.726513
v -0.000000 14.335318 -0.783776
v -0.530833 14.262865 -0.530832
v -0.291526 14.254760 -0.703805
v -0.300932 14.331254 -0.726513
v -0.554214 14.335318 -0.554213
v -0.750711 14.262865 0.000000
v -0.703805 14.254760 -0.291525
v -0.726513 14.331254 -0.300931
v -0.783776 14.335318 0.000000
v -0.530833 14.262865 0.530833
v -0.703805 14.254760 0.291526
v -0.726513 14.331254 0.300932
v -0.554214 14.335318 0.554214
v -0.000000 14.262865 0.750711
v -0.291526 14.254760 0.703805
v -0.300932 14.331254 0.726513
v -0.000000 14.335318 0.783776
v 0.530832 14.262865 0.530833
v 0.291525 14.254760 0.703805
v 0.300931 14.331254 0.726513
v 0.554214 14.335318 0.554214
v 0.703805 14.254760 0.291526
v 0.726513 14.331254 0.300932
v 0.745000 14.317846 -0.308589
v 0.820535 14.316650 0.000000
v 0.580206 14.316650 -0.580206
v 0.549129 14.252937 -0.549130
v 0.776586 14.252937 0.000000
v -0.000000 14.252937 -0.776586
v 0.308589 14.317846 -0.744999
v -0.000000 14.316650 -0.820535
v -0.549130 14.252937 -0.549130
v -0.308589 14.317846 -0.744999
v -0.580206 14.316650 -0.580206
v -0.776587 14.252937 0.000000
v -0.745000 14.317846 -0.308589
v -0.820535 14.316650 0.000000
v -0.549130 14.252937 0.549130
v -0.745000 14.317846 0.308589
v -0.580206 14.316650 0.580206
v -0.000000 14.252937 0.776587
v -0.308589 14.317846 0.745000
v -0.000000 14.316650 0.820535
v 0.549130 14.252937 0.549130
v 0.308589 14.317846 0.745000
v 0.580206 14.316650 0.580206
v 0.745000 14.317846 0.308589
v -0.000000 14.324071 0.797781
v 0.564116 14.324071 0.564116
v 0.797780 14.324071 0.000000
v 0.564116 14.324071 -0.564116
v -0.000000 14.324071 -0.797780
v -0.564116 14.324071 -0.564116
v -0.797780 14.324071 0.000000
v -0.564116 14.324071 0.564116
v -0.000000 14.497412 0.810074
v -0.572809 14.497412 0.572809
v -0.810074 14.497412 0.000000
v -0.572809 14.497412 -0.572809
v -0.000000 14.497412 -0.810074
v 0.572809 14.497412 -0.572809
v 0.810074 14.497412 0.000000
v 0.572809 14.497412 0.572809
v 0.124908 14.185868 -0.301555
v -0.000000 14.185869 -0.455893
v 0.219667 14.196900 -0.530323
v 0.322365 14.185869 -0.322365
v -0.124908 14.185868 -0.301555
v -0.322366 14.185869 -0.322365
v -0.219667 14.196900 -0.530323
v -0.301556 14.185868 -0.124908
v -0.455894 14.185869 0.000000
v -0.530324 14.196900 -0.219667
v -0.301556 14.185868 0.124908
v -0.322366 14.185869 0.322366
v -0.530324 14.196900 0.219667
v -0.124908 14.185868 0.301556
v -0.000000 14.185869 0.455894
v -0.219667 14.196900 0.530324
v 0.124908 14.185868 0.301556
v 0.322365 14.185869 0.322366
v 0.219667 14.196900 0.530324
v 0.301555 14.185868 0.124908
v 0.455893 14.185869 0.000000
v 0.530323 14.196900 0.219667
v 0.301555 14.185868 -0.124908
v 0.530323 14.196900 -0.219667
v 0.313603 14.648769 -0.757106
v -0.000000 14.814379 -0.804819
v 0.289269 14.980543 -0.698356
v 0.569093 14.814379 -0.569093
v -0.313603 14.648769 -0.757106
v -0.569093 14.814379 -0.569093
v -0.289269 14.980543 -0.698356
v -0.757106 14.648769 -0.313603
v -0.804820 14.814379 0.000000
v -0.698357 14.980543 -0.289269
v -0.757106 14.648769 0.313603
v -0.569093 14.814379 0.569093
v -0.698357 14.980543 0.289269
v -0.313603 14.648769 0.757106
v -0.000000 14.814379 0.804820
v -0.289269 14.980543 0.698357
v 0.313603 14.648769 0.757106
v 0.569093 14.814379 0.569093
v 0.289269 14.980543 0.698357
v 0.757106 14.648769 0.313603
v 0.804819 14.814379 0.000000
v 0.698356 14.980543 0.289269
v 0.757106 14.648769 -0.313603
v 0.698356 14.980543 -0.289269
v -0.000000 15.133555 -0.682293
v 0.221397 15.267848 -0.534499
v 0.482454 15.133555 -0.482454
v -0.482454 15.133555 -0.482454
v -0.221397 15.267848 -0.534499
v -0.682293 15.133555 0.000000
v -0.534499 15.267848 -0.221397
v -0.482454 15.133555 0.482454
v -0.534499 15.267848 0.221397
v -0.000000 15.133555 0.682293
v -0.221397 15.267848 0.534499
v 0.482454 15.133555 0.482454
v 0.221397 15.267848 0.534499
v 0.682293 15.133555 0.000000
v 0.534499 15.267848 0.221397
v 0.534499 15.267848 -0.221397
v -0.000000 15.377843 -0.455893
v 0.124908 15.456954 -0.301555
v 0.322365 15.377843 -0.322365
v -0.322366 15.377843 -0.322365
v -0.124908 15.456954 -0.301555
v -0.455894 15.377843 0.000000
v -0.301556 15.456954 -0.124908
v -0.322366 15.377843 0.322366
v -0.301556 15.456954 0.124908
v -0.000000 15.377843 0.455894
v -0.124908 15.456954 0.301556
v 0.322365 15.377843 0.322366
v 0.124908 15.456954 0.301556
v 0.455894 15.377843 0.000000
v 0.301555 15.456954 0.124908
v 0.301555 15.456954 -0.124908
v 0.130576 14.185868 -0.130576
v -0.000000 14.185868 -0.184662
v -0.130576 14.185868 -0.130576
v -0.184662 14.185868 0.000000
v -0.130576 14.185868 0.130576
v -0.000000 14.185868 0.184662
v 0.130576 14.185868 0.130576
v 0.184662 14.185868 0.000000
v -0.000000 15.504322 -0.184662
v 0.130576 15.504322 -0.130576
v -0.130576 15.504322 -0.130576
v -0.184662 15.504322 0.000000
v -0.130576 15.504322 0.130576
v -0.000000 15.504322 0.184662
v 0.130576 15.504322 0.130576
v 0.184662 15.504322 0.000000
v 0.573062 14.286112 -0.573063
v 0.758847 14.309674 -0.314325
v 0.810433 14.286112 0.000000
v 0.728489 14.261889 -0.301750
v 0.301750 14.261889 -0.728490
v -0.000000 14.286112 -0.810433
v 0.314325 14.309674 -0.758847
v -0.301750 14.261889 -0.728490
v -0.573063 14.286112 -0.573063
v -0.314325 14.309674 -0.758847
v -0.728490 14.261889 -0.301750
v -0.810433 14.286112 0.000000
v -0.758847 14.309674 -0.314325
v -0.728490 14.261889 0.301750
v -0.573063 14.286112 0.573063
v -0.758847 14.309674 0.314325
v 0.173917 14.185869 -0.419874
v -0.173918 14.185869 -0.419874
v -0.419874 14.185869 -0.173917
v -0.419874 14.185869 0.173918
v -0.173918 14.185869 0.419874
v 0.173917 14.185869 0.419874
v 0.419874 14.185869 0.173918
v 0.419874 14.185869 -0.173917
v 0.307028 14.814379 -0.741232
v -0.307028 14.814379 -0.741232
v -0.741232 14.814379 -0.307028
v -0.741232 14.814379 0.307028
v -0.307028 14.814379 0.741232
v 0.307028 14.814379 0.741232
v 0.741232 14.814379 0.307028
v 0.741232 14.814379 -0.307028
v 0.260286 15.133555 -0.628386
v -0.260286 15.133555 -0.628386
v -0.628386 15.133555 -0.260286
v -0.628386 15.133555 0.260286
v -0.260286 15.133555 0.628386
v 0.260286 15.133555 0.628386
v 0.628386 15.133555 0.260286
v 0.628386 15.133555 -0.260286
v 0.173917 15.377843 -0.419874
v -0.173918 15.377843 -0.419874
v -0.419874 15.377843 -0.173917
v -0.419874 15.377843 0.173918
v -0.173918 15.377843 0.419874
v 0.173917 15.377843 0.419874
v 0.419874 15.377843 0.173918
v 0.419874 15.377843 -0.173917
v 0.081429 14.185868 -0.196587
v -0.081429 14.185868 -0.196587
v -0.196587 14.185868 -0.081429
v -0.196587 14.185868 0.081429
v -0.081429 14.185868 0.196587
v 0.081429 14.185868 0.196587
v 0.196587 14.185868 0.081429
v 0.196587 14.185868 -0.081429
v 0.081429 15.498598 -0.196587
v -0.081429 15.498598 -0.196587
v -0.196587 15.498598 -0.081429
v -0.196587 15.498598 0.081429
v -0.081429 15.498598 0.196587
v 0.081429 15.498598 0.196587
v 0.196587 15.498598 0.081429
v 0.196587 15.498598 -0.081429
v 0.746401 14.286112 -0.309170
v 0.309170 14.286112 -0.746402
v -0.309170 14.286112 -0.746402
v -0.746402 14.286112 -0.309170
v -0.746402 14.286112 0.309170
v -0.309170 14.286112 0.746402
v 0.309170 14.286112 0.746402
v 0.746402 14.286112 0.309170
v 0.253368 14.229991 -0.611684
v -0.253368 14.229991 -0.611684
v -0.611684 14.229991 -0.253368
v -0.611684 14.229991 0.253368
v -0.253368 14.229991 0.611684
v 0.253368 14.229991 0.611684
v 0.611684 14.229991 0.253368
v 0.611684 14.229991 -0.253368
v 0.298350 14.345503 -0.720280
v -0.298350 14.345503 -0.720280
v -0.720280 14.345503 -0.298350
v -0.720280 14.345503 0.298350
v -0.298350 14.345503 0.720280
v 0.298350 14.345503 0.720280
v 0.720280 14.345503 0.298350
v 0.720280 14.345503 -0.298350
v 0.721851 14.335318 -0.299000
v 0.691398 14.262865 -0.286386
v 0.286386 14.262865 -0.691398
v 0.299000 14.335318 -0.721851
v -0.286386 14.262865 -0.691398
v -0.299001 14.335318 -0.721851
v -0.691398 14.262865 -0.286386
v -0.721851 14.335318 -0.299000
v -0.691398 14.262865 0.286386
v -0.721851 14.335318 0.299001
v -0.286386 14.262865 0.691398
v -0.299001 14.335318 0.721851
v 0.286386 14.262865 0.691398
v 0.299001 14.335318 0.721851
v 0.691398 14.262865 0.286386
v 0.721851 14.335318 0.299001
v 0.755706 14.316650 -0.313024
v 0.715230 14.252937 -0.296258
v 0.296258 14.252937 -0.715230
v 0.313024 14.316650 -0.755706
v -0.296258 14.252937 -0.715230
v -0.313024 14.316650 -0.755706
v -0.715230 14.252937 -0.296258
v -0.755706 14.316650 -0.313024
v -0.715230 14.252937 0.296258
v -0.755706 14.316650 0.313024
v -0.296258 14.252937 0.715230
v -0.313024 14.316650 0.755706
v 0.296258 14.252937 0.715230
v 0.313024 14.316650 0.755706
v 0.715230 14.252937 0.296258
v 0.755706 14.316650 0.313024
v 0.304343 14.324071 0.734749
v 0.734749 14.324071 0.304343
v 0.734749 14.324071 -0.304343
v 0.304343 14.324071 -0.734749
v -0.304343 14.324071 -0.734749
v -0.734749 14.324071 -0.304343
v -0.734749 14.324071 0.304343
v -0.304343 14.324071 0.734749
v -0.309033 14.497412 0.746072
v -0.746072 14.497412 0.309033
v -0.746072 14.497412 -0.309033
v -0.309033 14.497412 -0.746071
v 0.309033 14.497412 -0.746071
v 0.746071 14.497412 -0.309033
v 0.746071 14.497412 0.309033
v 0.309033 14.497412 0.746072
v 0.104216 6.492947 3.028889
v -0.000000 6.481492 2.993717
v -0.104216 6.492947 3.028889
v -0.147384 6.520601 3.113800
v -0.104216 6.548256 3.198712
v -0.000000 6.559711 3.233883
v 0.104216 6.548256 3.198712
v 0.147383 6.520601 3.113800
v 0.188872 6.552074 2.933340
v -0.000000 6.531316 2.869598
v -0.188872 6.552074 2.933340
v -0.267105 6.602194 3.087226
v -0.188872 6.652314 3.241112
v -0.000000 6.673074 3.304854
v 0.188872 6.652314 3.241112
v 0.267105 6.602194 3.087226
v 0.246773 6.659741 2.846094
v -0.000000 6.632616 2.762812
v -0.246773 6.659741 2.846094
v -0.348989 6.725224 3.047156
v -0.246773 6.790709 3.248218
v -0.000000 6.817834 3.331501
v 0.246773 6.790709 3.248218
v 0.348989 6.725224 3.047156
v 0.267105 6.799470 2.782263
v -0.000000 6.770110 2.692118
v -0.267105 6.799470 2.782263
v -0.377743 6.870348 2.999891
v -0.267105 6.941227 3.217519
v -0.000000 6.970588 3.307663
v 0.267105 6.941227 3.217519
v 0.377743 6.870348 2.999891
v 0.246773 6.949988 2.751563
v -0.000000 6.922863 2.668280
v -0.246773 6.949988 2.751563
v -0.348989 7.015472 2.952625
v -0.246773 7.080956 3.153687
v -0.000000 7.108081 3.236970
v 0.246773 7.080956 3.153687
v 0.348989 7.015472 2.952625
v 0.188872 7.088383 2.758669
v -0.000000 7.067623 2.694928
v -0.188872 7.088383 2.758669
v -0.267105 7.138503 2.912555
v -0.188872 7.188621 3.066442
v -0.000000 7.209381 3.130183
v 0.188872 7.188621 3.066442
v 0.267105 7.138503 2.912555
v 0.104216 7.192441 2.801070
v -0.000000 7.180985 2.765898
v -0.104216 7.192440 2.801070
v -0.147384 7.220095 2.885981
v -0.104216 7.247751 2.970893
v -0.000000 7.259205 3.006064
v 0.104216 7.247751 2.970893
v 0.147383 7.220095 2.885981
v -0.000000 6.489895 3.123801
v -0.000000 7.250801 2.875981
v -0.000000 6.846025 2.673998
v 0.133135 6.930182 2.690746
v 0.261923 6.874813 2.762393
v -0.261923 6.874813 2.762393
v -0.133135 6.930182 2.690746
v -0.370415 6.944317 2.975800
v -0.321416 6.980144 2.844151
v -0.261923 7.013822 3.189206
v -0.321416 7.050801 3.061099
v -0.000000 7.042613 3.277601
v -0.133135 7.100765 3.214504
v 0.261923 7.013822 3.189206
v 0.133135 7.100765 3.214504
v 0.370415 6.944317 2.975800
v 0.321416 7.050801 3.061099
v 0.321416 6.980144 2.844151
v -0.000000 6.997666 2.675429
v 0.101897 7.073222 2.712122
v 0.222048 7.022073 2.750368
v -0.222048 7.022073 2.750368
v -0.101897 7.073222 2.712122
v -0.314023 7.080996 2.931284
v -0.246001 7.111462 2.829533
v -0.222048 7.139919 3.112202
v -0.246001 7.165542 2.995577
v -0.000000 7.164326 3.187140
v -0.101897 7.203782 3.112988
v 0.222048 7.139919 3.112202
v 0.101897 7.203782 3.112988
v 0.314023 7.080996 2.931284
v 0.246001 7.165542 2.995577
v 0.246001 7.111462 2.829533
v -0.000000 7.129925 2.726258
v 0.057489 7.182653 2.773100
v 0.148367 7.146234 2.776330
v -0.148368 7.146234 2.776330
v -0.057489 7.182653 2.773100
v -0.209824 7.185605 2.897214
v -0.138790 7.204226 2.839341
v -0.148368 7.224976 3.018099
v -0.138790 7.234737 2.933021
v -0.000000 7.241283 3.068172
v -0.057489 7.256311 2.999262
v 0.148367 7.224976 3.018099
v 0.057489 7.256311 2.999262
v 0.209823 7.185605 2.897214
v 0.138790 7.234737 2.933021
v 0.138790 7.204226 2.839341
v 0.060097 6.484984 3.071242
v -0.000000 6.478378 3.050960
v -0.060097 6.484984 3.071242
v -0.084990 6.500930 3.120207
v -0.060097 6.516878 3.169172
v -0.000000 6.523484 3.189454
v 0.060097 6.516878 3.169172
v 0.084990 6.500930 3.120207
v -0.000000 7.217213 2.810328
v 0.060097 7.223819 2.830609
v -0.060097 7.223819 2.830609
v -0.084990 7.239765 2.879575
v -0.060097 7.255713 2.928540
v -0.000000 7.262319 2.948822
v 0.060097 7.255713 2.928540
v 0.084990 7.239765 2.879575
v 0.057489 6.484385 3.000519
v -0.000000 6.499413 2.931610
v 0.101897 6.536915 2.886793
v 0.148367 6.515721 2.981682
v -0.057489 6.484385 3.000519
v -0.148368 6.515721 2.981682
v -0.101897 6.536915 2.886793
v -0.138790 6.505960 3.066761
v -0.209824 6.555092 3.102567
v -0.246001 6.575155 3.004204
v -0.138790 6.536470 3.160440
v -0.148368 6.594464 3.223452
v -0.246001 6.629235 3.170249
v -0.057489 6.558045 3.226682
v -0.000000 6.610772 3.273524
v -0.101897 6.667474 3.287660
v 0.057489 6.558045 3.226682
v 0.148367 6.594464 3.223452
v 0.101897 6.667474 3.287660
v 0.138790 6.536470 3.160440
v 0.209823 6.555092 3.102567
v 0.246001 6.629235 3.170249
v 0.138790 6.505960 3.066761
v 0.246001 6.575155 3.004204
v -0.000000 6.576371 2.812642
v 0.133135 6.639932 2.785277
v 0.222048 6.600778 2.887580
v -0.222048 6.600778 2.887580
v -0.133135 6.639932 2.785277
v -0.314023 6.659701 3.068497
v -0.321416 6.689895 2.938683
v -0.222048 6.718625 3.249414
v -0.321416 6.760554 3.155630
v -0.000000 6.743032 3.324352
v -0.133135 6.810516 3.309035
v 0.222048 6.718625 3.249414
v 0.133135 6.810516 3.309035
v 0.314023 6.659701 3.068497
v 0.321416 6.760554 3.155630
v 0.321416 6.689895 2.938683
v -0.000000 6.698085 2.722180
v 0.144104 6.778029 2.716435
v 0.261923 6.726875 2.810576
v -0.261923 6.726875 2.810576
v -0.144104 6.778029 2.716435
v -0.370415 6.796379 3.023982
v -0.347899 6.832108 2.882479
v -0.261923 6.865883 3.237388
v -0.347899 6.908589 3.117302
v -0.000000 6.894673 3.325784
v -0.144104 6.962667 3.283346
v 0.261923 6.865883 3.237388
v 0.144104 6.962667 3.283346
v 0.370415 6.796379 3.023982
v 0.347898 6.908589 3.117302
v 0.347898 6.832108 2.882479
v 0.080045 6.503812 2.945117
v -0.080045 6.503812 2.945117
v -0.193246 6.533851 3.037349
v -0.193246 6.576332 3.167785
v -0.080045 6.606373 3.260017
v 0.080045 6.606373 3.260017
v 0.193246 6.576332 3.167785
v 0.193246 6.533851 3.037349
v 0.119796 6.582955 2.832856
v -0.119796 6.582955 2.832856
v -0.289213 6.627912 2.970891
v -0.289213 6.691491 3.166102
v -0.119796 6.736447 3.304137
v 0.119796 6.736447 3.304137
v 0.289212 6.691491 3.166102
v 0.289212 6.627912 2.970891
v 0.141309 6.705851 2.746025
v -0.141309 6.705851 2.746025
v -0.341150 6.758882 2.908849
v -0.341150 6.833877 3.139115
v -0.141309 6.886908 3.301939
v 0.141309 6.886908 3.301939
v 0.341149 6.833877 3.139115
v 0.341149 6.758882 2.908849
v 0.141309 6.853789 2.697843
v -0.141309 6.853789 2.697843
v -0.341150 6.906818 2.860666
v -0.341150 6.981815 3.090933
v -0.141309 7.034846 3.253756
v 0.141309 7.034846 3.253756
v 0.341149 6.981815 3.090933
v 0.341149 6.906818 2.860666
v 0.119796 7.004251 2.695644
v -0.119796 7.004251 2.695644
v -0.289213 7.049207 2.833679
v -0.289213 7.112785 3.028890
v -0.119796 7.157742 3.166925
v 0.119796 7.157742 3.166925
v 0.289212 7.112785 3.028890
v 0.289212 7.049207 2.833679
v 0.080045 7.134324 2.739765
v -0.080045 7.134324 2.739765
v -0.193246 7.164363 2.831996
v -0.193246 7.206846 2.962432
v -0.080045 7.236884 3.054664
v 0.080045 7.236884 3.054665
v 0.193246 7.206846 2.962432
v 0.193246 7.164363 2.831996
v 0.037477 6.479374 3.045690
v -0.037478 6.479374 3.045690
v -0.090479 6.493438 3.088873
v -0.090479 6.513328 3.149943
v -0.037478 6.527393 3.193127
v 0.037477 6.527393 3.193127
v 0.090478 6.513328 3.149943
v 0.090478 6.493438 3.088873
v 0.037477 7.213305 2.806654
v -0.037478 7.213305 2.806654
v -0.090479 7.227369 2.849838
v -0.090479 7.247260 2.910908
v -0.037478 7.261323 2.954092
v 0.037477 7.261323 2.954092
v 0.090478 7.247260 2.910908
v 0.090478 7.227369 2.849838
v 0.893049 7.869897 2.009257
v 0.770898 7.869897 2.049005
v 0.698348 7.869897 2.155010
v 0.717897 7.869897 2.265178
v 0.818095 7.869897 2.314972
v 0.940246 7.869897 2.275225
v 1.012796 7.869897 2.169219
v 0.993247 7.869897 2.059052
v 0.923492 7.964938 1.885089
v 0.702116 7.964938 1.957124
v 0.570632 7.964938 2.149240
v 0.606062 7.964938 2.348897
v 0.787651 7.964938 2.439140
v 1.009027 7.964938 2.367105
v 1.140511 7.964938 2.174990
v 1.105081 7.964938 1.975332
v 0.944314 8.108248 1.800163
v 0.655072 8.108248 1.894282
v 0.483281 8.108248 2.145293
v 0.529572 8.108248 2.406158
v 0.766830 8.108248 2.524065
v 1.056071 8.108248 2.429947
v 1.227863 8.108248 2.178936
v 1.181572 8.108248 1.918071
v 0.951625 8.277290 1.770341
v 0.638553 8.277290 1.872214
v 0.452607 8.277290 2.143907
v 0.502712 8.277290 2.426265
v 0.759518 8.277290 2.553888
v 1.072591 8.277290 2.452015
v 1.258537 8.277290 2.180322
v 1.208431 8.277290 1.897964
v 0.944314 8.446335 1.800163
v 0.655072 8.446335 1.894282
v 0.483281 8.446335 2.145293
v 0.529572 8.446335 2.406158
v 0.766830 8.446335 2.524066
v 1.056071 8.446335 2.429947
v 1.227863 8.446335 2.178936
v 1.181572 8.446335 1.918071
v 0.923492 8.589643 1.885089
v 0.702116 8.589644 1.957124
v 0.570632 8.589644 2.149240
v 0.606062 8.589644 2.348897
v 0.787652 8.589644 2.439140
v 1.009027 8.589644 2.367105
v 1.140511 8.589644 2.174989
v 1.105081 8.589644 1.975332
v 0.893049 8.684686 2.009257
v 0.770898 8.684686 2.049005
v 0.698347 8.684686 2.155011
v 0.717897 8.684686 2.265178
v 0.818095 8.684686 2.314972
v 0.940246 8.684686 2.275225
v 1.012796 8.684686 2.169219
v 0.993246 8.684686 2.059052
v 0.855572 7.834129 2.162115
v 0.855572 8.720452 2.162115
v 0.806744 8.707598 2.096889
v 0.877183 8.707598 2.073968
v 0.764907 8.707598 2.158018
v 0.776181 8.707598 2.221547
v 0.833960 8.707598 2.250261
v 0.904400 8.707598 2.227341
v 0.946237 8.707598 2.166211
v 0.934963 8.707598 2.102682
v 0.829537 7.870611 2.015399
v 0.735025 7.910073 2.001085
v 0.809425 7.964938 1.902065
v 0.908926 7.910073 1.944498
v 0.722133 7.870611 2.095801
v 0.631738 7.910073 2.152001
v 0.619056 7.964938 2.044575
v 0.692897 7.870611 2.215049
v 0.659570 7.910073 2.308841
v 0.567234 7.964938 2.255939
v 0.758953 7.870611 2.303288
v 0.802217 7.910073 2.379731
v 0.684317 7.964938 2.412341
v 0.881607 7.870611 2.308830
v 0.976119 7.910073 2.323144
v 0.901719 7.964938 2.422164
v 0.989010 7.870611 2.228428
v 1.079405 7.910073 2.172228
v 1.092088 7.964938 2.279654
v 1.018247 7.870611 2.109181
v 1.051573 7.910073 2.015388
v 1.143909 7.964938 2.068290
v 0.952191 7.870611 2.020941
v 1.026826 7.964938 1.911888
v 0.675161 8.031924 1.921117
v 0.795278 8.108248 1.822343
v 0.935422 8.031924 1.836428
v 0.520582 8.031924 2.146979
v 0.546549 8.108248 2.008542
v 0.562235 8.031924 2.381706
v 0.478841 8.108248 2.284702
v 0.775721 8.031924 2.487801
v 0.631817 8.108248 2.489051
v 1.035983 8.031924 2.403112
v 0.915865 8.108248 2.501886
v 1.190562 8.031924 2.177251
v 1.164595 8.108248 2.315687
v 1.148909 8.031924 1.942523
v 1.232303 8.108248 2.039527
v 1.079327 8.108248 1.835178
v 0.642763 8.191130 1.877838
v 0.790310 8.277290 1.794349
v 0.949762 8.191130 1.777941
v 0.460424 8.191130 2.144260
v 0.521088 8.277290 1.995889
v 0.509557 8.191130 2.421141
v 0.447801 8.277290 2.294802
v 0.761382 8.191130 2.546288
v 0.613381 8.277290 2.515988
v 1.068381 8.191130 2.446391
v 0.920833 8.277290 2.529880
v 1.250720 8.191130 2.179969
v 1.190056 8.277290 2.328340
v 1.201586 8.191130 1.903088
v 1.263342 8.277290 2.029427
v 1.097762 8.277290 1.808241
v 0.642763 8.363453 1.877838
v 0.795278 8.446335 1.822343
v 0.949762 8.363453 1.777941
v 0.460424 8.363453 2.144260
v 0.546549 8.446335 2.008542
v 0.509557 8.363453 2.421141
v 0.478841 8.446335 2.284702
v 0.761382 8.363453 2.546288
v 0.631817 8.446335 2.489051
v 1.068381 8.363453 2.446391
v 0.915865 8.446335 2.501886
v 1.250720 8.363453 2.179969
v 1.164595 8.446335 2.315687
v 1.201586 8.363453 1.903088
v 1.232303 8.446335 2.039527
v 1.079327 8.446335 1.835178
v 0.675161 8.522658 1.921117
v 0.809425 8.589644 1.902065
v 0.935422 8.522658 1.836428
v 0.520582 8.522658 2.146979
v 0.619056 8.589644 2.044575
v 0.562235 8.522658 2.381706
v 0.567234 8.589644 2.255939
v 0.775721 8.522658 2.487801
v 0.684317 8.589644 2.412341
v 1.035983 8.522658 2.403112
v 0.901719 8.589644 2.422164
v 1.190562 8.522658 2.177251
v 1.092088 8.589644 2.279654
v 1.148909 8.522658 1.942523
v 1.143909 8.589644 2.068290
v 1.026826 8.589644 1.911888
v 0.735025 8.644509 2.001085
v 0.829537 8.683971 2.015399
v 0.908926 8.644509 1.944498
v 0.631738 8.644509 2.152001
v 0.722133 8.683971 2.095801
v 0.659570 8.644509 2.308841
v 0.692897 8.683971 2.215049
v 0.802217 8.644509 2.379731
v 0.758953 8.683971 2.303288
v 0.976119 8.644509 2.323144
v 0.881607 8.683971 2.308830
v 1.079405 8.644509 2.172228
v 0.989010 8.683971 2.228428
v 1.051573 8.644509 2.015388
v 1.018247 8.683971 2.109181
v 0.952191 8.683971 2.020941
v 0.877183 7.846983 2.073968
v 0.806744 7.846983 2.096889
v 0.764907 7.846983 2.158018
v 0.776181 7.846983 2.221547
v 0.833960 7.846983 2.250261
v 0.904400 7.846983 2.227341
v 0.946237 7.846983 2.166211
v 0.934963 7.846983 2.102682
v 0.819321 7.910072 1.957833
v 0.669777 7.910072 2.069782
v 0.629069 7.910072 2.235818
v 0.721043 7.910072 2.358679
v 0.891822 7.910072 2.366396
v 1.041366 7.910072 2.254447
v 1.082075 7.910072 2.088412
v 0.990100 7.910072 1.965550
v 0.801319 8.031924 1.856386
v 0.577511 8.031924 2.023929
v 0.516587 8.031924 2.272419
v 0.654235 8.031924 2.456295
v 0.909824 8.031924 2.467843
v 1.133633 8.031924 2.300300
v 1.194557 8.031924 2.051810
v 1.056908 8.031924 1.867935
v 0.791576 8.191130 1.801483
v 0.527576 8.191130 1.999114
v 0.455712 8.191130 2.292228
v 0.618079 8.191130 2.509123
v 0.919567 8.191130 2.522746
v 1.183567 8.191130 2.325116
v 1.255432 8.191130 2.032001
v 1.093064 8.191130 1.815106
v 0.791576 8.363452 1.801483
v 0.527576 8.363452 1.999114
v 0.455712 8.363452 2.292228
v 0.618079 8.363452 2.509123
v 0.919567 8.363452 2.522746
v 1.183567 8.363452 2.325115
v 1.255432 8.363452 2.032001
v 1.093064 8.363452 1.815106
v 0.801319 8.522658 1.856386
v 0.577511 8.522658 2.023929
v 0.516587 8.522658 2.272419
v 0.654235 8.522658 2.456295
v 0.909824 8.522658 2.467843
v 1.133633 8.522658 2.300300
v 1.194557 8.522658 2.051810
v 1.056908 8.522658 1.867935
v 0.819321 8.644509 1.957833
v 0.669777 8.644509 2.069782
v 0.629069 8.644509 2.235818
v 0.721043 8.644509 2.358679
v 0.891822 8.644509 2.366396
v 1.041366 8.644509 2.254447
v 1.082075 8.644509 2.088411
v 0.990100 8.644509 1.965550
v 0.838599 7.849840 2.066469
v 0.768582 7.849840 2.118884
v 0.749522 7.849840 2.196623
v 0.792585 7.849840 2.254147
v 0.872544 7.849840 2.257760
v 0.942562 7.849840 2.205345
v 0.961621 7.849840 2.127606
v 0.918559 7.849840 2.070082
v 0.838599 8.704742 2.066469
v 0.768582 8.704742 2.118884
v 0.749522 8.704742 2.196623
v 0.792585 8.704742 2.254147
v 0.872544 8.704742 2.257760
v 0.942562 8.704742 2.205345
v 0.961621 8.704742 2.127606
v 0.918559 8.704742 2.070082
v 1.586432 3.171183 0.377542
v 1.585381 3.307368 0.250899
v 1.456985 3.279897 0.113489
v 1.445997 3.065420 0.136289
v 1.457160 3.042620 0.349020
v 1.988550 3.042694 0.348956
v 1.999714 3.065778 0.135823
v 1.988550 3.282135 0.110612
v 1.858893 3.308742 0.250433
v 1.859068 3.171396 0.377478
v 1.470705 3.579983 0.104460
v 1.589478 3.583141 0.223235
v 1.589864 3.703284 0.104083
v 1.855875 3.703284 0.104083
v 1.856015 3.583372 0.223154
v 1.974999 3.580359 0.103978
v 1.470775 3.579721 -0.161865
v 1.589864 3.703284 -0.161928
v 1.589864 3.579766 -0.281017
v 1.855875 3.579766 -0.281017
v 1.855875 3.703284 -0.161928
v 1.974963 3.579779 -0.161945
v 1.458176 3.071110 -0.159858
v 1.458176 3.279296 -0.162358
v 1.588604 3.279664 -0.293616
v 1.588604 3.071762 -0.293616
v 1.857134 3.071762 -0.293616
v 1.857134 3.279664 -0.293616
v 1.987562 3.279637 -0.162841
v 1.987562 3.071167 -0.159938
v 1.470775 2.823592 -0.157601
v 1.589864 2.823693 -0.281017
v 1.589864 2.708848 -0.157500
v 1.855875 2.708848 -0.157500
v 1.855875 2.823693 -0.281017
v 1.974963 2.823592 -0.157601
v 1.857134 2.696250 0.348583
v 1.857134 2.696250 0.142603
v 1.987562 2.821336 0.141951
v 1.987562 2.818835 0.348215
v 1.458176 2.818835 0.348215
v 1.458176 2.821336 0.141951
v 1.588604 2.696250 0.142603
v 1.588604 2.696250 0.348583
v 1.589864 3.033243 0.698047
v 1.589688 3.143722 0.588709
v 1.470740 3.033619 0.585376
v 1.974999 3.033619 0.585376
v 1.856050 3.143722 0.588709
v 1.855875 3.033243 0.698047
v 1.589864 2.819265 0.698047
v 1.470775 2.819328 0.585079
v 1.589864 2.708848 0.585124
v 1.855875 2.819265 0.698047
v 1.855875 2.708848 0.585124
v 1.974963 2.819328 0.585079
v 1.852095 3.665486 -0.243220
v 1.722869 3.581026 -0.293616
v 1.937167 3.575986 -0.243220
v 1.987562 3.433526 -0.163258
v 1.942206 3.279664 -0.248260
v 1.857134 3.433476 -0.293616
v 1.503532 3.071762 -0.248260
v 1.588604 2.943966 -0.293616
v 1.508572 2.827473 -0.243220
v 1.458176 2.943561 -0.159165
v 1.588604 3.171377 -0.293616
v 1.722869 3.279664 -0.308735
v 1.857134 3.171377 -0.293616
v 1.722869 3.071762 -0.308735
v 1.942206 3.071762 -0.248260
v 1.987562 2.943561 -0.159165
v 1.937167 2.827473 -0.243220
v 1.857134 2.943966 -0.293616
v 1.508572 2.746646 -0.153720
v 1.588604 2.696250 -0.011210
v 1.503532 2.741606 0.142603
v 1.458176 2.822029 -0.011615
v 1.593643 2.746646 -0.243220
v 1.722869 2.822434 -0.293616
v 1.852095 2.746646 -0.243220
v 1.722869 2.696250 -0.158760
v 1.937167 2.746646 -0.153720
v 1.987562 2.822029 -0.011615
v 1.942206 2.741606 0.142603
v 1.857134 2.696250 -0.011210
v 1.942206 2.741606 0.348583
v 1.987562 2.818257 0.470437
v 1.937167 2.746646 0.581344
v 1.857134 2.696250 0.470615
v 1.857134 2.696250 0.250890
v 1.722869 2.681131 0.348583
v 1.588604 2.696250 0.250890
v 1.722869 2.681131 0.142603
v 1.503532 2.741606 0.348583
v 1.588604 2.696250 0.470615
v 1.508572 2.746646 0.581344
v 1.458176 2.818257 0.470437
v 1.508572 3.029463 0.660250
v 1.458176 2.926505 0.586206
v 1.508572 2.823045 0.660250
v 1.588604 2.926254 0.710646
v 1.593643 3.105863 0.660250
v 1.722869 3.034502 0.710646
v 1.852095 3.105863 0.660250
v 1.722869 3.156259 0.590531
v 1.937167 3.029463 0.660250
v 1.857134 2.926254 0.710646
v 1.937167 2.823045 0.660250
v 1.987562 2.926505 0.586206
v 1.593643 2.746646 0.660250
v 1.722869 2.696250 0.586384
v 1.852095 2.746646 0.660250
v 1.722869 2.818006 0.710646
v 1.499471 3.126788 0.357687
v 1.458035 3.036010 0.471622
v 1.508431 3.106114 0.583240
v 1.587903 3.156509 0.484954
v 1.583421 3.214701 0.295028
v 1.722729 3.186075 0.384161
v 1.861364 3.215556 0.294770
v 1.722028 3.314400 0.265728
v 1.498770 3.287954 0.206413
v 1.587062 3.446975 0.236022
v 1.508291 3.577743 0.185626
v 1.457895 3.434343 0.106851
v 1.454816 3.167974 0.130387
v 1.443057 3.278193 -0.025605
v 1.458176 3.170794 -0.161127
v 1.443057 3.069155 -0.015602
v 1.454816 3.059434 0.247599
v 1.443057 2.939574 0.139995
v 1.458176 2.820066 0.250307
v 1.443057 2.929571 0.347112
v 1.946155 3.127081 0.357430
v 1.857836 3.156509 0.484954
v 1.937307 3.106114 0.583240
v 1.987703 3.036010 0.471622
v 1.990811 3.059727 0.247342
v 2.002681 2.929571 0.347112
v 1.987562 2.820066 0.250307
v 2.002681 2.939574 0.139995
v 1.990811 3.169404 0.128523
v 2.002681 3.069381 -0.015924
v 1.987562 3.171021 -0.161449
v 2.002681 3.279556 -0.027534
v 1.946155 3.290086 0.204549
v 1.987703 3.435848 0.104923
v 1.937307 3.578110 0.185305
v 1.857695 3.447903 0.235701
v 1.508572 3.665486 0.100303
v 1.588604 3.715882 -0.028922
v 1.508572 3.665486 -0.158148
v 1.458176 3.580848 -0.028671
v 1.593643 3.665486 0.185375
v 1.722729 3.585034 0.235771
v 1.852095 3.665486 0.185375
v 1.722869 3.715882 0.105343
v 1.937167 3.665486 0.100303
v 1.987562 3.581075 -0.028992
v 1.937167 3.665486 -0.158148
v 1.857134 3.715882 -0.028922
v 1.508572 3.575986 -0.243220
v 1.588604 3.433476 -0.293616
v 1.503532 3.279664 -0.248260
v 1.458176 3.433298 -0.162936
v 1.593643 3.665486 -0.243220
v 1.722869 3.715882 -0.163188
v 1.502971 3.111907 0.478199
v 1.722308 3.230169 0.310243
v 1.502410 3.440500 0.191420
v 1.443057 3.169046 -0.020681
v 1.443057 2.934495 0.248559
v 1.942767 3.111907 0.478199
v 2.002681 2.934495 0.248559
v 2.002681 3.169955 -0.021966
v 1.942767 3.441970 0.190135
v 1.503532 3.670527 -0.028922
v 1.722869 3.670527 0.190415
v 1.942206 3.670527 -0.028922
v 1.503532 3.433476 -0.248260
v 1.722869 3.670527 -0.248260
v 1.942206 3.433476 -0.248260
v 1.503532 2.943967 -0.248260
v 1.722869 3.171377 -0.308735
v 1.942206 2.943967 -0.248260
v 1.503532 2.741606 -0.011210
v 1.722869 2.741606 -0.248260
v 1.942206 2.741606 -0.011210
v 1.942206 2.741606 0.470615
v 1.722869 2.681131 0.250890
v 1.503532 2.741606 0.470615
v 1.503532 2.926254 0.665290
v 1.722869 3.110902 0.665290
v 1.942206 2.926254 0.665290
v 1.722869 2.741606 0.665290
v 1.722308 3.449507 0.250890
v 1.722869 3.731001 -0.028922
v 1.722869 3.433476 -0.308735
v 1.722869 2.681131 -0.011210
v 2.002681 3.433674 -0.029203
v 1.443057 3.432765 -0.027917
v 1.722869 2.943967 -0.308735
v 2.002681 2.942347 -0.012830
v 1.722869 2.926254 0.725765
v 1.443057 2.942347 -0.012830
v 1.722869 3.171377 0.487206
v 1.443057 2.927259 0.469904
v 1.722869 2.681131 0.470615
v 2.002681 2.927259 0.469904
v 1.490091 3.169419 0.249381
v 1.955199 3.170595 0.248352
v 1.523690 3.650368 0.170256
v 1.922048 3.650368 0.170256
v 1.523690 3.650368 -0.228101
v 1.922048 3.650368 -0.228101
v 1.503532 3.171377 -0.248260
v 1.942206 3.171377 -0.248260
v 1.523690 2.761764 -0.228101
v 1.922048 2.761764 -0.228101
v 1.942206 2.741606 0.250890
v 1.503532 2.741606 0.250890
v 1.523690 3.090744 0.645132
v 1.922048 3.090744 0.645132
v 1.523690 2.761764 0.645132
v 1.922048 2.761764 0.645132
v -0.474428 5.495658 3.379774
v -0.000000 5.320240 3.448824
v 0.474428 5.495658 3.379774
v -0.533731 5.749688 3.315238
v -0.000000 5.728634 3.340410
v 0.533731 5.749688 3.315238
v -0.474428 5.935463 3.242965
v -0.000000 5.962501 3.249039
v 0.474428 5.935463 3.242965
v -0.533731 5.925528 3.130183
v -0.000000 5.955007 3.121013
v 0.533731 5.925528 3.130183
v -0.474428 5.869736 3.031664
v -0.000000 5.888555 3.011326
v 0.474428 5.869736 3.031664
v -0.533731 5.675742 3.077524
v -0.000000 5.644126 3.068737
v 0.533731 5.675742 3.077524
v -0.474428 5.429929 3.168473
v -0.000000 5.246295 3.211111
v 0.474428 5.429929 3.168473
v -0.533731 5.462349 3.274262
v -0.000000 5.220995 3.349339
v 0.533731 5.462349 3.274262
v 0.609978 5.717982 3.194743
v -0.609979 5.717982 3.194743
v -0.533731 5.800117 3.038836
v 0.533731 5.800117 3.038836
v 0.304989 5.654659 3.065460
v -0.000000 5.427830 3.136019
v -0.304989 5.320035 3.188173
v -0.533731 5.538454 3.120230
v 0.533731 5.538454 3.120230
v 0.304989 5.320035 3.188173
v -0.000000 5.199869 3.281420
v -0.304989 5.305270 3.323124
v -0.533731 5.441222 3.206343
v 0.533731 5.441222 3.206343
v 0.304989 5.305270 3.323124
v -0.000000 5.242123 3.417257
v -0.533731 5.483476 3.342180
v 0.533731 5.483476 3.342180
v 0.609978 5.696855 3.126825
v 0.609978 5.596494 3.232533
v 0.609978 5.739109 3.262661
v 0.609978 5.837090 3.157693
v -0.609979 5.596494 3.232533
v -0.609979 5.696855 3.126825
v -0.609979 5.739109 3.262661
v -0.609979 5.837090 3.157693
v -0.304989 5.393980 3.425887
v -0.000000 5.512338 3.407692
v -0.304989 5.739169 3.337133
v -0.533731 5.612398 3.357944
v 0.304989 5.393980 3.425887
v 0.533731 5.612398 3.357944
v 0.304989 5.739169 3.337133
v -0.000000 5.879343 3.293529
v -0.304989 5.962501 3.249039
v -0.533731 5.874063 3.276549
v 0.533731 5.874063 3.276549
v 0.304989 5.962501 3.249039
v -0.000000 5.976134 3.188931
v -0.304989 5.955007 3.121013
v -0.533731 5.946654 3.198101
v 0.533731 5.946654 3.198101
v 0.304989 5.955007 3.121013
v -0.000000 5.933880 3.053094
v -0.304989 5.888555 3.011326
v -0.533731 5.904401 3.062264
v 0.533731 5.904401 3.062264
v 0.304989 5.888555 3.011326
v -0.000000 5.794836 3.021856
v -0.304989 5.654659 3.065460
v -0.304989 5.554475 3.394584
v 0.304989 5.554475 3.394584
v -0.304989 5.879343 3.293529
v 0.304989 5.879343 3.293529
v -0.304989 5.976134 3.188931
v 0.304989 5.976134 3.188931
v -0.304989 5.933880 3.053094
v 0.304989 5.933880 3.053094
v -0.304989 5.794836 3.021856
v 0.304989 5.794836 3.021856
v -0.304989 5.469967 3.122912
v 0.304989 5.469967 3.122912
v -0.304989 5.284143 3.255206
v 0.304989 5.284142 3.255206
v -0.304989 5.326396 3.391042
v 0.304989 5.326396 3.391042
v 0.609978 5.575367 3.164616
v 0.609978 5.617620 3.300452
v 0.609978 5.815963 3.089774
v 0.609978 5.858216 3.225611
v -0.609979 5.575367 3.164616
v -0.609979 5.617620 3.300452
v -0.609979 5.815963 3.089774
v -0.609979 5.858216 3.225611
v -1.586432 3.171183 0.377542
v -1.585381 3.307368 0.250899
v -1.456985 3.279897 0.113489
v -1.445997 3.065420 0.136289
v -1.457161 3.042620 0.349020
v -1.988550 3.042694 0.348956
v -1.999714 3.065778 0.135823
v -1.988550 3.282135 0.110612
v -1.858893 3.308742 0.250433
v -1.859068 3.171396 0.377478
v -1.470705 3.579983 0.104460
v -1.589478 3.583141 0.223235
v -1.589864 3.703284 0.104083
v -1.855875 3.703284 0.104083
v -1.856015 3.583372 0.223154
v -1.974999 3.580359 0.103978
v -1.470775 3.579721 -0.161865
v -1.589864 3.703284 -0.161928
v -1.589864 3.579766 -0.281017
v -1.855875 3.579766 -0.281017
v -1.855875 3.703284 -0.161928
v -1.974964 3.579779 -0.161945
v -1.458176 3.071110 -0.159858
v -1.458176 3.279296 -0.162358
v -1.588604 3.279664 -0.293616
v -1.588604 3.071762 -0.293616
v -1.857135 3.071762 -0.293616
v -1.857135 3.279664 -0.293616
v -1.987563 3.279637 -0.162841
v -1.987563 3.071167 -0.159938
v -1.470775 2.823592 -0.157601
v -1.589864 2.823693 -0.281017
v -1.589864 2.708848 -0.157500
v -1.855875 2.708848 -0.157500
v -1.855875 2.823693 -0.281017
v -1.974964 2.823592 -0.157601
v -1.857135 2.696250 0.348583
v -1.857135 2.696250 0.142603
v -1.987563 2.821336 0.141951
v -1.987563 2.818835 0.348215
v -1.458176 2.818835 0.348215
v -1.458176 2.821336 0.141951
v -1.588604 2.696250 0.142603
v -1.588604 2.696250 0.348583
v -1.589864 3.033243 0.698047
v -1.589689 3.143722 0.588709
v -1.470740 3.033619 0.585376
v -1.974999 3.033619 0.585376
v -1.856050 3.143722 0.588709
v -1.855875 3.033243 0.698047
v -1.589864 2.819265 0.698047
v -1.470775 2.819328 0.585079
v -1.589864 2.708848 0.585124
v -1.855875 2.819265 0.698047
v -1.855875 2.708848 0.585124
v -1.974964 2.819328 0.585079
v -1.852095 3.665486 -0.243220
v -1.722869 3.581026 -0.293616
v -1.937167 3.575986 -0.243220
v -1.987563 3.433526 -0.163258
v -1.942206 3.279664 -0.248260
v -1.857135 3.433476 -0.293616
v -1.503532 3.071762 -0.248260
v -1.588604 2.943966 -0.293616
v -1.508572 2.827473 -0.243220
v -1.458176 2.943561 -0.159165
v -1.588604 3.171377 -0.293616
v -1.722869 3.279664 -0.308735
v -1.857135 3.171377 -0.293616
v -1.722869 3.071762 -0.308735
v -1.942206 3.071762 -0.248260
v -1.987563 2.943561 -0.159165
v -1.937167 2.827473 -0.243220
v -1.857135 2.943966 -0.293616
v -1.508572 2.746646 -0.153720
v -1.588604 2.696250 -0.011210
v -1.503532 2.741606 0.142603
v -1.458176 2.822029 -0.011615
v -1.593643 2.746646 -0.243220
v -1.722869 2.822434 -0.293616
v -1.852095 2.746646 -0.243220
v -1.722869 2.696250 -0.158760
v -1.937167 2.746646 -0.153720
v -1.987563 2.822029 -0.011615
v -1.942206 2.741606 0.142603
v -1.857135 2.696250 -0.011210
v -1.942206 2.741606 0.348583
v -1.987563 2.818257 0.470437
v -1.937167 2.746646 0.581344
v -1.857135 2.696250 0.470615
v -1.857135 2.696250 0.250890
v -1.722869 2.681131 0.348583
v -1.588604 2.696250 0.250890
v -1.722869 2.681131 0.142603
v -1.503532 2.741606 0.348583
v -1.588604 2.696250 0.470615
v -1.508572 2.746646 0.581344
v -1.458176 2.818257 0.470437
v -1.508572 3.029463 0.660250
v -1.458176 2.926505 0.586206
v -1.508572 2.823045 0.660250
v -1.588604 2.926254 0.710646
v -1.593643 3.105863 0.660250
v -1.722869 3.034502 0.710646
v -1.852095 3.105863 0.660250
v -1.722869 3.156259 0.590531
v -1.937167 3.029463 0.660250
v -1.857135 2.926254 0.710646
v -1.937167 2.823045 0.660250
v -1.987563 2.926505 0.586206
v -1.593643 2.746646 0.660250
v -1.722869 2.696250 0.586384
v -1.852095 2.746646 0.660250
v -1.722869 2.818006 0.710646
v -1.499471 3.126788 0.357687
v -1.458036 3.036010 0.471622
v -1.508432 3.106114 0.583240
v -1.587903 3.156509 0.484954
v -1.583421 3.214701 0.295028
v -1.722729 3.186075 0.384161
v -1.861364 3.215556 0.294770
v -1.722028 3.314400 0.265728
v -1.498770 3.287954 0.206413
v -1.587062 3.446975 0.236022
v -1.508291 3.577743 0.185626
v -1.457896 3.434343 0.106851
v -1.454816 3.167974 0.130387
v -1.443057 3.278193 -0.025605
v -1.458176 3.170794 -0.161127
v -1.443057 3.069155 -0.015602
v -1.454816 3.059434 0.247599
v -1.443057 2.939574 0.139995
v -1.458176 2.820066 0.250307
v -1.443057 2.929571 0.347112
v -1.946156 3.127081 0.357430
v -1.857836 3.156509 0.484954
v -1.937307 3.106114 0.583240
v -1.987703 3.036010 0.471622
v -1.990811 3.059727 0.247342
v -2.002681 2.929571 0.347112
v -1.987563 2.820066 0.250307
v -2.002681 2.939574 0.139995
v -1.990811 3.169404 0.128523
v -2.002681 3.069381 -0.015924
v -1.987563 3.171021 -0.161449
v -2.002681 3.279556 -0.027534
v -1.946156 3.290086 0.204549
v -1.987703 3.435848 0.104923
v -1.937307 3.578110 0.185305
v -1.857696 3.447903 0.235701
v -1.508572 3.665486 0.100303
v -1.588604 3.715882 -0.028922
v -1.508572 3.665486 -0.158148
v -1.458176 3.580848 -0.028671
v -1.593643 3.665486 0.185375
v -1.722729 3.585034 0.235771
v -1.852095 3.665486 0.185375
v -1.722869 3.715882 0.105343
v -1.937167 3.665486 0.100303
v -1.987563 3.581075 -0.028992
v -1.937167 3.665486 -0.158148
v -1.857135 3.715882 -0.028922
v -1.508572 3.575986 -0.243220
v -1.588604 3.433476 -0.293616
v -1.503532 3.279664 -0.248260
v -1.458176 3.433298 -0.162936
v -1.593643 3.665486 -0.243220
v -1.722869 3.715882 -0.163188
v -1.502971 3.111907 0.478199
v -1.722309 3.230169 0.310243
v -1.502411 3.440500 0.191420
v -1.443057 3.169046 -0.020681
v -1.443057 2.934495 0.248559
v -1.942767 3.111907 0.478199
v -2.002681 2.934495 0.248559
v -2.002681 3.169955 -0.021966
v -1.942767 3.441970 0.190135
v -1.503532 3.670527 -0.028922
v -1.722869 3.670527 0.190415
v -1.942206 3.670527 -0.028922
v -1.503532 3.433476 -0.248260
v -1.722869 3.670527 -0.248260
v -1.942206 3.433476 -0.248260
v -1.503532 2.943967 -0.248260
v -1.722869 3.171377 -0.308735
v -1.942206 2.943967 -0.248260
v -1.503532 2.741606 -0.011210
v -1.722869 2.741606 -0.248260
v -1.942206 2.741606 -0.011210
v -1.942206 2.741606 0.470615
v -1.722869 2.681131 0.250890
v -1.503532 2.741606 0.470615
v -1.503532 2.926254 0.665290
v -1.722869 3.110902 0.665290
v -1.942206 2.926254 0.665290
v -1.722869 2.741606 0.665290
v -1.722309 3.449507 0.250890
v -1.722869 3.731001 -0.028922
v -1.722869 3.433476 -0.308735
v -1.722869 2.681131 -0.011210
v -2.002681 3.433674 -0.029203
v -1.443057 3.432765 -0.027917
v -1.722869 2.943967 -0.308735
v -2.002681 2.942347 -0.012830
v -1.722869 2.926254 0.725765
v -1.443057 2.942347 -0.012830
v -1.722869 3.171377 0.487206
v -1.443057 2.927259 0.469904
v -1.722869 2.681131 0.470615
v -2.002681 2.927259 0.469904
v -1.490091 3.169419 0.249381
v -1.955199 3.170595 0.248352
v -1.523690 3.650368 0.170256
v -1.922048 3.650368 0.170256
v -1.523690 3.650368 -0.228101
v -1.922048 3.650368 -0.228101
v -1.503532 3.171377 -0.248260
v -1.942206 3.171377 -0.248260
v -1.523690 2.761764 -0.228101
v -1.922048 2.761764 -0.228101
v -1.942206 2.741606 0.250890
v -1.503532 2.741606 0.250890
v -1.523690 3.090744 0.645132
v -1.922048 3.090744 0.645132
v -1.523690 2.761764 0.645132
v -1.922048 2.761764 0.645132
vt 0.045643 0.199955
vt 0.047618 0.203629
vt 0.041980 0.203629
vt 0.040847 0.199955
vt 0.049089 0.207814
vt 0.042823 0.207814
vt 0.035232 0.203629
vt 0.035108 0.199955
vt 0.049991 0.212359
vt 0.043340 0.212359
vt 0.035324 0.207814
vt 0.028353 0.203629
vt 0.029257 0.199955
vt 0.050299 0.217084
vt 0.043517 0.217084
vt 0.035381 0.212359
vt 0.027680 0.207814
vt 0.022360 0.203629
vt 0.024159 0.199955
vt 0.049991 0.221809
vt 0.043340 0.221809
vt 0.035400 0.217084
vt 0.027267 0.212359
vt 0.021019 0.207814
vt 0.049089 0.226354
vt 0.042823 0.226354
vt 0.035381 0.221809
vt 0.027126 0.217084
vt 0.020198 0.212359
vt 0.047618 0.230539
vt 0.041980 0.230539
vt 0.035324 0.226354
vt 0.027267 0.221809
vt 0.019917 0.217084
vt 0.045643 0.234212
vt 0.040847 0.234212
vt 0.035232 0.230539
vt 0.027680 0.226354
vt 0.020198 0.221809
vt 0.035108 0.234212
vt 0.028353 0.230539
vt 0.021019 0.226354
vt 0.029257 0.234212
vt 0.022360 0.230539
vt 0.024159 0.234212
vt 0.483910 0.205655
vt 0.485885 0.209328
vt 0.480247 0.209328
vt 0.479115 0.205655
vt 0.487356 0.213513
vt 0.481091 0.213513
vt 0.473499 0.209328
vt 0.473375 0.205655
vt 0.488258 0.218058
vt 0.481608 0.218058
vt 0.473592 0.213513
vt 0.466621 0.209328
vt 0.467524 0.205655
vt 0.488567 0.222783
vt 0.481785 0.222783
vt 0.473648 0.218058
vt 0.465947 0.213513
vt 0.460628 0.209328
vt 0.462427 0.205655
vt 0.488258 0.227508
vt 0.481608 0.227508
vt 0.473668 0.222783
vt 0.465534 0.218058
vt 0.459287 0.213513
vt 0.487356 0.232053
vt 0.481091 0.232053
vt 0.473648 0.227508
vt 0.465393 0.222783
vt 0.458465 0.218058
vt 0.485885 0.236238
vt 0.480247 0.236238
vt 0.473592 0.232053
vt 0.465534 0.227508
vt 0.458184 0.222783
vt 0.483910 0.239912
vt 0.479115 0.239912
vt 0.473499 0.236238
vt 0.465947 0.232053
vt 0.458465 0.227508
vt 0.473375 0.239912
vt 0.466621 0.236238
vt 0.459287 0.232053
vt 0.467524 0.239912
vt 0.460628 0.236238
vt 0.462427 0.239912
vt 0.210220 0.000958
vt 0.245161 0.000293
vt 0.240007 0.018023
vt 0.204560 0.018189
vt 0.280822 0.000958
vt 0.277831 0.018189
vt 0.241582 0.052032
vt 0.207460 0.052032
vt 0.180194 0.001622
vt 0.173638 0.018355
vt 0.316844 0.001622
vt 0.316844 0.018355
vt 0.278511 0.052032
vt 0.248447 0.108418
vt 0.217437 0.108418
vt 0.177549 0.052032
vt 0.352865 0.000958
vt 0.355856 0.018189
vt 0.316844 0.052032
vt 0.282008 0.108418
vt 0.259159 0.193279
vt 0.233005 0.193279
vt 0.190254 0.108418
vt 0.388526 0.000293
vt 0.393680 0.018023
vt 0.355176 0.052032
vt 0.316844 0.108418
vt 0.287463 0.193279
vt 0.271859 0.292080
vt 0.251485 0.292113
vt 0.210079 0.193279
vt 0.423467 0.000958
vt 0.429127 0.018189
vt 0.392105 0.052032
vt 0.351679 0.108418
vt 0.316844 0.193279
vt 0.293928 0.292113
vt 0.284691 0.390286
vt 0.270196 0.390417
vt 0.233619 0.292146
vt 0.453493 0.001622
vt 0.460050 0.018355
vt 0.426226 0.052032
vt 0.385240 0.108418
vt 0.346224 0.193279
vt 0.316844 0.292146
vt 0.300451 0.390417
vt 0.295796 0.473362
vt 0.286458 0.473689
vt 0.257468 0.390548
vt 0.456138 0.052032
vt 0.416250 0.108418
vt 0.374528 0.193279
vt 0.339759 0.292113
vt 0.316844 0.390548
vt 0.306083 0.473689
vt 0.303316 0.526772
vt 0.297591 0.527427
vt 0.278221 0.474017
vt 0.443433 0.108418
vt 0.400682 0.193279
vt 0.361828 0.292080
vt 0.333236 0.390417
vt 0.316844 0.474017
vt 0.309872 0.527427
vt 0.306952 0.549426
vt 0.305353 0.558096
vt 0.292471 0.528082
vt 0.423608 0.193279
vt 0.382202 0.292113
vt 0.348996 0.390286
vt 0.327604 0.473689
vt 0.316844 0.528082
vt 0.311713 0.558096
vt 0.311502 0.572163
vt 0.302102 0.559505
vt 0.400068 0.292146
vt 0.363491 0.390417
vt 0.337891 0.473362
vt 0.323815 0.527427
vt 0.316844 0.559505
vt 0.308994 0.575046
vt 0.316844 0.575046
vt 0.376219 0.390548
vt 0.347229 0.473689
vt 0.330371 0.526772
vt 0.321974 0.558096
vt 0.322185 0.572163
vt 0.355466 0.474017
vt 0.336096 0.527427
vt 0.326735 0.549426
vt 0.328334 0.558096
vt 0.341216 0.528082
vt 0.324693 0.575046
vt 0.331585 0.559505
vt 0.749877 0.176383
vt 0.784818 0.175718
vt 0.779664 0.193448
vt 0.744217 0.193614
vt 0.820480 0.176383
vt 0.817488 0.193614
vt 0.781240 0.227457
vt 0.747118 0.227457
vt 0.719851 0.177048
vt 0.713295 0.193780
vt 0.856501 0.177048
vt 0.856501 0.193780
vt 0.818169 0.227457
vt 0.788105 0.283843
vt 0.757095 0.283843
vt 0.717206 0.227457
vt 0.892522 0.176383
vt 0.895514 0.193614
vt 0.856501 0.227457
vt 0.821665 0.283843
vt 0.798816 0.368704
vt 0.772663 0.368704
vt 0.729911 0.283843
vt 0.928184 0.175718
vt 0.933338 0.193448
vt 0.894833 0.227457
vt 0.856501 0.283843
vt 0.827121 0.368704
vt 0.811517 0.467506
vt 0.791142 0.467538
vt 0.749737 0.368704
vt 0.963125 0.176383
vt 0.968785 0.193614
vt 0.931762 0.227457
vt 0.891337 0.283843
vt 0.856501 0.368704
vt 0.833585 0.467538
vt 0.824349 0.565712
vt 0.809853 0.565843
vt 0.773277 0.467571
vt 0.993151 0.177048
vt 0.999707 0.193780
vt 0.965884 0.227457
vt 0.924897 0.283843
vt 0.885881 0.368704
vt 0.856501 0.467571
vt 0.840109 0.565843
vt 0.835454 0.648787
vt 0.826115 0.649115
vt 0.797126 0.565974
vt 0.995796 0.227457
vt 0.955907 0.283843
vt 0.914186 0.368704
vt 0.879417 0.467538
vt 0.856501 0.565974
vt 0.845740 0.649115
vt 0.842973 0.702197
vt 0.837248 0.702852
vt 0.817878 0.649442
vt 0.983091 0.283843
vt 0.940339 0.368704
vt 0.901485 0.467506
vt 0.872893 0.565843
vt 0.856501 0.649442
vt 0.849529 0.702852
vt 0.846609 0.724852
vt 0.845011 0.733521
vt 0.832129 0.703508
vt 0.963265 0.368704
vt 0.921860 0.467538
vt 0.888653 0.565712
vt 0.867262 0.649115
vt 0.856501 0.703508
vt 0.851371 0.733521
vt 0.851159 0.747589
vt 0.841759 0.734930
vt 0.939725 0.467571
vt 0.903149 0.565843
vt 0.877549 0.648787
vt 0.863473 0.702852
vt 0.856501 0.734930
vt 0.848651 0.750472
vt 0.856501 0.750472
vt 0.915876 0.565974
vt 0.886887 0.649115
vt 0.870029 0.702197
vt 0.861631 0.733521
vt 0.861843 0.747589
vt 0.895124 0.649442
vt 0.875754 0.702852
vt 0.866393 0.724852
vt 0.867991 0.733521
vt 0.880873 0.703508
vt 0.864351 0.750472
vt 0.871243 0.734930
vt 0.920181 0.064044
vt 0.920181 0.049365
vt 0.929263 0.049005
vt 0.929263 0.063376
vt 0.911882 0.063579
vt 0.911882 0.049115
vt 0.920181 0.032169
vt 0.929263 0.032169
vt 0.938375 0.048031
vt 0.938375 0.061571
vt 0.905844 0.062792
vt 0.905844 0.048690
vt 0.911882 0.032169
vt 0.920181 0.014971
vt 0.929263 0.015332
vt 0.938375 0.032169
vt 0.946766 0.046442
vt 0.946766 0.058625
vt 0.903551 0.062494
vt 0.903551 0.048529
vt 0.905844 0.032169
vt 0.911882 0.015222
vt 0.920181 0.000293
vt 0.929263 0.000961
vt 0.938375 0.016306
vt 0.946766 0.032169
vt 0.954130 0.044309
vt 0.954130 0.054672
vt 0.903201 0.062483
vt 0.903201 0.048523
vt 0.903551 0.032169
vt 0.905844 0.015647
vt 0.911882 0.000758
vt 0.938375 0.002766
vt 0.946766 0.017895
vt 0.954130 0.032169
vt 0.902993 0.062560
vt 0.902993 0.048565
vt 0.903201 0.032169
vt 0.903551 0.015808
vt 0.905844 0.001545
vt 0.946766 0.005712
vt 0.954130 0.020028
vt 0.902993 0.032169
vt 0.903201 0.015814
vt 0.903551 0.001843
vt 0.954130 0.009665
vt 0.902993 0.015772
vt 0.903201 0.001854
vt 0.902993 0.001777
vt 0.848227 0.125495
vt 0.848227 0.110817
vt 0.857309 0.110456
vt 0.857309 0.124827
vt 0.839927 0.125031
vt 0.839927 0.110566
vt 0.848227 0.093620
vt 0.857309 0.093620
vt 0.866420 0.109482
vt 0.866420 0.123022
vt 0.833890 0.124244
vt 0.833890 0.110141
vt 0.839927 0.093620
vt 0.848227 0.076423
vt 0.857309 0.076783
vt 0.866420 0.093620
vt 0.874811 0.107893
vt 0.874811 0.120076
vt 0.831597 0.123945
vt 0.831597 0.109980
vt 0.833890 0.093620
vt 0.839927 0.076673
vt 0.848227 0.061744
vt 0.857309 0.062413
vt 0.866420 0.077757
vt 0.874811 0.093620
vt 0.882175 0.105760
vt 0.882175 0.116123
vt 0.831247 0.123934
vt 0.831247 0.109974
vt 0.831597 0.093620
vt 0.833890 0.077098
vt 0.839927 0.062209
vt 0.866420 0.064218
vt 0.874811 0.079347
vt 0.882175 0.093620
vt 0.831039 0.124011
vt 0.831039 0.110016
vt 0.831247 0.093620
vt 0.831597 0.077259
vt 0.833890 0.062996
vt 0.874811 0.067164
vt 0.882175 0.081479
vt 0.831039 0.093620
vt 0.831247 0.077265
vt 0.831597 0.063295
vt 0.882175 0.071116
vt 0.831039 0.077224
vt 0.831247 0.063306
vt 0.831039 0.063229
vt 0.091871 0.031938
vt 0.093199 0.031184
vt 0.093199 0.045655
vt 0.091871 0.046061
vt 0.094492 0.030660
vt 0.094492 0.045372
vt 0.093199 0.062608
vt 0.091871 0.062608
vt 0.094874 0.030792
vt 0.094874 0.045443
vt 0.094492 0.062608
vt 0.093199 0.079562
vt 0.091871 0.079155
vt 0.094874 0.062608
vt 0.094492 0.079845
vt 0.093199 0.094033
vt 0.091871 0.093279
vt 0.094874 0.079774
vt 0.094492 0.094557
vt 0.094874 0.094425
vt 0.058514 0.215928
vt 0.057222 0.215404
vt 0.057222 0.200933
vt 0.058514 0.201216
vt 0.055894 0.214650
vt 0.055894 0.200526
vt 0.057222 0.183979
vt 0.058514 0.183979
vt 0.058897 0.201144
vt 0.058897 0.215796
vt 0.055894 0.183979
vt 0.057222 0.167025
vt 0.058514 0.166743
vt 0.058897 0.183979
vt 0.055894 0.167432
vt 0.057222 0.152554
vt 0.058514 0.152030
vt 0.058897 0.166814
vt 0.055894 0.153308
vt 0.058897 0.152162
vt 0.102520 0.000293
vt 0.107073 0.001776
vt 0.106046 0.004929
vt 0.100693 0.003186
vt 0.111625 0.003259
vt 0.111398 0.006672
vt 0.104875 0.008522
vt 0.098927 0.006585
vt 0.110824 0.010460
vt 0.103605 0.012424
vt 0.097291 0.010368
vt 0.096125 0.001698
vt 0.093850 0.004931
vt 0.115967 0.008160
vt 0.115901 0.012113
vt 0.109918 0.014480
vt 0.102284 0.016480
vt 0.095845 0.014383
vt 0.091902 0.008613
vt 0.115307 0.016236
vt 0.108722 0.018577
vt 0.100963 0.020537
vt 0.094649 0.018480
vt 0.090350 0.012594
vt 0.114218 0.020367
vt 0.107276 0.022593
vt 0.099692 0.024439
vt 0.093743 0.022501
vt 0.089260 0.016725
vt 0.112665 0.024348
vt 0.105640 0.026376
vt 0.098521 0.028032
vt 0.093169 0.026288
vt 0.088666 0.020848
vt 0.110717 0.028030
vt 0.103874 0.029775
vt 0.097494 0.031185
vt 0.092942 0.029702
vt 0.088601 0.024800
vt 0.108442 0.031263
vt 0.102047 0.032668
vt 0.004634 0.234008
vt 0.009187 0.232525
vt 0.010214 0.235678
vt 0.004861 0.237422
vt 0.013739 0.231042
vt 0.015566 0.233935
vt 0.011384 0.239271
vt 0.005436 0.241209
vt 0.017332 0.237334
vt 0.012655 0.243173
vt 0.006341 0.245230
vt 0.000293 0.238909
vt 0.000359 0.242862
vt 0.020135 0.232447
vt 0.022410 0.235681
vt 0.018968 0.241117
vt 0.013976 0.247230
vt 0.007538 0.249326
vt 0.000952 0.246985
vt 0.024357 0.239362
vt 0.020414 0.245133
vt 0.015297 0.251286
vt 0.008983 0.253342
vt 0.002042 0.251116
vt 0.025910 0.243343
vt 0.021611 0.249229
vt 0.016568 0.255188
vt 0.010620 0.257125
vt 0.003595 0.255097
vt 0.026999 0.247474
vt 0.022516 0.253250
vt 0.017738 0.258781
vt 0.012386 0.260524
vt 0.005542 0.258779
vt 0.027593 0.251597
vt 0.023090 0.257038
vt 0.018765 0.261934
vt 0.014212 0.263417
vt 0.007817 0.262012
vt 0.027659 0.255550
vt 0.023318 0.260451
vt 0.466111 0.171153
vt 0.470907 0.171153
vt 0.469774 0.174826
vt 0.464137 0.174826
vt 0.476646 0.171153
vt 0.476522 0.174826
vt 0.468931 0.179011
vt 0.462665 0.179011
vt 0.482497 0.171153
vt 0.483401 0.174826
vt 0.476430 0.179011
vt 0.468414 0.183556
vt 0.461763 0.183556
vt 0.487595 0.171153
vt 0.489394 0.174826
vt 0.484074 0.179011
vt 0.476373 0.183556
vt 0.468237 0.188281
vt 0.461455 0.188281
vt 0.490735 0.179011
vt 0.484487 0.183556
vt 0.476354 0.188281
vt 0.468414 0.193006
vt 0.461763 0.193006
vt 0.491556 0.183556
vt 0.484628 0.188281
vt 0.476373 0.193006
vt 0.468931 0.197551
vt 0.462665 0.197551
vt 0.491837 0.188281
vt 0.484487 0.193006
vt 0.476430 0.197551
vt 0.469774 0.201736
vt 0.464137 0.201736
vt 0.491556 0.193006
vt 0.484074 0.197551
vt 0.476522 0.201736
vt 0.470907 0.205409
vt 0.466111 0.205409
vt 0.490735 0.197551
vt 0.483401 0.201736
vt 0.476646 0.205409
vt 0.489394 0.201736
vt 0.482497 0.205409
vt 0.487595 0.205409
vt 0.433405 0.177427
vt 0.438200 0.177427
vt 0.437068 0.181100
vt 0.431430 0.181100
vt 0.443939 0.177427
vt 0.443815 0.181100
vt 0.436224 0.185286
vt 0.429958 0.185286
vt 0.449790 0.177427
vt 0.450694 0.181100
vt 0.443723 0.185286
vt 0.435707 0.189831
vt 0.429057 0.189831
vt 0.454888 0.177427
vt 0.456687 0.181100
vt 0.451368 0.185286
vt 0.443666 0.189831
vt 0.435530 0.194556
vt 0.428748 0.194556
vt 0.458028 0.185286
vt 0.451780 0.189831
vt 0.443647 0.194556
vt 0.435707 0.199280
vt 0.429057 0.199280
vt 0.458850 0.189831
vt 0.451922 0.194556
vt 0.443666 0.199280
vt 0.436224 0.203825
vt 0.429958 0.203825
vt 0.459131 0.194556
vt 0.451780 0.199280
vt 0.443723 0.203825
vt 0.437068 0.208011
vt 0.431430 0.208011
vt 0.458850 0.199280
vt 0.451368 0.203825
vt 0.443815 0.208011
vt 0.438200 0.211684
vt 0.433405 0.211684
vt 0.458028 0.203825
vt 0.450694 0.208011
vt 0.443939 0.211684
vt 0.456687 0.208011
vt 0.449790 0.211684
vt 0.454888 0.211684
vt 0.916597 0.136595
vt 0.916122 0.131980
vt 0.922845 0.131617
vt 0.923206 0.135779
vt 0.910658 0.138933
vt 0.910560 0.132902
vt 0.916017 0.125781
vt 0.922751 0.125654
vt 0.929083 0.131486
vt 0.928966 0.135462
vt 0.904456 0.133230
vt 0.904133 0.138854
vt 0.910613 0.126051
vt 0.916078 0.119708
vt 0.922780 0.119677
vt 0.929128 0.125612
vt 0.933189 0.131258
vt 0.932360 0.134619
vt 0.904660 0.126329
vt 0.903206 0.144991
vt 0.908302 0.145433
vt 0.895849 0.138913
vt 0.896127 0.133435
vt 0.910709 0.119776
vt 0.916098 0.115473
vt 0.922790 0.115473
vt 0.929067 0.119735
vt 0.933465 0.125599
vt 0.896279 0.126481
vt 0.904767 0.119845
vt 0.895579 0.144898
vt 0.907480 0.153798
vt 0.902842 0.153461
vt 0.888147 0.139009
vt 0.888217 0.133542
vt 0.910741 0.115473
vt 0.928862 0.115750
vt 0.933189 0.119939
vt 0.888255 0.126548
vt 0.896346 0.119883
vt 0.904803 0.115473
vt 0.895452 0.153374
vt 0.888079 0.144958
vt 0.907162 0.161324
vt 0.902711 0.161447
vt 0.883369 0.139040
vt 0.883369 0.133578
vt 0.932360 0.116579
vt 0.883369 0.126570
vt 0.888340 0.119969
vt 0.896368 0.115473
vt 0.895410 0.161495
vt 0.888048 0.153403
vt 0.883369 0.144979
vt 0.906319 0.165307
vt 0.902483 0.166136
vt 0.883645 0.120182
vt 0.888553 0.115750
vt 0.895397 0.166412
vt 0.888107 0.161433
vt 0.883369 0.153413
vt 0.884474 0.116579
vt 0.888310 0.166136
vt 0.883645 0.161228
vt 0.884474 0.165307
vt 0.900716 0.080800
vt 0.900251 0.085427
vt 0.893628 0.084595
vt 0.893989 0.080433
vt 0.906288 0.081734
vt 0.906232 0.087814
vt 0.887868 0.084278
vt 0.887751 0.080302
vt 0.900817 0.074597
vt 0.894083 0.074470
vt 0.906221 0.074867
vt 0.912403 0.082066
vt 0.912804 0.087748
vt 0.884474 0.083435
vt 0.883645 0.080074
vt 0.887706 0.074428
vt 0.900756 0.068524
vt 0.894054 0.068493
vt 0.906125 0.068592
vt 0.912174 0.075145
vt 0.920724 0.082263
vt 0.921056 0.087779
vt 0.913786 0.093930
vt 0.908634 0.094366
vt 0.883369 0.074415
vt 0.887767 0.068551
vt 0.900736 0.064289
vt 0.894044 0.064289
vt 0.906093 0.064289
vt 0.912067 0.068661
vt 0.920555 0.075297
vt 0.928622 0.082361
vt 0.928705 0.087837
vt 0.921361 0.093789
vt 0.914098 0.102359
vt 0.909425 0.102695
vt 0.883645 0.068755
vt 0.887972 0.064566
vt 0.912031 0.064289
vt 0.920488 0.068699
vt 0.928579 0.075364
vt 0.933465 0.082394
vt 0.933465 0.087857
vt 0.928781 0.093793
vt 0.921453 0.102240
vt 0.914149 0.110284
vt 0.909690 0.110160
vt 0.884474 0.065395
vt 0.920466 0.064289
vt 0.928494 0.068785
vt 0.933465 0.075386
vt 0.933465 0.093795
vt 0.928804 0.102232
vt 0.921441 0.110323
vt 0.914351 0.114952
vt 0.910515 0.114123
vt 0.928281 0.064566
vt 0.933189 0.068998
vt 0.933465 0.102229
vt 0.928732 0.110252
vt 0.921437 0.115228
vt 0.932360 0.065395
vt 0.933189 0.110044
vt 0.928524 0.114952
vt 0.932360 0.114123
vt 0.072701 0.021015
vt 0.076425 0.019856
vt 0.078714 0.027212
vt 0.074989 0.028371
vt 0.080786 0.033874
vt 0.077062 0.035033
vt 0.068977 0.022173
vt 0.071265 0.029529
vt 0.082818 0.040406
vt 0.079093 0.041564
vt 0.073337 0.036191
vt 0.084326 0.045255
vt 0.080602 0.046414
vt 0.075369 0.042723
vt 0.076877 0.047572
vt 0.112855 0.027096
vt 0.116579 0.028255
vt 0.114291 0.035611
vt 0.110566 0.034452
vt 0.120303 0.029413
vt 0.118015 0.036769
vt 0.112219 0.042273
vt 0.108494 0.041114
vt 0.115943 0.043431
vt 0.110187 0.048804
vt 0.106462 0.047646
vt 0.113911 0.049963
vt 0.108678 0.053654
vt 0.104954 0.052495
vt 0.112403 0.054812
vt 0.756328 0.107096
vt 0.749720 0.106280
vt 0.750080 0.102118
vt 0.756803 0.102480
vt 0.743960 0.105962
vt 0.743842 0.101987
vt 0.750175 0.096154
vt 0.756908 0.096281
vt 0.762365 0.103402
vt 0.762267 0.109433
vt 0.740566 0.105119
vt 0.739737 0.101759
vt 0.743797 0.096113
vt 0.750145 0.090177
vt 0.756848 0.090209
vt 0.762312 0.096551
vt 0.768469 0.103731
vt 0.768793 0.109354
vt 0.739460 0.096099
vt 0.743859 0.090236
vt 0.750136 0.085974
vt 0.756827 0.085974
vt 0.762217 0.090276
vt 0.768266 0.096830
vt 0.776798 0.103935
vt 0.777077 0.109413
vt 0.769719 0.115492
vt 0.764624 0.115933
vt 0.739737 0.090440
vt 0.744064 0.086250
vt 0.762185 0.085974
vt 0.768158 0.090346
vt 0.776646 0.096982
vt 0.784709 0.104043
vt 0.784778 0.109509
vt 0.777347 0.115398
vt 0.770083 0.123961
vt 0.765446 0.124299
vt 0.740566 0.087079
vt 0.768123 0.085974
vt 0.776579 0.090384
vt 0.784671 0.097048
vt 0.789556 0.104078
vt 0.789556 0.109541
vt 0.784846 0.115459
vt 0.777473 0.123874
vt 0.770214 0.131947
vt 0.765763 0.131825
vt 0.776557 0.085974
vt 0.784585 0.090470
vt 0.789556 0.097070
vt 0.789556 0.115479
vt 0.784877 0.123904
vt 0.777515 0.131995
vt 0.770442 0.136636
vt 0.766606 0.135807
vt 0.784372 0.086250
vt 0.789280 0.090682
vt 0.789556 0.123913
vt 0.784819 0.131933
vt 0.777529 0.136913
vt 0.788451 0.087079
vt 0.789280 0.131728
vt 0.784615 0.136636
vt 0.788451 0.135807
vt 0.968449 0.083948
vt 0.975175 0.083581
vt 0.975536 0.087743
vt 0.968913 0.088575
vt 0.968348 0.077744
vt 0.975081 0.077617
vt 0.981413 0.083450
vt 0.981296 0.087425
vt 0.962932 0.090961
vt 0.962877 0.084882
vt 0.968408 0.071672
vt 0.975110 0.071640
vt 0.981459 0.077576
vt 0.962943 0.078014
vt 0.985519 0.083222
vt 0.984690 0.086582
vt 0.956761 0.085213
vt 0.956361 0.090896
vt 0.968428 0.067437
vt 0.975120 0.067437
vt 0.981397 0.071699
vt 0.963039 0.071739
vt 0.985795 0.077562
vt 0.956990 0.078293
vt 0.955379 0.097078
vt 0.960530 0.097514
vt 0.948109 0.090926
vt 0.948440 0.085411
vt 0.981192 0.067713
vt 0.963071 0.067437
vt 0.985519 0.071903
vt 0.957097 0.071809
vt 0.948610 0.078445
vt 0.947803 0.096936
vt 0.959740 0.105843
vt 0.955067 0.105507
vt 0.940460 0.090985
vt 0.940543 0.085509
vt 0.984690 0.068542
vt 0.957133 0.067437
vt 0.948676 0.071847
vt 0.940585 0.078511
vt 0.947712 0.105388
vt 0.940383 0.096941
vt 0.959475 0.113308
vt 0.955015 0.113431
vt 0.935699 0.085541
vt 0.935699 0.091004
vt 0.948698 0.067437
vt 0.940671 0.071933
vt 0.935699 0.078534
vt 0.947723 0.113471
vt 0.940361 0.105379
vt 0.935699 0.096942
vt 0.958649 0.117270
vt 0.954813 0.118099
vt 0.940884 0.067713
vt 0.935976 0.072146
vt 0.947727 0.118376
vt 0.940433 0.113399
vt 0.935699 0.105377
vt 0.936805 0.068542
vt 0.940641 0.118099
vt 0.935976 0.113192
vt 0.936805 0.117270
vt 0.436238 0.218737
vt 0.435367 0.215186
vt 0.440281 0.215917
vt 0.439720 0.219073
vt 0.432994 0.219377
vt 0.430916 0.216340
vt 0.434568 0.211928
vt 0.440823 0.212859
vt 0.444903 0.218289
vt 0.442936 0.220916
vt 0.439223 0.221874
vt 0.437108 0.222285
vt 0.430743 0.221467
vt 0.427545 0.219073
vt 0.428902 0.213397
vt 0.434839 0.222072
vt 0.446708 0.215878
vt 0.448481 0.222056
vt 0.445610 0.223483
vt 0.440970 0.223542
vt 0.438293 0.227119
vt 0.429372 0.224216
vt 0.425872 0.223077
vt 0.424610 0.216876
vt 0.433939 0.223860
vt 0.451262 0.220674
vt 0.450567 0.226564
vt 0.446914 0.226729
vt 0.443063 0.224748
vt 0.443264 0.226894
vt 0.429671 0.227509
vt 0.426018 0.227674
vt 0.422481 0.221974
vt 0.432477 0.225227
vt 0.422207 0.215077
vt 0.427252 0.210987
vt 0.433321 0.227344
vt 0.453918 0.226413
vt 0.450713 0.231161
vt 0.447213 0.230022
vt 0.444108 0.229011
vt 0.442646 0.230378
vt 0.430975 0.230755
vt 0.428104 0.232182
vt 0.422668 0.227825
vt 0.435615 0.230696
vt 0.433522 0.229490
vt 0.454104 0.232264
vt 0.449041 0.235165
vt 0.445842 0.232771
vt 0.441747 0.232166
vt 0.439478 0.231953
vt 0.433649 0.233321
vt 0.431682 0.235949
vt 0.425323 0.233564
vt 0.437362 0.232364
vt 0.451975 0.237362
vt 0.445670 0.237898
vt 0.443591 0.234860
vt 0.440348 0.235501
vt 0.436865 0.235164
vt 0.436305 0.238321
vt 0.429878 0.238360
vt 0.447684 0.240841
vt 0.441218 0.239052
vt 0.435762 0.241379
vt 0.454378 0.239161
vt 0.449333 0.243251
vt 0.442017 0.242310
vt 0.065171 0.236427
vt 0.062767 0.238226
vt 0.058476 0.234747
vt 0.060126 0.232337
vt 0.059833 0.240423
vt 0.056462 0.237690
vt 0.064897 0.243324
vt 0.061506 0.244428
vt 0.056635 0.242817
vt 0.054383 0.240728
vt 0.052011 0.236536
vt 0.052810 0.233278
vt 0.064710 0.249175
vt 0.061359 0.249024
vt 0.058006 0.245566
vt 0.053439 0.245210
vt 0.052539 0.243422
vt 0.051140 0.240087
vt 0.047097 0.237267
vt 0.046555 0.234209
vt 0.062055 0.254915
vt 0.059273 0.253532
vt 0.057707 0.248859
vt 0.054901 0.246577
vt 0.049085 0.248469
vt 0.050270 0.243635
vt 0.047657 0.240424
vt 0.042475 0.239639
vt 0.040670 0.237228
vt 0.057500 0.259710
vt 0.055695 0.257299
vt 0.056402 0.252105
vt 0.054057 0.248694
vt 0.046407 0.244892
vt 0.048154 0.243224
vt 0.044442 0.242267
vt 0.038897 0.243406
vt 0.036115 0.242024
vt 0.051616 0.262729
vt 0.051073 0.259671
vt 0.053728 0.254672
vt 0.053855 0.250840
vt 0.051763 0.252046
vt 0.044113 0.248245
vt 0.044315 0.246098
vt 0.041768 0.244833
vt 0.036811 0.247914
vt 0.033460 0.247763
vt 0.045361 0.263660
vt 0.046159 0.260403
vt 0.050513 0.256514
vt 0.050016 0.253714
vt 0.047900 0.253303
vt 0.044731 0.251728
vt 0.043270 0.250361
vt 0.040463 0.248080
vt 0.036664 0.252511
vt 0.033274 0.253614
vt 0.039694 0.262191
vt 0.041708 0.259248
vt 0.047030 0.256851
vt 0.045631 0.253516
vt 0.041535 0.254121
vt 0.040165 0.251372
vt 0.038337 0.256515
vt 0.035403 0.258712
vt 0.043787 0.256211
vt 0.032999 0.260511
vt 0.038044 0.264601
vt 0.584800 0.590841
vt 0.593027 0.617406
vt 0.547734 0.627907
vt 0.558235 0.582613
vt 0.598388 0.577253
vt 0.619304 0.607279
vt 0.603636 0.655126
vt 0.551296 0.676807
vt 0.498834 0.624345
vt 0.520514 0.572004
vt 0.568362 0.556337
vt 0.634795 0.642220
vt 0.622807 0.689300
vt 0.583355 0.713902
vt 0.461738 0.713902
vt 0.491275 0.617812
vt 0.513551 0.568098
vt 0.533421 0.540845
vt 0.648548 0.677881
vt 0.635774 0.713902
vt 0.622807 0.738505
vt 0.551296 0.750998
vt 0.454179 0.695653
vt 0.486340 0.552834
vt 0.461738 0.592286
vt 0.526154 0.538043
vt 0.654990 0.713902
vt 0.648548 0.749924
vt 0.603636 0.772679
vt 0.547734 0.799898
vt 0.498834 0.803460
vt 0.424642 0.624345
vt 0.375742 0.627907
vt 0.372181 0.676807
vt 0.497760 0.527092
vt 0.461738 0.539867
vt 0.437136 0.552834
vt 0.634795 0.785585
vt 0.593027 0.810399
vt 0.558235 0.845192
vt 0.520514 0.855800
vt 0.461738 0.835519
vt 0.424642 0.803460
vt 0.402962 0.572004
vt 0.365242 0.582613
vt 0.340122 0.713902
vt 0.372181 0.750998
vt 0.330449 0.617406
vt 0.319840 0.655126
vt 0.461738 0.520651
vt 0.425717 0.527092
vt 0.619304 0.820526
vt 0.584800 0.836964
vt 0.568362 0.871468
vt 0.533421 0.886959
vt 0.486340 0.874971
vt 0.437136 0.874971
vt 0.402962 0.855800
vt 0.375742 0.799898
vt 0.390056 0.540845
vt 0.355115 0.556337
vt 0.338676 0.590841
vt 0.300669 0.689300
vt 0.300669 0.738505
vt 0.319840 0.772679
vt 0.288681 0.642220
vt 0.304173 0.607279
vt 0.598388 0.850552
vt 0.497760 0.900712
vt 0.461738 0.887938
vt 0.425717 0.900712
vt 0.390056 0.886959
vt 0.365242 0.845192
vt 0.330449 0.810399
vt 0.325089 0.577253
vt 0.274928 0.677881
vt 0.287703 0.713902
vt 0.288681 0.785585
vt 0.274928 0.749924
vt 0.461738 0.907154
vt 0.355115 0.871468
vt 0.338676 0.836964
vt 0.304173 0.820526
vt 0.268486 0.713902
vt 0.325089 0.850552
vt 0.503787 0.291429
vt 0.511637 0.299279
vt 0.509129 0.304325
vt 0.503787 0.302530
vt 0.514888 0.291429
vt 0.516683 0.296771
vt 0.498445 0.304325
vt 0.495937 0.299279
vt 0.511637 0.283580
vt 0.516683 0.286087
vt 0.490891 0.296771
vt 0.492686 0.291429
vt 0.503787 0.280328
vt 0.509129 0.278533
vt 0.490891 0.286087
vt 0.495937 0.283580
vt 0.498445 0.278533
vt 0.805064 0.031251
vt 0.799497 0.027132
vt 0.802184 0.020643
vt 0.810325 0.025990
vt 0.799808 0.036508
vt 0.797113 0.032888
vt 0.792647 0.026108
vt 0.792647 0.018668
vt 0.804693 0.014587
vt 0.814975 0.021340
vt 0.809183 0.036818
vt 0.815672 0.034131
vt 0.803427 0.039203
vt 0.792647 0.043668
vt 0.792647 0.033542
vt 0.785798 0.027132
vt 0.783110 0.020643
vt 0.792647 0.012092
vt 0.806541 0.010125
vt 0.818400 0.017915
vt 0.821728 0.031622
vt 0.810207 0.043668
vt 0.817647 0.043668
vt 0.802773 0.043668
vt 0.785487 0.036508
vt 0.788182 0.032888
vt 0.780230 0.031251
vt 0.774970 0.025990
vt 0.780601 0.014587
vt 0.792647 0.007248
vt 0.807752 0.007200
vt 0.820646 0.015669
vt 0.826190 0.029774
vt 0.824223 0.043668
vt 0.809183 0.050518
vt 0.815672 0.053205
vt 0.803427 0.048133
vt 0.799808 0.050828
vt 0.782521 0.043668
vt 0.781867 0.039203
vt 0.776111 0.036818
vt 0.769623 0.034131
vt 0.770320 0.021340
vt 0.778753 0.010125
vt 0.792647 0.004072
vt 0.808352 0.005754
vt 0.821756 0.014559
vt 0.829115 0.028563
vt 0.829067 0.043668
vt 0.821728 0.055714
vt 0.805064 0.056085
vt 0.810325 0.061345
vt 0.797113 0.054448
vt 0.792647 0.053794
vt 0.785487 0.050828
vt 0.781867 0.048133
vt 0.775087 0.043668
vt 0.767648 0.043668
vt 0.763566 0.031622
vt 0.766894 0.017915
vt 0.777542 0.007200
vt 0.792647 0.002501
vt 0.808634 0.005074
vt 0.822279 0.014036
vt 0.830561 0.027963
vt 0.832243 0.043668
vt 0.826190 0.057562
vt 0.814975 0.065996
vt 0.799497 0.060204
vt 0.802184 0.066692
vt 0.792647 0.061228
vt 0.788182 0.054448
vt 0.780230 0.056085
vt 0.776111 0.050518
vt 0.769623 0.053205
vt 0.761071 0.043668
vt 0.759104 0.029774
vt 0.764649 0.015669
vt 0.776943 0.005754
vt 0.792647 0.001763
vt 0.808893 0.004447
vt 0.822760 0.013555
vt 0.831241 0.027682
vt 0.833814 0.043668
vt 0.829115 0.058773
vt 0.818400 0.069421
vt 0.804693 0.072749
vt 0.792647 0.068668
vt 0.785798 0.060204
vt 0.774970 0.061345
vt 0.763566 0.055714
vt 0.756227 0.043668
vt 0.756180 0.028563
vt 0.763538 0.014559
vt 0.776661 0.005074
vt 0.792647 0.001082
vt 0.809194 0.003720
vt 0.823318 0.012997
vt 0.831868 0.027422
vt 0.834552 0.043668
vt 0.830561 0.059372
vt 0.820646 0.071666
vt 0.806541 0.077211
vt 0.792647 0.075244
vt 0.783110 0.066692
vt 0.770320 0.065996
vt 0.759104 0.057562
vt 0.753051 0.043668
vt 0.754733 0.027963
vt 0.763016 0.014036
vt 0.776401 0.004447
vt 0.792647 0.000293
vt 0.832595 0.027121
vt 0.835233 0.043668
vt 0.831241 0.059654
vt 0.821756 0.072777
vt 0.807752 0.080135
vt 0.792647 0.080088
vt 0.780601 0.072749
vt 0.766894 0.069421
vt 0.756180 0.058773
vt 0.751481 0.043668
vt 0.754053 0.027682
vt 0.762535 0.013555
vt 0.776100 0.003720
vt 0.836022 0.043668
vt 0.831868 0.059914
vt 0.822279 0.073299
vt 0.808352 0.081582
vt 0.792647 0.083264
vt 0.778753 0.077211
vt 0.764649 0.071666
vt 0.754733 0.059372
vt 0.750742 0.043668
vt 0.753426 0.027422
vt 0.761976 0.012997
vt 0.832595 0.060215
vt 0.822760 0.073780
vt 0.808634 0.082262
vt 0.792647 0.084834
vt 0.777542 0.080135
vt 0.763538 0.072777
vt 0.754053 0.059654
vt 0.750062 0.043668
vt 0.752699 0.027121
vt 0.823318 0.074339
vt 0.808893 0.082889
vt 0.792647 0.085573
vt 0.776943 0.081582
vt 0.763016 0.073299
vt 0.753426 0.059914
vt 0.749272 0.043668
vt 0.809194 0.083616
vt 0.792647 0.086253
vt 0.776661 0.082262
vt 0.762535 0.073780
vt 0.752699 0.060215
vt 0.792647 0.087043
vt 0.776401 0.082889
vt 0.761976 0.074339
vt 0.776100 0.083616
vt 0.891908 0.054621
vt 0.881545 0.061428
vt 0.878941 0.055142
vt 0.887082 0.049795
vt 0.869404 0.063942
vt 0.869404 0.057117
vt 0.876254 0.048654
vt 0.881821 0.044535
vt 0.898715 0.044258
vt 0.892429 0.041655
vt 0.857264 0.061428
vt 0.859867 0.055142
vt 0.869404 0.049678
vt 0.873870 0.042898
vt 0.876565 0.039278
vt 0.885941 0.038967
vt 0.901229 0.032118
vt 0.894404 0.032118
vt 0.846901 0.054621
vt 0.851727 0.049795
vt 0.862555 0.048654
vt 0.869404 0.042244
vt 0.869404 0.032118
vt 0.880185 0.036583
vt 0.886965 0.032118
vt 0.898715 0.019977
vt 0.892429 0.022581
vt 0.840094 0.044258
vt 0.846380 0.041655
vt 0.856987 0.044535
vt 0.864939 0.042898
vt 0.879531 0.032118
vt 0.862244 0.039278
vt 0.885941 0.025268
vt 0.891908 0.009614
vt 0.887082 0.014440
vt 0.837580 0.032118
vt 0.844405 0.032118
vt 0.852868 0.038967
vt 0.876565 0.024957
vt 0.880185 0.027652
vt 0.858624 0.036583
vt 0.859278 0.032118
vt 0.881821 0.019701
vt 0.881545 0.002807
vt 0.878941 0.009093
vt 0.840094 0.019977
vt 0.846380 0.022581
vt 0.851844 0.032118
vt 0.869404 0.021991
vt 0.873870 0.021337
vt 0.858624 0.027652
vt 0.862244 0.024957
vt 0.876254 0.015581
vt 0.869404 0.000293
vt 0.869404 0.007118
vt 0.846901 0.009614
vt 0.851727 0.014440
vt 0.852868 0.025268
vt 0.864939 0.021337
vt 0.869404 0.014557
vt 0.856987 0.019701
vt 0.857264 0.002807
vt 0.859867 0.009093
vt 0.862555 0.015581
vt 0.084872 0.061685
vt 0.088268 0.045288
vt 0.088546 0.045288
vt 0.085128 0.061791
vt 0.084872 0.028892
vt 0.085128 0.028786
vt 0.089036 0.045288
vt 0.085580 0.061978
vt 0.075680 0.075680
vt 0.075876 0.075876
vt 0.075680 0.014897
vt 0.075876 0.014701
vt 0.085580 0.028599
vt 0.089646 0.045288
vt 0.086142 0.062210
vt 0.076223 0.076223
vt 0.061685 0.084872
vt 0.061791 0.085128
vt 0.061685 0.005704
vt 0.061791 0.005449
vt 0.076223 0.014354
vt 0.086142 0.028366
vt 0.090284 0.045288
vt 0.086729 0.062454
vt 0.076654 0.076654
vt 0.061978 0.085580
vt 0.045288 0.088268
vt 0.045288 0.088546
vt 0.045288 0.002309
vt 0.045288 0.002031
vt 0.061978 0.004997
vt 0.076654 0.013923
vt 0.086729 0.028123
vt 0.077105 0.077105
vt 0.062210 0.086142
vt 0.045288 0.089036
vt 0.028892 0.084872
vt 0.028786 0.085128
vt 0.028892 0.005704
vt 0.028786 0.005449
vt 0.045288 0.001541
vt 0.062210 0.004435
vt 0.077105 0.013472
vt 0.062454 0.086729
vt 0.045288 0.089646
vt 0.028599 0.085580
vt 0.014897 0.075680
vt 0.014701 0.075876
vt 0.014897 0.014897
vt 0.014701 0.014701
vt 0.028599 0.004997
vt 0.045288 0.000930
vt 0.062454 0.003848
vt 0.045288 0.090284
vt 0.028366 0.086142
vt 0.014354 0.076223
vt 0.005704 0.061685
vt 0.005449 0.061791
vt 0.005704 0.028892
vt 0.005449 0.028786
vt 0.014354 0.014354
vt 0.028366 0.004435
vt 0.045288 0.000293
vt 0.028123 0.086729
vt 0.013923 0.076654
vt 0.004997 0.061978
vt 0.002309 0.045288
vt 0.002031 0.045288
vt 0.004997 0.028599
vt 0.013923 0.013923
vt 0.028123 0.003848
vt 0.013472 0.077105
vt 0.004435 0.062210
vt 0.001541 0.045288
vt 0.004435 0.028366
vt 0.013472 0.013472
vt 0.003848 0.062454
vt 0.000930 0.045288
vt 0.003848 0.028123
vt 0.000293 0.045288
vt 0.465002 0.250297
vt 0.463446 0.252859
vt 0.460408 0.251622
vt 0.462413 0.247875
vt 0.467324 0.252716
vt 0.465923 0.253956
vt 0.463073 0.256011
vt 0.459667 0.256011
vt 0.457210 0.250424
vt 0.459762 0.245654
vt 0.467079 0.248401
vt 0.465466 0.245414
vt 0.468291 0.251050
vt 0.470206 0.256011
vt 0.466212 0.256011
vt 0.463446 0.259164
vt 0.460408 0.260401
vt 0.456267 0.256011
vt 0.454252 0.249442
vt 0.457253 0.243835
vt 0.463648 0.242522
vt 0.469658 0.247929
vt 0.469042 0.244505
vt 0.470009 0.251351
vt 0.467324 0.259307
vt 0.465923 0.258067
vt 0.465002 0.261726
vt 0.462413 0.264147
vt 0.457210 0.261599
vt 0.453143 0.256011
vt 0.451643 0.248711
vt 0.454978 0.242479
vt 0.461821 0.240152
vt 0.468201 0.241364
vt 0.472216 0.248401
vt 0.472618 0.245414
vt 0.471640 0.251050
vt 0.472694 0.252716
vt 0.470009 0.260672
vt 0.468291 0.260973
vt 0.467079 0.263622
vt 0.465466 0.266608
vt 0.459762 0.266369
vt 0.454252 0.262581
vt 0.472753 0.242522
vt 0.474314 0.250297
vt 0.475671 0.247875
vt 0.474008 0.253956
vt 0.473807 0.256011
vt 0.472694 0.259307
vt 0.471640 0.260973
vt 0.469658 0.264093
vt 0.469042 0.267517
vt 0.463648 0.269501
vt 0.457253 0.268188
vt 0.475848 0.252859
vt 0.476243 0.256011
vt 0.474008 0.258067
vt 0.474314 0.261726
vt 0.472216 0.263622
vt 0.472618 0.266608
vt 0.468201 0.270659
vt 0.461821 0.271871
vt 0.454978 0.269544
vt 0.451643 0.263312
vt 0.475848 0.259164
vt 0.475671 0.264147
vt 0.472753 0.269501
vt 0.023554 0.293213
vt 0.018986 0.289530
vt 0.021495 0.287711
vt 0.025381 0.290844
vt 0.015985 0.283923
vt 0.018942 0.282942
vt 0.024146 0.285490
vt 0.027198 0.287951
vt 0.016711 0.290886
vt 0.013376 0.284655
vt 0.014876 0.277354
vt 0.017999 0.277354
vt 0.022141 0.281743
vt 0.026734 0.283069
vt 0.028811 0.284965
vt 0.029933 0.292001
vt 0.030775 0.288860
vt 0.015985 0.270785
vt 0.018942 0.271766
vt 0.021400 0.277354
vt 0.025179 0.280507
vt 0.029057 0.280650
vt 0.030024 0.282316
vt 0.031391 0.285436
vt 0.034486 0.290844
vt 0.034351 0.287951
vt 0.018986 0.265178
vt 0.021495 0.266997
vt 0.022141 0.272965
vt 0.024806 0.277354
vt 0.027656 0.279409
vt 0.031939 0.277354
vt 0.031742 0.282015
vt 0.033948 0.284965
vt 0.013376 0.270053
vt 0.016711 0.263822
vt 0.023554 0.261495
vt 0.025381 0.263864
vt 0.024146 0.269218
vt 0.025179 0.274202
vt 0.027945 0.277354
vt 0.034427 0.280650
vt 0.033373 0.282316
vt 0.037404 0.285490
vt 0.036047 0.283069
vt 0.027198 0.266757
vt 0.026734 0.271639
vt 0.027656 0.275299
vt 0.029057 0.274059
vt 0.035539 0.277354
vt 0.035741 0.279409
vt 0.029933 0.262707
vt 0.030775 0.265848
vt 0.028811 0.269743
vt 0.030024 0.272393
vt 0.031742 0.272693
vt 0.034427 0.274059
vt 0.035741 0.275299
vt 0.037976 0.277354
vt 0.037581 0.280507
vt 0.034486 0.263864
vt 0.034351 0.266757
vt 0.031391 0.269272
vt 0.033373 0.272393
vt 0.036047 0.271639
vt 0.037581 0.274202
vt 0.033948 0.269743
vt 0.037404 0.269218
vt 0.777225 0.144487
vt 0.773742 0.144824
vt 0.773182 0.141667
vt 0.778096 0.140936
vt 0.776355 0.148036
vt 0.774239 0.147624
vt 0.770527 0.146667
vt 0.768559 0.144039
vt 0.772639 0.138609
vt 0.778894 0.137678
vt 0.780468 0.145128
vt 0.782547 0.142090
vt 0.778624 0.147823
vt 0.775170 0.152869
vt 0.772492 0.149293
vt 0.767853 0.149233
vt 0.764981 0.147806
vt 0.766755 0.141628
vt 0.784561 0.139148
vt 0.782719 0.147218
vt 0.785918 0.144823
vt 0.779523 0.149610
vt 0.770198 0.152645
vt 0.770400 0.150499
vt 0.766548 0.152480
vt 0.762896 0.152315
vt 0.762200 0.146424
vt 0.788852 0.142627
vt 0.784090 0.149967
vt 0.787591 0.148828
vt 0.780985 0.150977
vt 0.780142 0.153094
vt 0.770816 0.156128
vt 0.769354 0.154762
vt 0.766249 0.155772
vt 0.762749 0.156911
vt 0.759545 0.152163
vt 0.786210 0.136738
vt 0.791256 0.140828
vt 0.790981 0.147724
vt 0.783792 0.153259
vt 0.787444 0.153424
vt 0.779940 0.155240
vt 0.777847 0.156446
vt 0.773985 0.157703
vt 0.771716 0.157916
vt 0.767620 0.158521
vt 0.764422 0.160915
vt 0.759358 0.158014
vt 0.790795 0.153575
vt 0.782487 0.156506
vt 0.785358 0.157933
vt 0.779813 0.159072
vt 0.776101 0.158114
vt 0.773115 0.161252
vt 0.769872 0.160611
vt 0.767793 0.163648
vt 0.761488 0.163112
vt 0.788140 0.159315
vt 0.781780 0.161700
vt 0.776597 0.160915
vt 0.772244 0.164803
vt 0.765779 0.166591
vt 0.783585 0.164110
vt 0.777158 0.164072
vt 0.771445 0.168061
vt 0.764129 0.169001
vt 0.759084 0.164911
vt 0.777700 0.167130
vt 0.912805 0.142820
vt 0.917850 0.138730
vt 0.919499 0.141140
vt 0.915208 0.144620
vt 0.921513 0.144083
vt 0.918142 0.146816
vt 0.925166 0.139671
vt 0.925965 0.142929
vt 0.923592 0.147121
vt 0.921341 0.149210
vt 0.913079 0.149717
vt 0.916470 0.150820
vt 0.931421 0.140602
vt 0.930878 0.143660
vt 0.926835 0.146480
vt 0.925436 0.149815
vt 0.924537 0.151603
vt 0.919970 0.151959
vt 0.913265 0.155568
vt 0.916616 0.155417
vt 0.937305 0.143621
vt 0.935501 0.146032
vt 0.930318 0.146817
vt 0.927705 0.150028
vt 0.928890 0.154862
vt 0.923075 0.152970
vt 0.920269 0.155252
vt 0.915921 0.161308
vt 0.918702 0.159925
vt 0.941860 0.148417
vt 0.939079 0.149799
vt 0.933534 0.148660
vt 0.929821 0.149617
vt 0.923919 0.155087
vt 0.931568 0.151285
vt 0.921573 0.158499
vt 0.920475 0.166103
vt 0.922280 0.163692
vt 0.944516 0.154156
vt 0.941165 0.154307
vt 0.936208 0.151226
vt 0.926213 0.158439
vt 0.924120 0.157233
vt 0.933661 0.152491
vt 0.933862 0.154638
vt 0.924247 0.161065
vt 0.926360 0.169122
vt 0.926903 0.166064
vt 0.944702 0.160007
vt 0.941311 0.158904
vt 0.937512 0.154473
vt 0.930076 0.159696
vt 0.927960 0.160107
vt 0.934706 0.156754
vt 0.933244 0.158121
vt 0.927463 0.162907
vt 0.932615 0.170053
vt 0.931816 0.166795
vt 0.942573 0.165105
vt 0.939638 0.162908
vt 0.937811 0.157765
vt 0.932344 0.159909
vt 0.930946 0.163244
vt 0.936440 0.160514
vt 0.938282 0.168584
vt 0.936268 0.165641
vt 0.934189 0.162604
vt 0.944976 0.166904
vt 0.939931 0.170994
vt 0.899148 0.108330
vt 0.900237 0.113099
vt 0.893629 0.112907
vt 0.893258 0.108250
vt 0.903673 0.108495
vt 0.906176 0.113613
vt 0.887868 0.112608
vt 0.887568 0.108152
vt 0.898785 0.100856
vt 0.893135 0.100849
vt 0.902839 0.100879
vt 0.884474 0.111771
vt 0.883645 0.107935
vt 0.887469 0.100849
vt 0.899152 0.093380
vt 0.893258 0.093447
vt 0.903687 0.093254
vt 0.883369 0.100849
vt 0.887568 0.093545
vt 0.900251 0.088604
vt 0.893629 0.088790
vt 0.906233 0.088108
vt 0.883645 0.093762
vt 0.887868 0.089089
vt 0.884474 0.089926
vt 0.402860 0.299684
vt 0.407317 0.299476
vt 0.407248 0.306770
vt 0.402583 0.306770
vt 0.403689 0.295848
vt 0.407524 0.295019
vt 0.414611 0.299407
vt 0.414611 0.306770
vt 0.407317 0.314063
vt 0.402860 0.313856
vt 0.414611 0.294742
vt 0.421904 0.299476
vt 0.421974 0.306770
vt 0.414611 0.314132
vt 0.407524 0.318521
vt 0.403689 0.317692
vt 0.421697 0.295019
vt 0.426362 0.299684
vt 0.426639 0.306770
vt 0.421904 0.314063
vt 0.414611 0.318798
vt 0.425533 0.295848
vt 0.426362 0.313856
vt 0.421697 0.318521
vt 0.425533 0.317692
vt 0.975224 0.092810
vt 0.979681 0.092602
vt 0.979612 0.100624
vt 0.974947 0.100624
vt 0.976053 0.088731
vt 0.979889 0.087902
vt 0.986975 0.092533
vt 0.986975 0.100624
vt 0.979612 0.109059
vt 0.974947 0.109059
vt 0.986975 0.087625
vt 0.994269 0.092602
vt 0.994338 0.100624
vt 0.986975 0.109059
vt 0.974947 0.114997
vt 0.979612 0.114997
vt 0.994061 0.087902
vt 0.998726 0.092810
vt 0.999003 0.100624
vt 0.994338 0.109059
vt 0.986975 0.114997
vt 0.974947 0.120354
vt 0.979612 0.120354
vt 0.997897 0.088731
vt 0.999003 0.109059
vt 0.994338 0.114997
vt 0.986975 0.120354
vt 0.979612 0.127046
vt 0.974947 0.127046
vt 0.999003 0.114997
vt 0.994338 0.120354
vt 0.986975 0.127046
vt 0.979681 0.133325
vt 0.975224 0.133118
vt 0.999003 0.120354
vt 0.994338 0.127046
vt 0.986975 0.133394
vt 0.979889 0.137445
vt 0.976053 0.136616
vt 0.999003 0.127046
vt 0.994269 0.133325
vt 0.986975 0.137721
vt 0.998726 0.133118
vt 0.994061 0.137445
vt 0.997897 0.136616
vt 0.492732 0.274277
vt 0.492399 0.264986
vt 0.495695 0.264986
vt 0.495193 0.277529
vt 0.492399 0.248261
vt 0.495695 0.248261
vt 0.499420 0.264986
vt 0.498917 0.277529
vt 0.493684 0.281710
vt 0.490891 0.277529
vt 0.492399 0.231536
vt 0.495695 0.231536
vt 0.499420 0.248261
vt 0.503144 0.264986
vt 0.502641 0.277529
vt 0.492732 0.222245
vt 0.495193 0.218993
vt 0.499420 0.231536
vt 0.503144 0.248261
vt 0.490891 0.218993
vt 0.493684 0.214812
vt 0.498917 0.218993
vt 0.503144 0.231536
vt 0.502641 0.218993
vt 0.415666 0.291286
vt 0.416746 0.281995
vt 0.420422 0.281995
vt 0.417742 0.294538
vt 0.418004 0.265270
vt 0.421859 0.265270
vt 0.424146 0.281995
vt 0.421467 0.294538
vt 0.416746 0.248546
vt 0.420422 0.248546
vt 0.425584 0.265270
vt 0.427871 0.281995
vt 0.425191 0.294538
vt 0.415666 0.239254
vt 0.417742 0.236002
vt 0.424146 0.248546
vt 0.429308 0.265270
vt 0.421467 0.236002
vt 0.427871 0.248546
vt 0.425191 0.236002
vt 0.042237 0.296626
vt 0.036347 0.296707
vt 0.036718 0.292050
vt 0.043326 0.291858
vt 0.041874 0.304100
vt 0.036224 0.304108
vt 0.030658 0.296805
vt 0.030957 0.292349
vt 0.049265 0.291343
vt 0.046762 0.296461
vt 0.042241 0.311577
vt 0.036347 0.311509
vt 0.030558 0.304108
vt 0.045928 0.304077
vt 0.026735 0.297022
vt 0.027564 0.293186
vt 0.043340 0.316352
vt 0.036718 0.316166
vt 0.030658 0.311411
vt 0.046776 0.311703
vt 0.026458 0.304108
vt 0.030957 0.315867
vt 0.049322 0.316848
vt 0.026735 0.311194
vt 0.027564 0.315030
vt 0.024072 0.297705
vt 0.024348 0.304792
vt 0.019683 0.304792
vt 0.019614 0.297498
vt 0.024072 0.311878
vt 0.019614 0.312085
vt 0.012321 0.304792
vt 0.012321 0.297429
vt 0.019407 0.293040
vt 0.023243 0.293869
vt 0.023243 0.315714
vt 0.019407 0.316543
vt 0.012321 0.312154
vt 0.004958 0.304792
vt 0.005027 0.297498
vt 0.012321 0.292764
vt 0.012321 0.316819
vt 0.005027 0.312085
vt 0.000293 0.304792
vt 0.000569 0.297705
vt 0.005234 0.293040
vt 0.005234 0.316543
vt 0.000569 0.311878
vt 0.001398 0.293869
vt 0.001398 0.315714
vt 0.024072 0.155805
vt 0.024348 0.163619
vt 0.019683 0.163619
vt 0.019614 0.155597
vt 0.024348 0.172054
vt 0.019683 0.172054
vt 0.012321 0.163619
vt 0.012321 0.155528
vt 0.019407 0.150897
vt 0.023243 0.151726
vt 0.024348 0.177992
vt 0.019683 0.177992
vt 0.012321 0.172054
vt 0.004958 0.163619
vt 0.005027 0.155597
vt 0.012321 0.150620
vt 0.024348 0.183349
vt 0.019683 0.183349
vt 0.012321 0.177992
vt 0.004958 0.172054
vt 0.000293 0.163619
vt 0.000569 0.155805
vt 0.005234 0.150897
vt 0.024348 0.190041
vt 0.019683 0.190041
vt 0.012321 0.183349
vt 0.004958 0.177992
vt 0.000293 0.172054
vt 0.001398 0.151726
vt 0.024072 0.196113
vt 0.019614 0.196320
vt 0.012321 0.190041
vt 0.004958 0.183349
vt 0.000293 0.177992
vt 0.023243 0.199611
vt 0.019407 0.200440
vt 0.012321 0.196389
vt 0.004958 0.190041
vt 0.000293 0.183349
vt 0.012321 0.200716
vt 0.005027 0.196320
vt 0.000293 0.190041
vt 0.005234 0.200440
vt 0.000569 0.196113
vt 0.001398 0.199611
vt 0.957866 0.152709
vt 0.957212 0.149036
vt 0.964565 0.149036
vt 0.964121 0.152709
vt 0.952199 0.152709
vt 0.950550 0.149036
vt 0.956724 0.144850
vt 0.964897 0.144850
vt 0.971483 0.149036
vt 0.970005 0.152709
vt 0.949320 0.144850
vt 0.956425 0.140305
vt 0.965100 0.140305
vt 0.972585 0.144850
vt 0.945505 0.149036
vt 0.943714 0.144850
vt 0.948567 0.140305
vt 0.956323 0.135580
vt 0.965169 0.135580
vt 0.973260 0.140305
vt 0.942616 0.140305
vt 0.948309 0.135580
vt 0.956425 0.130856
vt 0.965100 0.130856
vt 0.973491 0.135580
vt 0.942241 0.135580
vt 0.948567 0.130856
vt 0.956724 0.126311
vt 0.964897 0.126311
vt 0.973260 0.130856
vt 0.942616 0.130856
vt 0.949320 0.126311
vt 0.957212 0.122125
vt 0.964565 0.122125
vt 0.972585 0.126311
vt 0.943714 0.126311
vt 0.950550 0.122125
vt 0.957866 0.118452
vt 0.964121 0.118452
vt 0.971483 0.122125
vt 0.945505 0.122125
vt 0.952199 0.118452
vt 0.970005 0.118452
vt 0.852484 0.129366
vt 0.854275 0.133552
vt 0.848668 0.133552
vt 0.847439 0.129366
vt 0.855372 0.138097
vt 0.849421 0.138097
vt 0.841264 0.133552
vt 0.840777 0.129366
vt 0.855748 0.142822
vt 0.849679 0.142822
vt 0.841563 0.138097
vt 0.833092 0.133552
vt 0.833423 0.129366
vt 0.845789 0.125693
vt 0.840122 0.125693
vt 0.855372 0.147546
vt 0.849421 0.147546
vt 0.841665 0.142822
vt 0.832889 0.138097
vt 0.825403 0.133552
vt 0.826505 0.129366
vt 0.833867 0.125693
vt 0.854275 0.152091
vt 0.848668 0.152091
vt 0.841563 0.147546
vt 0.832819 0.142822
vt 0.824728 0.138097
vt 0.827983 0.125693
vt 0.852484 0.156277
vt 0.847439 0.156277
vt 0.841264 0.152091
vt 0.832889 0.147546
vt 0.824497 0.142822
vt 0.840777 0.156277
vt 0.833092 0.152091
vt 0.824728 0.147546
vt 0.845789 0.159950
vt 0.840122 0.159950
vt 0.833423 0.156277
vt 0.825403 0.152091
vt 0.833867 0.159950
vt 0.826505 0.156277
vt 0.827983 0.159950
vt 0.250123 0.574382
vt 0.215182 0.575046
vt 0.220336 0.557316
vt 0.255783 0.557150
vt 0.207915 0.574911
vt 0.212628 0.557283
vt 0.218760 0.523308
vt 0.252882 0.523308
vt 0.280149 0.573717
vt 0.286705 0.556984
vt 0.179520 0.574382
vt 0.182512 0.557150
vt 0.211235 0.523308
vt 0.211895 0.466922
vt 0.242905 0.466922
vt 0.282794 0.523308
vt 0.143499 0.573717
vt 0.143499 0.556984
vt 0.181831 0.523308
vt 0.205057 0.466922
vt 0.201184 0.382060
vt 0.227337 0.382060
vt 0.270089 0.466922
vt 0.107478 0.574382
vt 0.104486 0.557150
vt 0.143499 0.523308
vt 0.178335 0.466922
vt 0.195416 0.382060
vt 0.188483 0.283259
vt 0.208858 0.283226
vt 0.250263 0.382060
vt 0.071816 0.575046
vt 0.066662 0.557317
vt 0.105167 0.523308
vt 0.143499 0.466922
vt 0.172879 0.382060
vt 0.183986 0.283252
vt 0.175651 0.185053
vt 0.190147 0.184922
vt 0.226723 0.283194
vt 0.036875 0.574382
vt 0.031215 0.557150
vt 0.068238 0.523308
vt 0.108663 0.466922
vt 0.143499 0.382060
vt 0.166415 0.283226
vt 0.172440 0.185026
vt 0.164546 0.101978
vt 0.173885 0.101650
vt 0.202874 0.184791
vt 0.006849 0.573717
vt 0.000293 0.556984
vt 0.034116 0.523308
vt 0.075103 0.466922
vt 0.114119 0.382060
vt 0.143499 0.283194
vt 0.159891 0.184922
vt 0.162450 0.101911
vt 0.157027 0.048568
vt 0.162752 0.047913
vt 0.182122 0.101322
vt 0.004204 0.523308
vt 0.044093 0.466922
vt 0.085814 0.382060
vt 0.120583 0.283226
vt 0.143499 0.184791
vt 0.154260 0.101650
vt 0.155691 0.048434
vt 0.153391 0.025913
vt 0.154989 0.017243
vt 0.167871 0.047257
vt 0.016909 0.466922
vt 0.059661 0.382060
vt 0.098515 0.283259
vt 0.127107 0.184922
vt 0.143499 0.101322
vt 0.150471 0.047913
vt 0.152421 0.024146
vt 0.148841 0.003176
vt 0.148629 0.017243
vt 0.158241 0.015834
vt 0.036735 0.382060
vt 0.078140 0.283226
vt 0.111347 0.185053
vt 0.132738 0.101650
vt 0.143499 0.047257
vt 0.151349 0.000293
vt 0.143499 0.000293
vt 0.143499 0.015834
vt 0.060275 0.283194
vt 0.096851 0.184922
vt 0.122451 0.101978
vt 0.136527 0.047913
vt 0.138369 0.017243
vt 0.138157 0.003176
vt 0.084124 0.184791
vt 0.113113 0.101650
vt 0.129971 0.048568
vt 0.133607 0.025913
vt 0.132009 0.017243
vt 0.104876 0.101322
vt 0.124246 0.047913
vt 0.135649 0.000293
vt 0.128757 0.015834
vt 0.119127 0.047257
vt 0.498037 0.000958
vt 0.532978 0.000293
vt 0.527824 0.018023
vt 0.492377 0.018189
vt 0.568640 0.000958
vt 0.565648 0.018189
vt 0.529400 0.052032
vt 0.495278 0.052032
vt 0.468011 0.001622
vt 0.461455 0.018355
vt 0.604661 0.001622
vt 0.604661 0.018355
vt 0.566329 0.052032
vt 0.536264 0.108418
vt 0.505255 0.108418
vt 0.465366 0.052032
vt 0.640682 0.000958
vt 0.643674 0.018189
vt 0.604661 0.052032
vt 0.569825 0.108418
vt 0.546976 0.193279
vt 0.520823 0.193279
vt 0.478071 0.108418
vt 0.676343 0.000293
vt 0.681498 0.018023
vt 0.642993 0.052032
vt 0.604661 0.108418
vt 0.575281 0.193279
vt 0.559677 0.292080
vt 0.539302 0.292113
vt 0.497897 0.193279
vt 0.711285 0.000958
vt 0.716945 0.018189
vt 0.679922 0.052032
vt 0.639497 0.108418
vt 0.604661 0.193279
vt 0.581745 0.292113
vt 0.572509 0.390286
vt 0.558013 0.390417
vt 0.521437 0.292146
vt 0.741311 0.001622
vt 0.747867 0.018355
vt 0.714044 0.052032
vt 0.673057 0.108418
vt 0.634041 0.193279
vt 0.604661 0.292146
vt 0.588269 0.390417
vt 0.583613 0.473362
vt 0.574275 0.473689
vt 0.545286 0.390548
vt 0.743956 0.052032
vt 0.704067 0.108418
vt 0.662346 0.193279
vt 0.627576 0.292113
vt 0.604661 0.390548
vt 0.593900 0.473689
vt 0.591133 0.526772
vt 0.585408 0.527427
vt 0.566038 0.474017
vt 0.731251 0.108418
vt 0.688499 0.193279
vt 0.649645 0.292080
vt 0.621053 0.390417
vt 0.604661 0.474017
vt 0.597689 0.527427
vt 0.594769 0.549426
vt 0.593170 0.558096
vt 0.580289 0.528082
vt 0.711425 0.193279
vt 0.670019 0.292113
vt 0.636813 0.390286
vt 0.615422 0.473689
vt 0.604661 0.528082
vt 0.599531 0.558096
vt 0.599319 0.572163
vt 0.589919 0.559505
vt 0.687885 0.292146
vt 0.651309 0.390417
vt 0.625708 0.473362
vt 0.611632 0.527427
vt 0.604661 0.559505
vt 0.596811 0.575046
vt 0.604661 0.575046
vt 0.664036 0.390548
vt 0.635047 0.473689
vt 0.618189 0.526772
vt 0.609791 0.558096
vt 0.610003 0.572163
vt 0.643284 0.474017
vt 0.623914 0.527427
vt 0.614553 0.549426
vt 0.616151 0.558096
vt 0.629033 0.528082
vt 0.612511 0.575046
vt 0.619403 0.559505
vt 0.050594 0.009377
vt 0.050594 0.024056
vt 0.041513 0.024416
vt 0.041513 0.010045
vt 0.058894 0.009842
vt 0.058894 0.024306
vt 0.050594 0.041253
vt 0.041513 0.041253
vt 0.032401 0.025390
vt 0.032401 0.011851
vt 0.064931 0.010629
vt 0.064931 0.024731
vt 0.058894 0.041253
vt 0.050594 0.058450
vt 0.041513 0.058089
vt 0.032401 0.041253
vt 0.024010 0.026979
vt 0.024010 0.014797
vt 0.067225 0.010928
vt 0.067225 0.024892
vt 0.064931 0.041253
vt 0.058894 0.058199
vt 0.050594 0.073128
vt 0.041513 0.072460
vt 0.032401 0.057115
vt 0.024010 0.041253
vt 0.016646 0.029112
vt 0.016646 0.018749
vt 0.067575 0.010938
vt 0.067575 0.024898
vt 0.067225 0.041253
vt 0.064931 0.057775
vt 0.058894 0.072664
vt 0.032401 0.070655
vt 0.024010 0.055526
vt 0.016646 0.041253
vt 0.067783 0.010861
vt 0.067783 0.024857
vt 0.067575 0.041253
vt 0.067225 0.057613
vt 0.064931 0.071877
vt 0.024010 0.067709
vt 0.016646 0.053393
vt 0.067783 0.041253
vt 0.067575 0.057607
vt 0.067225 0.071578
vt 0.016646 0.063756
vt 0.067783 0.057649
vt 0.067575 0.071567
vt 0.067783 0.071644
vt 0.017482 0.150464
vt 0.017482 0.135786
vt 0.026563 0.135425
vt 0.026563 0.149796
vt 0.009182 0.149999
vt 0.009182 0.135535
vt 0.017482 0.118589
vt 0.026563 0.118589
vt 0.035675 0.134451
vt 0.035675 0.147991
vt 0.003144 0.149212
vt 0.003144 0.135110
vt 0.009182 0.118589
vt 0.017482 0.101391
vt 0.026563 0.101752
vt 0.035675 0.118589
vt 0.044066 0.132862
vt 0.044066 0.145045
vt 0.000851 0.148914
vt 0.000851 0.134949
vt 0.003144 0.118589
vt 0.009182 0.101642
vt 0.017482 0.086713
vt 0.026563 0.087381
vt 0.035675 0.102726
vt 0.044066 0.118589
vt 0.051430 0.130729
vt 0.051430 0.141092
vt 0.000501 0.148903
vt 0.000501 0.134943
vt 0.000851 0.118589
vt 0.003144 0.102067
vt 0.009182 0.087178
vt 0.035675 0.089186
vt 0.044066 0.104315
vt 0.051430 0.118589
vt 0.000293 0.148980
vt 0.000293 0.134985
vt 0.000501 0.118589
vt 0.000851 0.102228
vt 0.003144 0.087964
vt 0.044066 0.092132
vt 0.051430 0.106448
vt 0.000293 0.118589
vt 0.000501 0.102234
vt 0.000851 0.088263
vt 0.051430 0.096085
vt 0.000293 0.102192
vt 0.000501 0.088274
vt 0.000293 0.088197
vt 0.095525 0.031721
vt 0.096817 0.032245
vt 0.096817 0.046716
vt 0.095525 0.046433
vt 0.098145 0.032999
vt 0.098145 0.047123
vt 0.096817 0.063670
vt 0.095525 0.063670
vt 0.095142 0.046505
vt 0.095142 0.031853
vt 0.098145 0.063670
vt 0.096817 0.080624
vt 0.095525 0.080906
vt 0.095142 0.063670
vt 0.098145 0.080217
vt 0.096817 0.095095
vt 0.095525 0.095619
vt 0.095142 0.080835
vt 0.098145 0.094341
vt 0.095142 0.095486
vt 0.101033 0.096688
vt 0.099741 0.096164
vt 0.099741 0.081693
vt 0.101033 0.081975
vt 0.098413 0.095410
vt 0.098413 0.081286
vt 0.099741 0.064739
vt 0.101033 0.064739
vt 0.101415 0.081904
vt 0.101415 0.096555
vt 0.098413 0.064739
vt 0.099741 0.047785
vt 0.101033 0.047502
vt 0.101415 0.064739
vt 0.098413 0.048192
vt 0.099741 0.033314
vt 0.101033 0.032790
vt 0.101415 0.047574
vt 0.098413 0.034068
vt 0.101415 0.032922
vt 0.803594 0.085932
vt 0.806055 0.086926
vt 0.803834 0.090098
vt 0.800701 0.088833
vt 0.809802 0.087579
vt 0.808604 0.090930
vt 0.802015 0.093735
vt 0.798332 0.092247
vt 0.808477 0.084392
vt 0.811039 0.084929
vt 0.814191 0.087820
vt 0.814191 0.091237
vt 0.807622 0.094712
vt 0.814191 0.085020
vt 0.818581 0.087579
vt 0.819779 0.090930
vt 0.814191 0.095073
vt 0.806891 0.098774
vt 0.800659 0.097687
vt 0.817344 0.084929
vt 0.822327 0.086926
vt 0.824549 0.090098
vt 0.820761 0.094712
vt 0.814191 0.099175
vt 0.806442 0.102963
vt 0.799828 0.101810
vt 0.819906 0.084392
vt 0.824788 0.085932
vt 0.827681 0.088833
vt 0.826368 0.093735
vt 0.821492 0.098774
vt 0.814191 0.103389
vt 0.806289 0.107117
vt 0.799544 0.105941
vt 0.830051 0.092247
vt 0.827724 0.097687
vt 0.821940 0.102963
vt 0.814191 0.107551
vt 0.806442 0.111075
vt 0.799828 0.109922
vt 0.828554 0.101810
vt 0.822094 0.107117
vt 0.814191 0.111501
vt 0.806891 0.114690
vt 0.800659 0.113604
vt 0.828839 0.105941
vt 0.821940 0.111075
vt 0.814191 0.115091
vt 0.828554 0.109922
vt 0.821492 0.114690
vt 0.814191 0.118175
vt 0.807622 0.117814
vt 0.827724 0.113604
vt 0.820761 0.117814
vt 0.814219 0.151838
vt 0.807650 0.152199
vt 0.807650 0.149115
vt 0.814951 0.148714
vt 0.801081 0.151838
vt 0.800349 0.148714
vt 0.807650 0.145525
vt 0.815399 0.145099
vt 0.799901 0.145099
vt 0.807650 0.141575
vt 0.815552 0.141141
vt 0.821182 0.147628
vt 0.822013 0.143946
vt 0.794118 0.147628
vt 0.793287 0.143946
vt 0.799748 0.141141
vt 0.807650 0.137412
vt 0.815399 0.136987
vt 0.822297 0.139965
vt 0.793003 0.139965
vt 0.799901 0.136987
vt 0.807650 0.133199
vt 0.814951 0.132798
vt 0.822013 0.135834
vt 0.793287 0.135834
vt 0.800349 0.132798
vt 0.807650 0.129097
vt 0.814219 0.128736
vt 0.821182 0.131711
vt 0.794118 0.131711
vt 0.801081 0.128736
vt 0.807650 0.125261
vt 0.813238 0.124954
vt 0.819826 0.127759
vt 0.795474 0.127759
vt 0.802062 0.124954
vt 0.807650 0.121844
vt 0.812040 0.121603
vt 0.818007 0.124122
vt 0.797293 0.124122
vt 0.803261 0.121603
vt 0.807650 0.119044
vt 0.810803 0.118953
vt 0.815786 0.120950
vt 0.823510 0.126271
vt 0.821140 0.122857
vt 0.791791 0.126271
vt 0.794160 0.122857
vt 0.799514 0.120950
vt 0.804498 0.118953
vt 0.813365 0.118416
vt 0.818247 0.119956
vt 0.797053 0.119956
vt 0.801935 0.118416
vt 0.450915 0.177182
vt 0.444660 0.177182
vt 0.444215 0.173508
vt 0.451569 0.173508
vt 0.438775 0.177182
vt 0.437297 0.173508
vt 0.443884 0.169323
vt 0.452057 0.169323
vt 0.456581 0.177182
vt 0.458231 0.173508
vt 0.436195 0.169323
vt 0.443681 0.164778
vt 0.452355 0.164778
vt 0.459460 0.169323
vt 0.435520 0.164778
vt 0.443611 0.160053
vt 0.452457 0.160053
vt 0.460213 0.164778
vt 0.463276 0.173508
vt 0.465067 0.169323
vt 0.435290 0.160053
vt 0.443681 0.155329
vt 0.452355 0.155329
vt 0.460471 0.160053
vt 0.466164 0.164778
vt 0.435520 0.155329
vt 0.443884 0.150783
vt 0.452057 0.150783
vt 0.460213 0.155329
vt 0.466540 0.160053
vt 0.436195 0.150783
vt 0.444215 0.146598
vt 0.451569 0.146598
vt 0.459460 0.150783
vt 0.466164 0.155329
vt 0.437297 0.146598
vt 0.444660 0.142925
vt 0.450915 0.142925
vt 0.458231 0.146598
vt 0.465067 0.150783
vt 0.438775 0.142925
vt 0.456581 0.142925
vt 0.463276 0.146598
vt 0.739607 0.111779
vt 0.745273 0.111779
vt 0.744619 0.115452
vt 0.737957 0.115452
vt 0.751529 0.111779
vt 0.751973 0.115452
vt 0.744132 0.119638
vt 0.736728 0.119638
vt 0.757413 0.111779
vt 0.758891 0.115452
vt 0.752304 0.119638
vt 0.743833 0.124183
vt 0.735975 0.124183
vt 0.732912 0.115452
vt 0.731121 0.119638
vt 0.759993 0.119638
vt 0.752507 0.124183
vt 0.743731 0.128908
vt 0.735717 0.128908
vt 0.730024 0.124183
vt 0.760668 0.124183
vt 0.752577 0.128908
vt 0.743833 0.133632
vt 0.735975 0.133632
vt 0.729648 0.128908
vt 0.760899 0.128908
vt 0.752507 0.133632
vt 0.744132 0.138177
vt 0.736728 0.138177
vt 0.730024 0.133632
vt 0.760668 0.133632
vt 0.752304 0.138177
vt 0.744619 0.142363
vt 0.737957 0.142363
vt 0.731121 0.138177
vt 0.759993 0.138177
vt 0.751973 0.142363
vt 0.745273 0.146036
vt 0.739607 0.146036
vt 0.732912 0.142363
vt 0.758891 0.142363
vt 0.751529 0.146036
vt 0.757413 0.146036
vt 0.437245 0.277280
vt 0.437137 0.272199
vt 0.444753 0.273047
vt 0.444738 0.277666
vt 0.432495 0.276216
vt 0.432019 0.269716
vt 0.452378 0.272245
vt 0.452243 0.277356
vt 0.444753 0.285075
vt 0.437337 0.284936
vt 0.432695 0.284581
vt 0.457524 0.269780
vt 0.457028 0.276332
vt 0.452177 0.284987
vt 0.444776 0.292507
vt 0.437469 0.292403
vt 0.433017 0.292107
vt 0.456842 0.284661
vt 0.452085 0.292415
vt 0.437698 0.296918
vt 0.444784 0.297195
vt 0.433862 0.296089
vt 0.456543 0.292127
vt 0.451870 0.296918
vt 0.455706 0.296089
vt 0.448649 0.097012
vt 0.453106 0.096805
vt 0.453037 0.104827
vt 0.448372 0.104827
vt 0.449478 0.092933
vt 0.453314 0.092104
vt 0.460400 0.096735
vt 0.460400 0.104827
vt 0.453037 0.113261
vt 0.448372 0.113261
vt 0.460400 0.091828
vt 0.467694 0.096805
vt 0.467763 0.104827
vt 0.460400 0.113261
vt 0.448372 0.119199
vt 0.453037 0.119199
vt 0.467486 0.092104
vt 0.472151 0.097012
vt 0.472428 0.104827
vt 0.467763 0.113261
vt 0.460400 0.119199
vt 0.448372 0.124662
vt 0.453037 0.124662
vt 0.471322 0.092933
vt 0.472428 0.113261
vt 0.467763 0.119199
vt 0.460400 0.124662
vt 0.453037 0.131670
vt 0.448372 0.131670
vt 0.472428 0.119199
vt 0.467763 0.124662
vt 0.460400 0.131670
vt 0.453106 0.138265
vt 0.448649 0.138058
vt 0.472428 0.124662
vt 0.467763 0.131670
vt 0.460400 0.138334
vt 0.453314 0.142490
vt 0.449478 0.141661
vt 0.472428 0.131670
vt 0.467694 0.138265
vt 0.460400 0.142767
vt 0.472151 0.138058
vt 0.467486 0.142490
vt 0.471322 0.141661
vt 0.444741 0.316646
vt 0.444534 0.321103
vt 0.438874 0.321380
vt 0.438874 0.316715
vt 0.448723 0.316438
vt 0.447894 0.320274
vt 0.433214 0.321103
vt 0.433007 0.316646
vt 0.444810 0.309352
vt 0.438874 0.309352
vt 0.448999 0.309352
vt 0.429854 0.320274
vt 0.429025 0.316438
vt 0.432938 0.309352
vt 0.444741 0.302058
vt 0.438874 0.301989
vt 0.448723 0.302266
vt 0.428748 0.309352
vt 0.433007 0.302058
vt 0.444534 0.297601
vt 0.438874 0.297324
vt 0.447894 0.298430
vt 0.429025 0.302266
vt 0.433214 0.297601
vt 0.429854 0.298430
vt 0.969226 0.059758
vt 0.963651 0.050467
vt 0.972452 0.050467
vt 0.975628 0.063010
vt 0.968558 0.063010
vt 0.959945 0.050467
vt 0.959607 0.033742
vt 0.970141 0.033742
vt 0.982580 0.050467
vt 0.983156 0.063010
vt 0.975914 0.067191
vt 0.955323 0.033742
vt 0.963651 0.017018
vt 0.972452 0.017018
vt 0.982002 0.033742
vt 0.990266 0.050467
vt 0.989977 0.063010
vt 0.982576 0.067191
vt 0.959945 0.017018
vt 0.969226 0.007726
vt 0.975628 0.004474
vt 0.982580 0.017018
vt 0.990266 0.033742
vt 0.994826 0.050467
vt 0.993344 0.059758
vt 0.989108 0.067191
vt 0.968558 0.004474
vt 0.975914 0.000293
vt 0.983156 0.004474
vt 0.990266 0.017018
vt 0.994826 0.033742
vt 0.982576 0.000293
vt 0.989977 0.004474
vt 0.994826 0.017018
vt 0.989108 0.000293
vt 0.993344 0.007726
vt 0.055894 0.137827
vt 0.055894 0.121102
vt 0.058380 0.121102
vt 0.058380 0.137827
vt 0.055894 0.104377
vt 0.058380 0.104377
vt 0.063519 0.121102
vt 0.063519 0.137827
vt 0.057511 0.150370
vt 0.059412 0.147118
vt 0.057511 0.091834
vt 0.059412 0.095086
vt 0.063519 0.104377
vt 0.071783 0.121102
vt 0.071206 0.137827
vt 0.063229 0.150370
vt 0.062360 0.154551
vt 0.062360 0.087653
vt 0.063229 0.091834
vt 0.071206 0.104377
vt 0.083644 0.121102
vt 0.081334 0.137827
vt 0.070050 0.150370
vt 0.068892 0.154551
vt 0.068892 0.087653
vt 0.070050 0.091834
vt 0.081334 0.104377
vt 0.093599 0.121102
vt 0.089555 0.137827
vt 0.077578 0.150370
vt 0.075554 0.154551
vt 0.075554 0.087653
vt 0.077578 0.091834
vt 0.089555 0.104377
vt 0.083529 0.147118
vt 0.082910 0.150370
vt 0.082910 0.091834
vt 0.083529 0.095086
vt 0.485005 0.278343
vt 0.477512 0.278728
vt 0.477496 0.274109
vt 0.485113 0.273261
vt 0.484913 0.285998
vt 0.477496 0.286137
vt 0.470007 0.278418
vt 0.469871 0.273308
vt 0.490230 0.270778
vt 0.489755 0.277278
vt 0.489555 0.285643
vt 0.484780 0.293465
vt 0.477473 0.293569
vt 0.470072 0.286049
vt 0.465221 0.277395
vt 0.464726 0.270843
vt 0.489232 0.293169
vt 0.484552 0.297981
vt 0.477466 0.298257
vt 0.470164 0.293478
vt 0.465407 0.285724
vt 0.488388 0.297152
vt 0.470379 0.297981
vt 0.465707 0.293189
vt 0.466543 0.297152
vt 0.053508 0.153956
vt 0.053784 0.161770
vt 0.049119 0.161770
vt 0.049050 0.153748
vt 0.053784 0.170205
vt 0.049119 0.170205
vt 0.041757 0.161770
vt 0.041757 0.153679
vt 0.048843 0.149048
vt 0.052679 0.149877
vt 0.053784 0.176143
vt 0.049119 0.176143
vt 0.041757 0.170205
vt 0.034394 0.161770
vt 0.034463 0.153748
vt 0.041757 0.148771
vt 0.053784 0.181605
vt 0.049119 0.181605
vt 0.041757 0.176143
vt 0.034394 0.170205
vt 0.029729 0.161770
vt 0.030005 0.153956
vt 0.034670 0.149048
vt 0.053784 0.188613
vt 0.049119 0.188613
vt 0.041757 0.181605
vt 0.034394 0.176143
vt 0.029729 0.170205
vt 0.030834 0.149877
vt 0.053508 0.195002
vt 0.049050 0.195209
vt 0.041757 0.188613
vt 0.034394 0.181605
vt 0.029729 0.176143
vt 0.052679 0.198605
vt 0.048843 0.199434
vt 0.041757 0.195278
vt 0.034394 0.188613
vt 0.029729 0.181605
vt 0.041757 0.199710
vt 0.034463 0.195209
vt 0.029729 0.188613
vt 0.034670 0.199434
vt 0.030005 0.195002
vt 0.030834 0.198605
vt 0.467635 0.302575
vt 0.461768 0.302506
vt 0.461768 0.297841
vt 0.467428 0.298117
vt 0.467704 0.309868
vt 0.461768 0.309868
vt 0.455901 0.302575
vt 0.456109 0.298117
vt 0.470788 0.298946
vt 0.471617 0.302782
vt 0.467635 0.317162
vt 0.461768 0.317231
vt 0.455832 0.309868
vt 0.471894 0.309868
vt 0.451919 0.302782
vt 0.452748 0.298946
vt 0.467428 0.321620
vt 0.461768 0.321896
vt 0.455901 0.317162
vt 0.471617 0.316955
vt 0.451643 0.309868
vt 0.456109 0.321620
vt 0.470788 0.320791
vt 0.451919 0.316955
vt 0.452748 0.320791
vn -0.016713 -0.880883 -0.473039
vn -0.025311 -0.780134 -0.625100
vn 0.201979 -0.761041 -0.616458
vn 0.155671 -0.867783 -0.471931
vn -0.033134 -0.653623 -0.756095
vn 0.240921 -0.629610 -0.738612
vn 0.469507 -0.621456 -0.627180
vn 0.394000 -0.753494 -0.526318
vn 0.302248 -0.863497 -0.403756
vn 0.534586 -0.761042 -0.367467
vn 0.408957 -0.867785 -0.282318
vn 0.640823 -0.629610 -0.439246
vn 0.734805 -0.653623 -0.181216
vn 0.606911 -0.780134 -0.151821
vn 0.458589 -0.880882 -0.117231
vn 0.589317 -0.801333 0.102818
vn 0.443142 -0.893208 0.076187
vn 0.722818 -0.679189 0.127422
vn 0.578218 -0.691593 0.432854
vn 0.468928 -0.810481 0.351038
vn 0.348599 -0.900210 0.260961
vn 0.264678 -0.801333 0.536481
vn 0.197944 -0.893209 0.403727
vn 0.325894 -0.679188 0.657644
vn 0.033134 -0.653623 0.756095
vn 0.025310 -0.780135 0.625099
vn 0.016711 -0.880883 0.473039
vn -0.201979 -0.761042 0.616457
vn -0.155672 -0.867785 0.471928
vn -0.240922 -0.629610 0.738612
vn -0.469507 -0.621456 0.627181
vn -0.394001 -0.753494 0.526317
vn -0.302250 -0.863499 0.403751
vn -0.534587 -0.761043 0.367466
vn -0.408958 -0.867785 0.282317
vn -0.640823 -0.629610 0.439247
vn -0.734804 -0.653623 0.181216
vn -0.606910 -0.780135 0.151821
vn -0.458588 -0.880882 0.117235
vn -0.589316 -0.801334 -0.102817
vn -0.443142 -0.893209 -0.076183
vn -0.722818 -0.679189 -0.127422
vn -0.578218 -0.691593 -0.432853
vn -0.468927 -0.810481 -0.351039
vn -0.348598 -0.900211 -0.260961
vn -0.264677 -0.801332 -0.536482
vn -0.197943 -0.893209 -0.403729
vn -0.325894 -0.679189 -0.657644
vn -0.039278 -0.503119 -0.863324
vn 0.271418 -0.479162 -0.834707
vn -0.043747 -0.340624 -0.939181
vn 0.292286 -0.321582 -0.900641
vn 0.568688 -0.315430 -0.759669
vn 0.528560 -0.471268 -0.706067
vn 0.724434 -0.479162 -0.495580
vn 0.781819 -0.321581 -0.534177
vn 0.913466 -0.340623 -0.222613
vn 0.839423 -0.503118 -0.205528
vn 0.835398 -0.529228 0.148416
vn 0.917729 -0.361824 0.163884
vn 0.742854 -0.372721 0.556100
vn 0.672582 -0.542333 0.503496
vn 0.377753 -0.529227 0.759751
vn 0.415789 -0.361824 0.834388
vn 0.043747 -0.340623 0.939182
vn 0.039279 -0.503117 0.863325
vn -0.271417 -0.479160 0.834709
vn -0.292285 -0.321580 0.900642
vn -0.568688 -0.315429 0.759670
vn -0.528560 -0.471267 0.706068
vn -0.724434 -0.479161 0.495581
vn -0.781818 -0.321581 0.534178
vn -0.913465 -0.340623 0.222614
vn -0.839422 -0.503118 0.205530
vn -0.835398 -0.529229 -0.148415
vn -0.917729 -0.361823 -0.163883
vn -0.742853 -0.372721 -0.556101
vn -0.672582 -0.542333 -0.503496
vn -0.377753 -0.529229 -0.759750
vn -0.415789 -0.361824 -0.834388
vn -0.046372 -0.171842 -0.984032
vn 0.304378 -0.161340 -0.938788
vn -0.047298 0.000000 -0.998881
vn 0.308306 0.000000 -0.951287
vn 0.599282 0.000000 -0.800538
vn 0.591756 -0.157994 -0.790483
vn 0.815015 -0.161339 -0.556525
vn 0.825900 -0.000000 -0.563817
vn 0.971747 -0.000000 -0.236024
vn 0.957239 -0.171842 -0.232730
vn 0.967596 -0.183695 0.173248
vn 0.984312 0.000000 0.176436
vn 0.800536 -0.000000 0.599284
vn 0.785972 -0.189892 0.588379
vn 0.438824 -0.183696 0.879596
vn 0.446590 -0.000000 0.894739
vn 0.047297 0.000000 0.998881
vn 0.046371 -0.171842 0.984032
vn -0.304378 -0.161339 0.938789
vn -0.308306 0.000001 0.951287
vn -0.599281 0.000000 0.800539
vn -0.591756 -0.157993 0.790483
vn -0.815015 -0.161339 0.556526
vn -0.825899 -0.000001 0.563819
vn -0.971747 -0.000000 0.236025
vn -0.957240 -0.171841 0.232729
vn -0.967596 -0.183693 -0.173248
vn -0.984312 0.000000 -0.176435
vn -0.800538 0.000000 -0.599282
vn -0.785972 -0.189892 -0.588378
vn -0.438824 -0.183696 -0.879596
vn -0.446592 0.000000 -0.894738
vn -0.046372 0.171839 -0.984033
vn 0.304377 0.161337 -0.938789
vn -0.043747 0.340623 -0.939182
vn 0.292287 0.321581 -0.900641
vn 0.568690 0.315430 -0.759668
vn 0.591757 0.157993 -0.790483
vn 0.815016 0.161338 -0.556525
vn 0.781819 0.321581 -0.534176
vn 0.913466 0.340622 -0.222613
vn 0.957240 0.171840 -0.232730
vn 0.967596 0.183692 0.173248
vn 0.917729 0.361822 0.163883
vn 0.742854 0.372721 0.556100
vn 0.785972 0.189891 0.588379
vn 0.438822 0.183693 0.879598
vn 0.415789 0.361822 0.834389
vn 0.043746 0.340622 0.939182
vn 0.046371 0.171840 0.984033
vn -0.304378 0.161337 0.938789
vn -0.292288 0.321581 0.900641
vn -0.568691 0.315430 0.759667
vn -0.591756 0.157992 0.790483
vn -0.815015 0.161337 0.556526
vn -0.781820 0.321581 0.534175
vn -0.913466 0.340622 0.222613
vn -0.957240 0.171839 0.232730
vn -0.967596 0.183691 -0.173248
vn -0.917729 0.361822 -0.163884
vn -0.742854 0.372720 -0.556100
vn -0.785973 0.189891 -0.588378
vn -0.438824 0.183693 -0.879597
vn -0.415789 0.361823 -0.834388
vn -0.039278 0.503119 -0.863324
vn 0.271418 0.479162 -0.834707
vn -0.033135 0.653623 -0.756094
vn 0.240921 0.629610 -0.738613
vn 0.469506 0.621455 -0.627182
vn 0.528561 0.471267 -0.706068
vn 0.724434 0.479161 -0.495581
vn 0.640823 0.629610 -0.439247
vn 0.734805 0.653623 -0.181217
vn 0.839422 0.503118 -0.205529
vn 0.835398 0.529228 0.148416
vn 0.722818 0.679189 0.127421
vn 0.578218 0.691593 0.432854
vn 0.672582 0.542333 0.503497
vn 0.377752 0.529228 0.759751
vn 0.325895 0.679190 0.657643
vn 0.033134 0.653623 0.756094
vn 0.039279 0.503118 0.863325
vn -0.271418 0.479163 0.834707
vn -0.240921 0.629610 0.738613
vn -0.469507 0.621455 0.627182
vn -0.528562 0.471269 0.706065
vn -0.724435 0.479162 0.495579
vn -0.640823 0.629610 0.439246
vn -0.734805 0.653624 0.181214
vn -0.839422 0.503119 0.205529
vn -0.835398 0.529229 -0.148415
vn -0.722818 0.679189 -0.127421
vn -0.578218 0.691594 -0.432853
vn -0.672582 0.542334 -0.503495
vn -0.377753 0.529229 -0.759750
vn -0.325895 0.679190 -0.657643
vn -0.025311 0.780136 -0.625098
vn 0.201979 0.761044 -0.616455
vn -0.016712 0.880886 -0.473033
vn 0.155670 0.867788 -0.471923
vn 0.302247 0.863501 -0.403748
vn 0.394001 0.753495 -0.526317
vn 0.534586 0.761042 -0.367468
vn 0.408953 0.867787 -0.282318
vn 0.458586 0.880883 -0.117233
vn 0.606911 0.780135 -0.151818
vn 0.589317 0.801333 0.102817
vn 0.443137 0.893210 0.076188
vn 0.348596 0.900213 0.260956
vn 0.468928 0.810482 0.351035
vn 0.264678 0.801333 0.536480
vn 0.197943 0.893210 0.403725
vn 0.016710 0.880886 0.473034
vn 0.025310 0.780135 0.625099
vn -0.201979 0.761043 0.616456
vn -0.155670 0.867789 0.471921
vn -0.302248 0.863500 0.403750
vn -0.394001 0.753494 0.526317
vn -0.534587 0.761042 0.367467
vn -0.408955 0.867786 0.282317
vn -0.458586 0.880884 0.117230
vn -0.606911 0.780136 0.151815
vn -0.589316 0.801333 -0.102818
vn -0.443137 0.893210 -0.076189
vn -0.348595 0.900212 -0.260958
vn -0.468928 0.810482 -0.351036
vn -0.264677 0.801332 -0.536482
vn -0.197941 0.893211 -0.403725
vn 0.148984 -0.968604 -0.199022
vn 0.090447 -0.958659 -0.269799
vn 0.000000 -1.000000 0.000001
vn -0.011530 -0.973912 -0.226631
vn 0.220701 -0.973912 -0.052788
vn 0.233385 -0.958661 -0.162792
vn 0.162498 -0.979183 0.121639
vn 0.253907 -0.966297 0.042441
vn 0.011529 -0.973912 0.226633
vn 0.112255 -0.966298 0.231660
vn -0.148984 -0.968603 0.199027
vn -0.090447 -0.958659 0.269801
vn -0.220700 -0.973912 0.052791
vn -0.233385 -0.958660 0.162799
vn -0.162498 -0.979182 -0.121645
vn -0.253907 -0.966297 -0.042442
vn -0.112255 -0.966298 -0.231662
vn -0.011531 0.973912 -0.226631
vn 0.090443 0.958662 -0.269792
vn 0.000000 1.000000 -0.000000
vn 0.148979 0.968606 -0.199018
vn 0.233373 0.958663 -0.162795
vn 0.220692 0.973914 -0.052787
vn 0.253893 0.966300 0.042445
vn 0.162491 0.979183 0.121645
vn 0.112248 0.966298 0.231664
vn 0.011530 0.973913 0.226629
vn -0.090443 0.958664 0.269784
vn -0.148979 0.968605 0.199020
vn -0.233373 0.958663 0.162796
vn -0.220692 0.973914 0.052787
vn -0.253894 0.966300 -0.042446
vn -0.162491 0.979182 -0.121649
vn -0.112248 0.966300 -0.231656
vn 0.145761 -0.978523 -0.145760
vn 0.134111 -0.987294 -0.085229
vn 0.049289 -0.997568 -0.049290
vn 0.085229 -0.987294 -0.134111
vn 0.129433 -0.990138 -0.053613
vn 0.046174 -0.998750 -0.019126
vn -0.000077 -0.999991 0.004173
vn 0.026498 -0.998754 -0.042299
vn 0.059458 -0.990283 -0.125716
vn 0.206137 -0.978523 -0.000000
vn 0.155098 -0.987294 0.034565
vn 0.069706 -0.997568 0.000000
vn 0.155098 -0.987294 -0.034565
vn 0.129433 -0.990138 0.053613
vn 0.046174 -0.998750 0.019126
vn 0.145761 -0.978523 0.145760
vn 0.085230 -0.987294 0.134111
vn 0.049289 -0.997568 0.049290
vn 0.134111 -0.987294 0.085230
vn 0.053613 -0.990138 0.129433
vn 0.019126 -0.998750 0.046174
vn 0.000000 -0.978523 0.206137
vn -0.034565 -0.987294 0.155097
vn 0.000000 -0.997568 0.069706
vn 0.034565 -0.987294 0.155097
vn -0.053613 -0.990138 0.129433
vn -0.019126 -0.998750 0.046174
vn -0.145760 -0.978523 0.145760
vn -0.134111 -0.987294 0.085229
vn -0.049290 -0.997568 0.049289
vn -0.085230 -0.987294 0.134111
vn -0.129433 -0.990138 0.053613
vn -0.046174 -0.998750 0.019126
vn -0.206136 -0.978523 -0.000000
vn -0.155097 -0.987294 -0.034565
vn -0.069706 -0.997568 -0.000000
vn -0.155097 -0.987294 0.034564
vn -0.129433 -0.990138 -0.053613
vn -0.046174 -0.998750 -0.019126
vn -0.145760 -0.978523 -0.145760
vn -0.085229 -0.987294 -0.134111
vn -0.049289 -0.997568 -0.049289
vn -0.134111 -0.987294 -0.085229
vn -0.053613 -0.990138 -0.129433
vn -0.020815 -0.998678 -0.046995
vn -0.020385 -0.999314 -0.030920
vn 0.000000 -0.978523 -0.206136
vn 0.033281 -0.986781 -0.158608
vn -0.001010 -0.997328 -0.073045
vn -0.034565 -0.987294 -0.155097
vn 0.044526 -0.989703 -0.136036
vn 0.007395 -0.998537 -0.053557
vn 0.284906 -0.830907 -0.477935
vn 0.444484 -0.777733 -0.444484
vn 0.209401 -0.864386 -0.457152
vn 0.424322 -0.152269 -0.892617
vn 0.531876 -0.120763 -0.838167
vn 0.704168 -0.091078 -0.704168
vn 0.132831 -0.824012 -0.550781
vn 0.166649 -0.863092 -0.476761
vn -0.000000 -0.777733 -0.628594
vn -0.000000 -0.091078 -0.995844
vn 0.205946 -0.114816 -0.971804
vn 0.306722 -0.150814 -0.939775
vn 0.186386 0.242213 -0.952152
vn 0.288122 0.236839 -0.927843
vn 0.000000 0.245812 -0.969318
vn 0.000000 0.309273 -0.950974
vn 0.179091 0.308989 -0.934052
vn 0.279021 0.307616 -0.909681
vn 0.532643 0.241367 -0.811193
vn 0.685411 0.245811 -0.685411
vn 0.425590 0.236132 -0.873564
vn 0.418658 0.308263 -0.854224
vn 0.525096 0.308992 -0.792968
vn 0.672440 0.309273 -0.672440
vn -0.136492 -0.830908 -0.539410
vn -0.193623 -0.862556 -0.467448
vn -0.378404 -0.149138 -0.913547
vn -0.216581 -0.120763 -0.968767
vn -0.284906 -0.830908 -0.477935
vn -0.444484 -0.777733 -0.444484
vn -0.704168 -0.091078 -0.704168
vn -0.531876 -0.120763 -0.838167
vn -0.532643 0.241367 -0.811193
vn -0.371776 0.237052 -0.897546
vn -0.685411 0.245811 -0.685411
vn -0.672440 0.309273 -0.672440
vn -0.525096 0.308992 -0.792968
vn -0.363978 0.308818 -0.878722
vn -0.196965 0.241367 -0.950235
vn -0.189414 0.308992 -0.932012
vn -0.477935 -0.830907 -0.284906
vn -0.467448 -0.862556 -0.193623
vn -0.913547 -0.149138 -0.378404
vn -0.838167 -0.120763 -0.531876
vn -0.539410 -0.830908 -0.136492
vn -0.628595 -0.777733 -0.000000
vn -0.995844 -0.091078 0.000000
vn -0.968767 -0.120763 -0.216580
vn -0.950235 0.241367 -0.196965
vn -0.897546 0.237052 -0.371776
vn -0.969318 0.245812 -0.000000
vn -0.950973 0.309273 -0.000000
vn -0.932012 0.308992 -0.189414
vn -0.878721 0.308818 -0.363978
vn -0.811193 0.241367 -0.532643
vn -0.792968 0.308992 -0.525096
vn -0.539410 -0.830907 0.136492
vn -0.467448 -0.862556 0.193623
vn -0.913547 -0.149138 0.378404
vn -0.968767 -0.120763 0.216580
vn -0.477935 -0.830907 0.284906
vn -0.444484 -0.777733 0.444484
vn -0.704168 -0.091078 0.704168
vn -0.838167 -0.120763 0.531876
vn -0.811193 0.241367 0.532643
vn -0.897546 0.237052 0.371776
vn -0.685411 0.245811 0.685411
vn -0.672440 0.309273 0.672440
vn -0.792968 0.308992 0.525096
vn -0.878721 0.308818 0.363978
vn -0.950235 0.241367 0.196965
vn -0.932012 0.308992 0.189414
vn -0.284906 -0.830907 0.477935
vn -0.193624 -0.862556 0.467448
vn -0.378404 -0.149138 0.913547
vn -0.531876 -0.120763 0.838167
vn -0.136492 -0.830907 0.539410
vn 0.000000 -0.777733 0.628595
vn -0.000000 -0.091078 0.995844
vn -0.216580 -0.120764 0.968767
vn -0.196965 0.241367 0.950235
vn -0.371776 0.237052 0.897546
vn -0.000000 0.245812 0.969318
vn -0.000000 0.309273 0.950973
vn -0.189414 0.308992 0.932012
vn -0.363978 0.308818 0.878722
vn -0.532643 0.241367 0.811193
vn -0.525096 0.308992 0.792968
vn 0.136492 -0.830907 0.539410
vn 0.193623 -0.862556 0.467448
vn 0.378404 -0.149138 0.913547
vn 0.216581 -0.120764 0.968767
vn 0.284906 -0.830908 0.477934
vn 0.444484 -0.777733 0.444483
vn 0.704168 -0.091078 0.704168
vn 0.531876 -0.120764 0.838167
vn 0.532643 0.241367 0.811193
vn 0.371776 0.237052 0.897546
vn 0.685411 0.245811 0.685411
vn 0.672440 0.309273 0.672440
vn 0.525096 0.308992 0.792968
vn 0.363978 0.308818 0.878722
vn 0.196965 0.241367 0.950235
vn 0.189414 0.308992 0.932012
vn 0.477935 -0.830907 0.284906
vn 0.467448 -0.862556 0.193623
vn 0.913547 -0.149138 0.378404
vn 0.838167 -0.120763 0.531876
vn 0.539410 -0.830907 0.136492
vn 0.628594 -0.777733 -0.000000
vn 0.995844 -0.091078 -0.000000
vn 0.968767 -0.120763 0.216580
vn 0.950235 0.241367 0.196965
vn 0.897546 0.237051 0.371776
vn 0.969318 0.245812 -0.000000
vn 0.950974 0.309273 0.000000
vn 0.932012 0.308992 0.189414
vn 0.878721 0.308818 0.363978
vn 0.811193 0.241367 0.532643
vn 0.792968 0.308992 0.525096
vn 0.539410 -0.830907 -0.136492
vn 0.467448 -0.862556 -0.193623
vn 0.913547 -0.149138 -0.378404
vn 0.968767 -0.120763 -0.216580
vn 0.477935 -0.830907 -0.284906
vn 0.838167 -0.120763 -0.531876
vn 0.811193 0.241367 -0.532643
vn 0.897546 0.237051 -0.371776
vn 0.792968 0.308992 -0.525096
vn 0.878721 0.308818 -0.363979
vn 0.950235 0.241367 -0.196965
vn 0.932012 0.308992 -0.189414
vn 0.665944 0.336212 -0.665943
vn 0.528525 0.335444 -0.779833
vn 0.539985 0.358458 -0.761527
vn 0.659216 0.361759 -0.659215
vn 0.419986 0.333986 -0.843839
vn 0.424205 0.353915 -0.833543
vn 0.418792 0.395149 -0.817601
vn 0.525423 0.436398 -0.730402
vn 0.633014 0.445630 -0.633014
vn -0.000000 0.336212 -0.941786
vn 0.000000 0.361759 -0.932272
vn 0.146824 0.358821 -0.921787
vn 0.167511 0.335554 -0.927008
vn -0.000000 0.445631 -0.895217
vn 0.143478 0.437144 -0.887873
vn 0.284728 0.420271 -0.861570
vn 0.255344 0.353746 -0.899813
vn 0.268154 0.333332 -0.903871
vn -0.000000 1.000000 0.000003
vn 0.493833 0.715723 -0.493831
vn 0.306132 0.600052 -0.739067
vn -0.000000 0.715724 -0.698383
vn -0.177701 0.335444 -0.925148
vn -0.156654 0.358458 -0.920308
vn -0.360599 0.334798 -0.870562
vn -0.357727 0.355213 -0.863629
vn -0.351859 0.393200 -0.849464
vn -0.144944 0.436397 -0.888003
vn -0.665944 0.336212 -0.665943
vn -0.659216 0.361759 -0.659215
vn -0.539985 0.358458 -0.761527
vn -0.528524 0.335444 -0.779833
vn -0.633014 0.445630 -0.633014
vn -0.525422 0.436397 -0.730404
vn -0.306132 0.600053 -0.739067
vn -0.493833 0.715724 -0.493830
vn -0.779833 0.335444 -0.528524
vn -0.761527 0.358458 -0.539985
vn -0.870562 0.334798 -0.360598
vn -0.863629 0.355213 -0.357727
vn -0.849464 0.393200 -0.351860
vn -0.730403 0.436397 -0.525423
vn -0.941786 0.336212 0.000000
vn -0.932272 0.361759 0.000000
vn -0.920308 0.358458 -0.156653
vn -0.925148 0.335445 -0.177701
vn -0.895217 0.445631 0.000001
vn -0.888003 0.436398 -0.144942
vn -0.739068 0.600052 -0.306133
vn -0.698384 0.715723 0.000000
vn -0.925148 0.335444 0.177702
vn -0.920308 0.358458 0.156653
vn -0.870562 0.334798 0.360599
vn -0.863630 0.355213 0.357726
vn -0.849464 0.393200 0.351859
vn -0.888003 0.436398 0.144942
vn -0.665944 0.336212 0.665943
vn -0.659216 0.361759 0.659216
vn -0.761527 0.358458 0.539985
vn -0.779833 0.335445 0.528524
vn -0.633014 0.445630 0.633014
vn -0.730402 0.436397 0.525424
vn -0.739067 0.600052 0.306133
vn -0.493833 0.715723 0.493831
vn -0.528525 0.335444 0.779833
vn -0.539985 0.358458 0.761527
vn -0.360599 0.334798 0.870562
vn -0.357727 0.355213 0.863629
vn -0.351860 0.393200 0.849464
vn -0.525422 0.436397 0.730403
vn 0.000000 0.336212 0.941786
vn -0.000000 0.361759 0.932272
vn -0.156654 0.358458 0.920308
vn -0.177701 0.335445 0.925148
vn 0.000001 0.445631 0.895217
vn -0.144944 0.436397 0.888003
vn -0.306132 0.600052 0.739067
vn 0.000001 0.715722 0.698385
vn 0.177701 0.335444 0.925148
vn 0.156654 0.358458 0.920308
vn 0.360599 0.334798 0.870562
vn 0.357727 0.355213 0.863629
vn 0.351859 0.393200 0.849464
vn 0.144944 0.436397 0.888003
vn 0.665944 0.336212 0.665943
vn 0.659216 0.361759 0.659215
vn 0.539985 0.358458 0.761527
vn 0.528525 0.335444 0.779832
vn 0.633013 0.445631 0.633015
vn 0.525422 0.436398 0.730403
vn 0.306131 0.600050 0.739069
vn 0.493831 0.715722 0.493835
vn 0.779833 0.335444 0.528524
vn 0.761528 0.358458 0.539985
vn 0.870562 0.334798 0.360599
vn 0.863629 0.355213 0.357726
vn 0.849464 0.393200 0.351860
vn 0.730403 0.436397 0.525423
vn 0.941786 0.336212 0.000001
vn 0.932272 0.361759 -0.000000
vn 0.920308 0.358458 0.156654
vn 0.925148 0.335444 0.177702
vn 0.895217 0.445630 -0.000001
vn 0.888003 0.436398 0.144941
vn 0.739068 0.600052 0.306130
vn 0.698384 0.715723 0.000003
vn 0.925148 0.335444 -0.177702
vn 0.920308 0.358458 -0.156653
vn 0.870562 0.334798 -0.360599
vn 0.863629 0.355213 -0.357726
vn 0.849464 0.393200 -0.351858
vn 0.888003 0.436398 -0.144943
vn 0.761527 0.358458 -0.539986
vn 0.779832 0.335444 -0.528525
vn 0.730402 0.436397 -0.525424
vn 0.739068 0.600052 -0.306129
vn 0.523916 0.315950 -0.791004
vn 0.670812 0.316263 -0.670812
vn 0.417721 0.315178 -0.852157
vn 0.417382 0.319905 -0.850560
vn 0.523565 0.320769 -0.789295
vn 0.669650 0.321148 -0.669651
vn 0.178562 0.315952 -0.931821
vn 0.278266 0.314492 -0.907559
vn 0.000000 0.316263 -0.948672
vn -0.000000 0.321148 -0.947029
vn 0.177621 0.320788 -0.930348
vn 0.277234 0.319211 -0.906226
vn 0.174925 0.326213 -0.928970
vn 0.274674 0.324439 -0.905148
vn -0.000000 0.326644 -0.945147
vn 0.524544 0.326163 -0.786430
vn 0.668320 0.326644 -0.668320
vn 0.417869 0.325134 -0.848336
vn -0.188859 0.315950 -0.929789
vn -0.363107 0.315747 -0.876617
vn -0.362496 0.320500 -0.875143
vn -0.187900 0.320769 -0.928332
vn -0.523916 0.315950 -0.791004
vn -0.670812 0.316263 -0.670812
vn -0.669651 0.321148 -0.669650
vn -0.523565 0.320769 -0.789295
vn -0.524543 0.326163 -0.786430
vn -0.361805 0.325790 -0.873475
vn -0.668320 0.326644 -0.668320
vn -0.185181 0.326163 -0.926998
vn -0.791004 0.315950 -0.523916
vn -0.876617 0.315747 -0.363107
vn -0.875143 0.320500 -0.362497
vn -0.789296 0.320769 -0.523564
vn -0.929789 0.315950 -0.188860
vn -0.948671 0.316263 -0.000000
vn -0.947029 0.321148 0.000000
vn -0.928332 0.320769 -0.187900
vn -0.926998 0.326163 -0.185181
vn -0.873475 0.325790 -0.361805
vn -0.945147 0.326644 0.000000
vn -0.786430 0.326163 -0.524543
vn -0.929789 0.315950 0.188859
vn -0.876617 0.315747 0.363107
vn -0.875143 0.320500 0.362496
vn -0.928332 0.320769 0.187900
vn -0.791004 0.315950 0.523916
vn -0.670812 0.316263 0.670812
vn -0.669650 0.321148 0.669651
vn -0.789296 0.320769 0.523564
vn -0.786430 0.326163 0.524543
vn -0.873475 0.325790 0.361805
vn -0.668320 0.326644 0.668320
vn -0.926998 0.326163 0.185181
vn -0.523916 0.315950 0.791004
vn -0.363107 0.315747 0.876617
vn -0.362497 0.320500 0.875143
vn -0.523564 0.320769 0.789296
vn -0.188860 0.315950 0.929789
vn -0.000000 0.316263 0.948671
vn 0.000000 0.321148 0.947029
vn -0.187900 0.320769 0.928332
vn -0.185181 0.326163 0.926998
vn -0.361805 0.325790 0.873474
vn 0.000000 0.326644 0.945147
vn -0.524543 0.326163 0.786430
vn 0.188859 0.315950 0.929789
vn 0.363107 0.315747 0.876617
vn 0.362496 0.320500 0.875143
vn 0.187900 0.320769 0.928332
vn 0.523916 0.315950 0.791004
vn 0.670812 0.316263 0.670812
vn 0.669651 0.321148 0.669650
vn 0.523564 0.320769 0.789296
vn 0.524543 0.326163 0.786430
vn 0.361805 0.325790 0.873475
vn 0.668321 0.326644 0.668320
vn 0.185181 0.326163 0.926998
vn 0.791004 0.315950 0.523917
vn 0.876617 0.315747 0.363107
vn 0.875143 0.320500 0.362497
vn 0.789296 0.320769 0.523564
vn 0.929789 0.315950 0.188859
vn 0.948671 0.316263 0.000000
vn 0.947029 0.321148 -0.000000
vn 0.928332 0.320769 0.187900
vn 0.926998 0.326163 0.185181
vn 0.873474 0.325790 0.361805
vn 0.945147 0.326644 -0.000000
vn 0.786430 0.326163 0.524543
vn 0.929789 0.315950 -0.188860
vn 0.876617 0.315747 -0.363107
vn 0.875144 0.320500 -0.362496
vn 0.928332 0.320769 -0.187901
vn 0.791004 0.315950 -0.523916
vn 0.789295 0.320769 -0.523565
vn 0.786430 0.326163 -0.524544
vn 0.873475 0.325790 -0.361805
vn 0.926998 0.326163 -0.185182
vn 0.000003 -1.000000 -0.000008
vn 0.000002 -1.000000 -0.000006
vn 0.021313 -0.998448 -0.051453
vn 0.039572 -0.998433 -0.039573
vn -0.000000 -1.000000 -0.000007
vn -0.000000 -0.998433 -0.055963
vn 0.000000 -0.971818 -0.235733
vn 0.089987 -0.971960 -0.217245
vn 0.166689 -0.971818 -0.166686
vn -0.000002 -1.000000 -0.000006
vn -0.021313 -0.998448 -0.051451
vn -0.000003 -1.000000 -0.000003
vn -0.039572 -0.998433 -0.039568
vn -0.166689 -0.971818 -0.166685
vn -0.089987 -0.971960 -0.217247
vn -0.000005 -1.000000 -0.000004
vn -0.051453 -0.998448 -0.021310
vn -0.000005 -1.000000 -0.000002
vn -0.055963 -0.998433 0.000000
vn -0.235733 -0.971818 0.000001
vn -0.217248 -0.971960 -0.089984
vn -0.000005 -1.000000 0.000004
vn -0.051453 -0.998448 0.021312
vn -0.000003 -1.000000 0.000006
vn -0.039572 -0.998433 0.039573
vn -0.166689 -0.971818 0.166685
vn -0.217248 -0.971960 0.089986
vn -0.000002 -1.000000 0.000006
vn -0.021313 -0.998448 0.051454
vn 0.000000 -1.000000 0.000008
vn -0.000000 -0.998433 0.055963
vn -0.000000 -0.971818 0.235733
vn -0.089987 -0.971960 0.217245
vn 0.000002 -1.000000 0.000007
vn 0.021313 -0.998448 0.051455
vn 0.000003 -1.000000 0.000004
vn 0.039572 -0.998433 0.039571
vn 0.166689 -0.971818 0.166687
vn 0.089987 -0.971960 0.217249
vn 0.000005 -1.000000 0.000002
vn 0.051453 -0.998448 0.021309
vn 0.000005 -1.000000 0.000002
vn 0.055963 -0.998433 -0.000000
vn 0.235733 -0.971818 -0.000003
vn 0.217248 -0.971960 0.089983
vn 0.000005 -1.000000 -0.000002
vn 0.051453 -0.998448 -0.021312
vn 0.217248 -0.971960 -0.089987
vn 0.707014 0.016282 -0.707012
vn 0.382633 0.016243 -0.923758
vn 0.376099 0.184710 -0.907982
vn 0.694888 0.185107 -0.694886
vn 0.000000 0.016282 -0.999867
vn 0.000000 0.185107 -0.982718
vn 0.000000 0.350702 -0.936487
vn 0.358469 0.350064 -0.865422
vn 0.662197 0.350702 -0.662196
vn -0.382633 0.016243 -0.923758
vn -0.376099 0.184710 -0.907982
vn -0.707013 0.016282 -0.707013
vn -0.694888 0.185107 -0.694886
vn -0.662196 0.350702 -0.662197
vn -0.358469 0.350065 -0.865422
vn -0.923758 0.016243 -0.382632
vn -0.907983 0.184709 -0.376098
vn -0.999867 0.016282 0.000000
vn -0.982718 0.185107 0.000000
vn -0.936487 0.350702 0.000000
vn -0.865422 0.350064 -0.358469
vn -0.923758 0.016243 0.382632
vn -0.907983 0.184709 0.376098
vn -0.707013 0.016282 0.707013
vn -0.694888 0.185107 0.694886
vn -0.662197 0.350702 0.662197
vn -0.865422 0.350064 0.358470
vn -0.382633 0.016243 0.923758
vn -0.376100 0.184710 0.907982
vn -0.000000 0.016282 0.999867
vn 0.000000 0.185106 0.982718
vn 0.000000 0.350701 0.936488
vn -0.358470 0.350064 0.865421
vn 0.382633 0.016243 0.923758
vn 0.376098 0.184709 0.907983
vn 0.707014 0.016282 0.707012
vn 0.694887 0.185107 0.694887
vn 0.662196 0.350702 0.662197
vn 0.358469 0.350064 0.865422
vn 0.923758 0.016243 0.382631
vn 0.907983 0.184710 0.376098
vn 0.999867 0.016282 0.000000
vn 0.982718 0.185107 0.000000
vn 0.936487 0.350702 0.000000
vn 0.865421 0.350064 0.358470
vn 0.923758 0.016243 -0.382632
vn 0.907983 0.184710 -0.376097
vn 0.865422 0.350064 -0.358469
vn 0.328044 0.514947 -0.791970
vn 0.605827 0.515699 -0.605828
vn -0.000000 0.515699 -0.856770
vn -0.000000 0.666165 -0.745804
vn 0.285632 0.665504 -0.689578
vn 0.527363 0.666163 -0.527366
vn -0.328045 0.514947 -0.791970
vn -0.605828 0.515700 -0.605828
vn -0.527364 0.666165 -0.527363
vn -0.285633 0.665505 -0.689577
vn -0.791970 0.514948 -0.328044
vn -0.856770 0.515700 0.000000
vn -0.745805 0.666165 0.000000
vn -0.689578 0.665505 -0.285631
vn -0.791970 0.514948 0.328044
vn -0.605827 0.515699 0.605829
vn -0.527363 0.666164 0.527365
vn -0.689578 0.665505 0.285632
vn -0.328044 0.514947 0.791971
vn -0.000000 0.515699 0.856770
vn 0.000000 0.666165 0.745804
vn -0.285632 0.665504 0.689578
vn 0.328045 0.514948 0.791969
vn 0.605828 0.515700 0.605827
vn 0.527364 0.666164 0.527364
vn 0.285633 0.665505 0.689577
vn 0.791970 0.514947 0.328045
vn 0.856770 0.515699 0.000001
vn 0.745805 0.666165 0.000002
vn 0.689578 0.665505 0.285633
vn 0.791970 0.514948 -0.328044
vn 0.689578 0.665505 -0.285632
vn 0.234339 0.790582 -0.565743
vn 0.433085 0.790489 -0.433087
vn 0.000000 0.790490 -0.612475
vn 0.000000 0.887727 -0.460369
vn 0.176861 0.886797 -0.426980
vn 0.325529 0.887728 -0.325529
vn -0.234339 0.790581 -0.565744
vn -0.433086 0.790489 -0.433087
vn -0.325530 0.887729 -0.325527
vn -0.176861 0.886797 -0.426979
vn -0.565744 0.790582 -0.234338
vn -0.612476 0.790490 0.000001
vn -0.460368 0.887728 0.000001
vn -0.426980 0.886797 -0.176860
vn -0.565744 0.790581 0.234341
vn -0.433085 0.790489 0.433087
vn -0.325529 0.887728 0.325529
vn -0.426980 0.886796 0.176863
vn -0.234339 0.790582 0.565743
vn -0.000000 0.790490 0.612475
vn -0.000000 0.887727 0.460371
vn -0.176861 0.886797 0.426980
vn 0.234339 0.790581 0.565744
vn 0.433086 0.790489 0.433086
vn 0.325529 0.887728 0.325529
vn 0.176861 0.886796 0.426982
vn 0.565744 0.790582 0.234339
vn 0.612476 0.790490 0.000000
vn 0.460368 0.887728 -0.000001
vn 0.426980 0.886797 0.176860
vn 0.565744 0.790581 -0.234341
vn 0.426980 0.886796 -0.176863
vn 0.000000 -1.000000 -0.000000
vn 0.000000 -1.000000 -0.000001
vn 0.000000 -1.000000 -0.000002
vn 0.000000 -1.000000 -0.000001
vn 0.000000 -1.000000 -0.000001
vn 0.000000 -1.000000 -0.000001
vn 0.000000 -1.000000 0.000000
vn 0.000000 -1.000000 0.000000
vn 0.000000 -1.000000 0.000003
vn 0.000000 -1.000000 -0.000000
vn 0.000000 -1.000000 -0.000003
vn 0.000000 -1.000000 -0.000001
vn 0.000000 -1.000000 -0.000001
vn 0.000000 -1.000000 0.000001
vn 0.000000 -1.000000 -0.000000
vn 0.000000 -1.000000 0.000000
vn 0.000000 -1.000000 0.000000
vn 0.100694 0.964761 -0.243098
vn 0.155432 0.975542 -0.155434
vn 0.000000 0.975542 -0.219814
vn -0.000000 1.000000 0.000001
vn -0.100694 0.964762 -0.243094
vn -0.155432 0.975542 -0.155429
vn -0.243096 0.964762 -0.100691
vn -0.219814 0.975542 -0.000000
vn -0.243096 0.964762 0.100691
vn -0.155432 0.975542 0.155432
vn -0.100693 0.964760 0.243101
vn 0.000000 0.975542 0.219814
vn 0.100693 0.964761 0.243097
vn 0.155432 0.975541 0.155437
vn 0.243096 0.964761 0.100703
vn 0.219814 0.975542 0.000006
vn 0.243096 0.964762 -0.100696
vn 0.503081 -0.702720 -0.503085
vn 0.584669 -0.562428 -0.584669
vn 0.764426 -0.561600 -0.316636
vn 0.657598 -0.702401 -0.272394
vn 0.671863 -0.311778 -0.671859
vn 0.878064 -0.311009 -0.363699
vn 0.950154 -0.311782 -0.000001
vn 0.826846 -0.562429 0.000002
vn 0.711465 -0.702722 0.000000
vn 0.316637 -0.561601 -0.764425
vn 0.363709 -0.311009 -0.878060
vn 0.272385 -0.702399 -0.657603
vn 0.000000 -0.702726 -0.711461
vn 0.000000 -0.562431 -0.826844
vn -0.000003 -0.311773 -0.950157
vn -0.316637 -0.561602 -0.764424
vn -0.363696 -0.310991 -0.878072
vn -0.272390 -0.702412 -0.657588
vn -0.503082 -0.702724 -0.503077
vn -0.584671 -0.562431 -0.584663
vn -0.671862 -0.311776 -0.671861
vn -0.764427 -0.561601 -0.316632
vn -0.878064 -0.311003 -0.363703
vn -0.657599 -0.702404 -0.272380
vn -0.711464 -0.702722 -0.000001
vn -0.826846 -0.562428 -0.000001
vn -0.950155 -0.311778 0.000000
vn -0.764428 -0.561601 0.316630
vn -0.878063 -0.311005 0.363705
vn -0.657600 -0.702405 0.272378
vn -0.503082 -0.702724 0.503079
vn -0.584671 -0.562431 0.584663
vn -0.671861 -0.311777 0.671862
vn -0.316637 -0.561604 0.764423
vn -0.363703 -0.311002 0.878065
vn -0.272387 -0.702403 0.657599
vn -0.000000 -0.702725 0.711461
vn 0.000000 -0.562434 0.826842
vn 0.000002 -0.311775 0.950156
vn 0.316637 -0.561604 0.764423
vn 0.363707 -0.311004 0.878062
vn 0.272387 -0.702404 0.657597
vn 0.503080 -0.702721 0.503085
vn 0.584668 -0.562429 0.584669
vn 0.671857 -0.311779 0.671864
vn 0.764425 -0.561600 0.316638
vn 0.878059 -0.311007 0.363714
vn 0.657597 -0.702403 0.272389
vn 0.156091 -0.913034 -0.376834
vn 0.288039 -0.913274 -0.288035
vn 0.000000 -0.913272 -0.407351
vn 0.000000 -0.944053 -0.329793
vn 0.127192 -0.943150 -0.307066
vn 0.233203 -0.944052 -0.233201
vn -0.156091 -0.913033 -0.376838
vn -0.288039 -0.913273 -0.288036
vn -0.233203 -0.944051 -0.233205
vn -0.127192 -0.943150 -0.307068
vn -0.376838 -0.913033 -0.156090
vn -0.407349 -0.913273 0.000001
vn -0.329798 -0.944052 0.000002
vn -0.307070 -0.943149 -0.127192
vn -0.376838 -0.913033 0.156089
vn -0.288039 -0.913274 0.288035
vn -0.233203 -0.944052 0.233203
vn -0.307069 -0.943149 0.127195
vn -0.156091 -0.913033 0.376836
vn -0.000000 -0.913272 0.407351
vn -0.000000 -0.944053 0.329793
vn -0.127193 -0.943151 0.307063
vn 0.156091 -0.913033 0.376838
vn 0.288039 -0.913274 0.288036
vn 0.233203 -0.944051 0.233202
vn 0.127192 -0.943150 0.307068
vn 0.376837 -0.913033 0.156091
vn 0.407349 -0.913273 -0.000001
vn 0.329798 -0.944051 0.000002
vn 0.307070 -0.943149 0.127195
vn 0.376837 -0.913033 -0.156093
vn 0.307070 -0.943149 -0.127191
vn 0.696553 0.172043 -0.696574
vn 0.377053 0.171015 -0.910266
vn 0.377529 -0.163517 -0.911446
vn 0.697523 -0.164051 -0.697531
vn -0.000006 0.172065 -0.985086
vn 0.000001 -0.164050 -0.986452
vn -0.000000 -0.181293 -0.983429
vn 0.376379 -0.180744 -0.908664
vn 0.695389 -0.181293 -0.695390
vn -0.377057 0.171022 -0.910263
vn -0.377527 -0.163515 -0.911447
vn -0.696564 0.172039 -0.696564
vn -0.697527 -0.164051 -0.697526
vn -0.695389 -0.181293 -0.695389
vn -0.376380 -0.180744 -0.908664
vn -0.910273 0.171017 -0.377037
vn -0.911448 -0.163518 -0.377523
vn -0.985087 0.172060 -0.000001
vn -0.986452 -0.164050 0.000000
vn -0.983429 -0.181294 -0.000000
vn -0.908663 -0.180745 -0.376381
vn -0.910281 0.171020 0.377016
vn -0.911448 -0.163518 0.377523
vn -0.696596 0.172052 0.696529
vn -0.697531 -0.164053 0.697523
vn -0.695390 -0.181293 0.695389
vn -0.908663 -0.180745 0.376381
vn -0.377070 0.171021 0.910258
vn -0.377534 -0.163519 0.911444
vn -0.000005 0.172039 0.985090
vn -0.000000 -0.164052 0.986452
vn 0.000000 -0.181292 0.983429
vn -0.376381 -0.180745 0.908663
vn 0.377058 0.171006 0.910266
vn 0.377531 -0.163518 0.911445
vn 0.696593 0.172052 0.696532
vn 0.697523 -0.164051 0.697531
vn 0.695388 -0.181292 0.695391
vn 0.376380 -0.180744 0.908664
vn 0.910282 0.171012 0.377017
vn 0.911443 -0.163520 0.377536
vn 0.985088 0.172050 -0.000002
vn 0.986452 -0.164054 -0.000002
vn 0.983429 -0.181293 0.000000
vn 0.908663 -0.180744 0.376382
vn 0.910260 0.171011 -0.377069
vn 0.911444 -0.163519 -0.377534
vn 0.908663 -0.180744 -0.376381
vn 0.679751 0.677252 -0.281545
vn 0.518957 0.679265 -0.518926
vn 0.733897 0.679260 0.000000
vn 0.626177 0.779681 -0.000006
vn 0.579614 0.778726 -0.240068
vn 0.442781 0.779694 -0.442744
vn -0.155796 -0.985679 0.064535
vn -0.171116 -0.985251 0.000002
vn -0.120997 -0.985251 0.120995
vn -0.236344 -0.942489 0.236339
vn -0.311274 -0.941535 0.128920
vn -0.334241 -0.942488 -0.000004
vn -0.064533 -0.985680 0.155793
vn 0.000001 -0.985252 0.171108
vn 0.000001 -0.942498 0.334213
vn -0.128934 -0.941530 0.311283
vn 0.281555 0.677229 -0.679770
vn -0.000007 0.679231 -0.733924
vn 0.240087 0.778741 -0.579587
vn -0.000003 0.779696 -0.626158
vn 0.064533 -0.985682 0.155778
vn 0.120997 -0.985251 0.120996
vn 0.236343 -0.942492 0.236328
vn 0.128936 -0.941547 0.311230
vn -0.281555 0.677256 -0.679744
vn -0.518942 0.679251 -0.518958
vn -0.240077 0.778717 -0.579623
vn -0.442764 0.779666 -0.442810
vn 0.155796 -0.985678 0.064546
vn 0.171116 -0.985251 0.000002
vn 0.334243 -0.942487 0.000003
vn 0.311274 -0.941533 0.128937
vn -0.679745 0.677241 -0.281586
vn -0.733906 0.679251 -0.000003
vn -0.579608 0.778719 -0.240107
vn -0.626177 0.779681 -0.000002
vn 0.155797 -0.985678 -0.064538
vn 0.120998 -0.985250 -0.121001
vn 0.236345 -0.942487 -0.236346
vn 0.311276 -0.941531 -0.128944
vn -0.679750 0.677243 0.281569
vn -0.518957 0.679263 0.518926
vn -0.579608 0.778720 0.240103
vn -0.442768 0.779672 0.442796
vn 0.064533 -0.985679 -0.155796
vn -0.000000 -0.985252 -0.171109
vn -0.000001 -0.942494 -0.334224
vn 0.128935 -0.941535 -0.311268
vn -0.281560 0.677243 0.679754
vn -0.000004 0.679251 0.733907
vn -0.240079 0.778708 0.579634
vn -0.000001 0.779669 0.626192
vn -0.064533 -0.985680 -0.155790
vn -0.120998 -0.985251 -0.120996
vn -0.236345 -0.942489 -0.236338
vn -0.128935 -0.941539 -0.311255
vn 0.281565 0.677253 0.679742
vn 0.518950 0.679260 0.518938
vn 0.240082 0.778715 0.579624
vn 0.442775 0.779682 0.442771
vn -0.155798 -0.985679 -0.064530
vn -0.311275 -0.941533 -0.128932
vn 0.679751 0.677258 0.281530
vn 0.579617 0.778727 0.240058
vn 0.201421 0.958571 -0.201423
vn 0.265631 0.957775 -0.110031
vn 0.482547 0.852760 -0.199869
vn 0.371063 0.851255 -0.371048
vn 0.284851 0.958572 0.000001
vn 0.524754 0.851254 0.000002
vn 0.275411 -0.954532 -0.114092
vn 0.300313 -0.953841 -0.000007
vn 0.212352 -0.953839 -0.212364
vn 0.114077 -0.954522 -0.275451
vn 0.000000 -0.953829 -0.300350
vn -0.000000 0.958554 -0.284912
vn 0.110028 0.957768 -0.265659
vn 0.199880 0.852771 -0.482524
vn -0.000006 0.851237 -0.524781
vn -0.114079 -0.954534 -0.275412
vn -0.212352 -0.953840 -0.212360
vn -0.201421 0.958572 -0.201417
vn -0.110028 0.957770 -0.265651
vn -0.199870 0.852730 -0.482602
vn -0.371055 0.851250 -0.371068
vn -0.275411 -0.954534 -0.114080
vn -0.300312 -0.953841 0.000005
vn -0.284852 0.958572 -0.000001
vn -0.265632 0.957775 -0.110035
vn -0.482542 0.852761 -0.199878
vn -0.524751 0.851256 -0.000003
vn -0.275412 -0.954534 0.114074
vn -0.212354 -0.953842 0.212349
vn -0.201424 0.958577 0.201393
vn -0.265633 0.957776 0.110020
vn -0.482544 0.852761 0.199875
vn -0.371057 0.851253 0.371060
vn -0.114079 -0.954529 0.275429
vn 0.000000 -0.953829 0.300351
vn -0.000000 0.958562 0.284886
vn -0.110028 0.957774 0.265637
vn -0.199876 0.852751 0.482562
vn 0.000003 0.851240 0.524777
vn 0.114078 -0.954526 0.275437
vn 0.212351 -0.953838 0.212367
vn 0.201421 0.958568 0.201436
vn 0.110028 0.957771 0.265646
vn 0.199876 0.852750 0.482563
vn 0.371052 0.851247 0.371078
vn 0.275410 -0.954533 0.114085
vn 0.265632 0.957774 0.110035
vn 0.482541 0.852759 0.199889
vn 0.210256 0.835546 0.507597
vn 0.387250 0.836705 0.387248
vn -0.000002 0.836701 0.547660
vn 0.507600 0.835546 0.210251
vn 0.547655 0.836704 -0.000007
vn 0.507597 0.835544 -0.210267
vn 0.387250 0.836707 -0.387245
vn 0.210258 0.835557 -0.507578
vn -0.000001 0.836709 -0.547648
vn -0.210253 0.835540 -0.507608
vn -0.387247 0.836696 -0.387273
vn -0.507598 0.835542 -0.210273
vn -0.547655 0.836705 0.000002
vn -0.507598 0.835545 0.210261
vn -0.387249 0.836705 0.387251
vn -0.210253 0.835544 0.507603
vn -0.379878 -0.120869 0.917106
vn -0.701896 -0.121176 0.701897
vn -0.000000 -0.121176 0.992631
vn -0.917106 -0.120870 0.379878
vn -0.992631 -0.121177 -0.000000
vn -0.917106 -0.120870 -0.379879
vn -0.701895 -0.121176 -0.701897
vn -0.379877 -0.120870 -0.917106
vn 0.000000 -0.121177 -0.992631
vn 0.379877 -0.120870 -0.917106
vn 0.701896 -0.121177 -0.701896
vn 0.917106 -0.120870 -0.379878
vn 0.992631 -0.121176 0.000001
vn 0.917106 -0.120869 0.379878
vn 0.701897 -0.121176 0.701895
vn 0.379878 -0.120869 0.917106
vn 0.311544 -0.946856 -0.080029
vn 0.166595 -0.968860 -0.183184
vn 0.217849 -0.910130 -0.352429
vn 0.411997 -0.883844 -0.221534
vn 0.000000 -0.976242 -0.216683
vn -0.000000 -0.917973 -0.396643
vn -0.000000 -0.830678 -0.556753
vn 0.260982 -0.821384 -0.507166
vn 0.497522 -0.791948 -0.353964
vn -0.166595 -0.968859 -0.183190
vn -0.217850 -0.910128 -0.352432
vn -0.311544 -0.946856 -0.080028
vn -0.411997 -0.883844 -0.221536
vn -0.497522 -0.791949 -0.353963
vn -0.260982 -0.821384 -0.507166
vn -0.417832 -0.904985 0.080119
vn -0.552853 -0.833203 -0.011239
vn -0.453636 -0.847377 0.275983
vn -0.605339 -0.756838 0.246496
vn -0.739570 -0.639991 0.208441
vn -0.673470 -0.731753 -0.104761
vn -0.417836 -0.778586 0.468206
vn -0.552855 -0.666769 0.499771
vn -0.311548 -0.718111 0.622297
vn -0.412001 -0.583848 0.699555
vn -0.497523 -0.431593 0.752461
vn -0.673471 -0.529701 0.515611
vn -0.166599 -0.675139 0.718632
vn -0.217854 -0.528013 0.820818
vn 0.000000 -0.661387 0.750045
vn -0.000000 -0.508322 0.861167
vn 0.000000 -0.343471 0.939163
vn -0.260984 -0.365162 0.893613
vn 0.166598 -0.675137 0.718635
vn 0.217854 -0.528009 0.820820
vn 0.311545 -0.718109 0.622302
vn 0.412000 -0.583846 0.699557
vn 0.497522 -0.431593 0.752462
vn 0.260984 -0.365162 0.893613
vn 0.417836 -0.778587 0.468205
vn 0.552854 -0.666770 0.499771
vn 0.453636 -0.847377 0.275982
vn 0.605339 -0.756838 0.246497
vn 0.739569 -0.639992 0.208441
vn 0.673470 -0.529701 0.515612
vn 0.417831 -0.904985 0.080115
vn 0.552853 -0.833203 -0.011239
vn 0.673470 -0.731754 -0.104762
vn 0.294729 -0.707415 -0.642417
vn 0.566325 -0.673228 -0.475438
vn -0.000000 -0.718234 -0.695801
vn -0.000000 -0.591297 -0.806454
vn 0.317767 -0.578421 -0.751301
vn 0.614445 -0.537689 -0.577363
vn -0.294729 -0.707415 -0.642416
vn -0.566324 -0.673228 -0.475438
vn -0.614444 -0.537689 -0.577364
vn -0.317766 -0.578421 -0.751301
vn -0.772958 -0.603329 -0.196289
vn -0.852360 -0.497247 0.161951
vn -0.934231 -0.339135 0.110454
vn -0.844234 -0.457436 -0.279325
vn -0.772959 -0.372009 0.513949
vn -0.566325 -0.264107 0.780720
vn -0.614446 -0.094544 0.783274
vn -0.844235 -0.205202 0.495136
vn -0.294728 -0.193399 0.935806
vn 0.000000 -0.170701 0.985323
vn 0.000001 -0.002951 0.999996
vn -0.317765 -0.025026 0.947839
vn 0.294728 -0.193400 0.935805
vn 0.566325 -0.264108 0.780719
vn 0.614447 -0.094545 0.783273
vn 0.317766 -0.025025 0.947839
vn 0.772958 -0.372009 0.513950
vn 0.852359 -0.497247 0.161952
vn 0.934231 -0.339136 0.110454
vn 0.844235 -0.205203 0.495136
vn 0.772958 -0.603330 -0.196289
vn 0.844234 -0.457435 -0.279324
vn 0.331023 -0.439247 -0.835157
vn 0.642621 -0.390648 -0.659114
vn -0.000000 -0.454583 -0.890705
vn -0.000000 -0.309681 -0.950841
vn 0.335375 -0.291746 -0.895772
vn 0.651939 -0.234824 -0.720994
vn -0.331023 -0.439247 -0.835156
vn -0.642621 -0.390649 -0.659114
vn -0.651940 -0.234824 -0.720994
vn -0.335376 -0.291747 -0.895772
vn -0.886732 -0.299877 -0.351823
vn -0.983520 -0.171913 0.055991
vn -1.000000 -0.000000 0.000000
vn -0.900882 -0.134423 -0.412725
vn -0.886733 -0.035167 0.460942
vn -0.642623 0.072439 0.762751
vn -0.651938 0.234823 0.720996
vn -0.900882 0.134422 0.412725
vn -0.331023 0.136837 0.933649
vn 0.000000 0.157156 0.987574
vn -0.000000 0.309681 0.950840
vn -0.335376 0.291746 0.895772
vn 0.331022 0.136837 0.933649
vn 0.642622 0.072439 0.762751
vn 0.651938 0.234822 0.720996
vn 0.335375 0.291746 0.895772
vn 0.886733 -0.035167 0.460942
vn 0.983520 -0.171912 0.055991
vn 1.000000 -0.000000 -0.000000
vn 0.900882 0.134422 0.412725
vn 0.886733 -0.299877 -0.351822
vn 0.900882 -0.134423 -0.412725
vn 0.331024 -0.136836 -0.933648
vn 0.642621 -0.072439 -0.762752
vn 0.000000 -0.157154 -0.987574
vn 0.000000 0.002952 -0.999996
vn 0.317767 0.025027 -0.947839
vn 0.614446 0.094544 -0.783273
vn -0.331023 -0.136836 -0.933648
vn -0.642621 -0.072439 -0.762752
vn -0.614445 0.094544 -0.783274
vn -0.317767 0.025027 -0.947839
vn -0.886732 0.035167 -0.460945
vn -0.983519 0.171914 -0.055992
vn -0.934232 0.339133 -0.110452
vn -0.844236 0.205202 -0.495135
vn -0.886732 0.299879 0.351822
vn -0.642621 0.390649 0.659115
vn -0.614446 0.537690 0.577361
vn -0.844236 0.457433 0.279321
vn -0.331025 0.439246 0.835156
vn 0.000000 0.454582 0.890705
vn 0.000000 0.591300 0.806452
vn -0.317767 0.578422 0.751301
vn 0.331025 0.439246 0.835156
vn 0.642621 0.390649 0.659114
vn 0.614446 0.537689 0.577362
vn 0.317767 0.578422 0.751300
vn 0.886732 0.299879 0.351822
vn 0.983519 0.171914 -0.055993
vn 0.934232 0.339133 -0.110453
vn 0.844236 0.457433 0.279323
vn 0.886731 0.035167 -0.460945
vn 0.844236 0.205201 -0.495134
vn 0.294728 0.193403 -0.935805
vn 0.566325 0.264111 -0.780719
vn 0.000000 0.170704 -0.985322
vn 0.000000 0.343477 -0.939161
vn 0.260985 0.365165 -0.893612
vn 0.497523 0.431596 -0.752460
vn -0.294728 0.193402 -0.935805
vn -0.566325 0.264110 -0.780719
vn -0.497522 0.431596 -0.752461
vn -0.260984 0.365164 -0.893612
vn -0.772960 0.372012 -0.513946
vn -0.852362 0.497245 -0.161948
vn -0.739568 0.639993 -0.208441
vn -0.673469 0.529705 -0.515608
vn -0.772960 0.603327 0.196287
vn -0.566323 0.673230 0.475436
vn -0.497522 0.791948 0.353963
vn -0.673468 0.731755 0.104759
vn -0.294727 0.707417 0.642416
vn 0.000000 0.718236 0.695800
vn -0.000000 0.830681 0.556749
vn -0.260984 0.821384 0.507164
vn 0.294726 0.707417 0.642415
vn 0.566323 0.673229 0.475438
vn 0.497522 0.791948 0.353964
vn 0.260984 0.821385 0.507164
vn 0.772960 0.603327 0.196288
vn 0.852362 0.497244 -0.161948
vn 0.739568 0.639993 -0.208441
vn 0.673468 0.731755 0.104763
vn 0.772960 0.372011 -0.513946
vn 0.673468 0.529705 -0.515609
vn 0.217853 0.528007 -0.820822
vn 0.412002 0.583848 -0.699555
vn 0.000000 0.508318 -0.861170
vn 0.000000 0.661378 -0.750053
vn 0.166596 0.675134 -0.718638
vn 0.311548 0.718113 -0.622295
vn -0.217854 0.528010 -0.820820
vn -0.412000 0.583849 -0.699555
vn -0.311547 0.718113 -0.622295
vn -0.166599 0.675139 -0.718632
vn -0.552855 0.666770 -0.499770
vn -0.605337 0.756838 -0.246501
vn -0.453637 0.847374 -0.275989
vn -0.417835 0.778586 -0.468207
vn -0.552854 0.833202 0.011238
vn -0.412000 0.883841 0.221544
vn -0.311542 0.946856 0.080030
vn -0.417835 0.904983 -0.080126
vn -0.217852 0.910126 0.352436
vn -0.000001 0.917975 0.396639
vn -0.000001 0.976241 0.216688
vn -0.166595 0.968857 0.183198
vn 0.217851 0.910126 0.352436
vn 0.412000 0.883840 0.221546
vn 0.311541 0.946856 0.080037
vn 0.166594 0.968857 0.183200
vn 0.552854 0.833203 0.011245
vn 0.605337 0.756840 -0.246499
vn 0.453637 0.847375 -0.275986
vn 0.417834 0.904983 -0.080124
vn 0.552856 0.666770 -0.499769
vn 0.417839 0.778588 -0.468200
vn 0.094777 -0.994820 0.036756
vn -0.000000 -0.998103 0.061565
vn 0.152329 -0.979248 0.133673
vn -0.000000 -0.950841 0.309680
vn -0.094777 -0.994820 0.036753
vn -0.152330 -0.979249 0.133669
vn -0.239688 -0.952857 0.186046
vn -0.213761 -0.928862 0.302525
vn -0.239695 -0.879660 0.410786
vn -0.152325 -0.870146 0.468661
vn -0.094770 -0.825652 0.556164
vn 0.000000 -0.842921 0.538037
vn 0.094770 -0.825651 0.556165
vn 0.152325 -0.870147 0.468659
vn 0.239696 -0.879663 0.410777
vn 0.213761 -0.928864 0.302521
vn 0.239688 -0.952857 0.186046
vn 0.094765 0.825656 -0.556158
vn 0.152326 0.870156 -0.468641
vn -0.000000 0.842924 -0.538033
vn -0.000000 0.950842 -0.309675
vn -0.094770 0.825652 -0.556163
vn -0.152329 0.870150 -0.468651
vn -0.239696 0.879665 -0.410774
vn -0.213760 0.928864 -0.302522
vn -0.239687 0.952854 -0.186066
vn -0.152320 0.979248 -0.133685
vn -0.094771 0.994820 -0.036760
vn -0.000000 0.998103 -0.061574
vn 0.094771 0.994821 -0.036753
vn 0.152320 0.979249 -0.133682
vn 0.239686 0.952855 -0.186061
vn 0.213760 0.928865 -0.302517
vn 0.239697 0.879670 -0.410763
vn 0.016713 -0.880885 -0.473035
vn -0.155672 -0.867790 -0.471919
vn -0.201979 -0.761042 -0.616457
vn 0.025311 -0.780133 -0.625102
vn -0.302247 -0.863502 -0.403746
vn -0.394000 -0.753491 -0.526322
vn -0.469508 -0.621454 -0.627182
vn -0.240921 -0.629609 -0.738613
vn 0.033134 -0.653621 -0.756096
vn -0.408953 -0.867789 -0.282313
vn -0.534586 -0.761042 -0.367469
vn -0.458585 -0.880885 -0.117225
vn -0.606913 -0.780133 -0.151818
vn -0.734807 -0.653620 -0.181217
vn -0.640825 -0.629609 -0.439246
vn -0.443135 -0.893212 0.076185
vn -0.589316 -0.801333 0.102819
vn -0.348596 -0.900213 0.260954
vn -0.468930 -0.810479 0.351039
vn -0.578219 -0.691592 0.432855
vn -0.722819 -0.679188 0.127422
vn -0.197941 -0.893212 0.403721
vn -0.264678 -0.801333 0.536480
vn -0.016712 -0.880884 0.473037
vn -0.025309 -0.780133 0.625101
vn -0.033134 -0.653621 0.756096
vn -0.325896 -0.679187 0.657644
vn 0.155669 -0.867788 0.471923
vn 0.201979 -0.761040 0.616459
vn 0.302247 -0.863502 0.403747
vn 0.394002 -0.753491 0.526321
vn 0.469507 -0.621453 0.627183
vn 0.240923 -0.629609 0.738613
vn 0.408953 -0.867787 0.282317
vn 0.534586 -0.761042 0.367468
vn 0.458585 -0.880884 0.117228
vn 0.606913 -0.780134 0.151817
vn 0.734807 -0.653621 0.181216
vn 0.640824 -0.629608 0.439248
vn 0.443136 -0.893211 -0.076189
vn 0.589317 -0.801333 -0.102820
vn 0.348595 -0.900214 -0.260955
vn 0.468930 -0.810479 -0.351040
vn 0.578220 -0.691592 -0.432854
vn 0.722819 -0.679188 -0.127423
vn 0.197941 -0.893212 -0.403723
vn 0.264677 -0.801333 -0.536481
vn 0.325895 -0.679188 -0.657644
vn -0.271418 -0.479162 -0.834707
vn 0.039279 -0.503119 -0.863324
vn -0.528562 -0.471269 -0.706065
vn -0.568689 -0.315431 -0.759668
vn -0.292286 -0.321583 -0.900641
vn 0.043747 -0.340625 -0.939181
vn -0.724435 -0.479162 -0.495578
vn -0.839423 -0.503118 -0.205529
vn -0.913465 -0.340623 -0.222614
vn -0.781819 -0.321581 -0.534177
vn -0.835398 -0.529229 0.148415
vn -0.672583 -0.542334 0.503495
vn -0.742854 -0.372721 0.556100
vn -0.917729 -0.361824 0.163884
vn -0.377754 -0.529228 0.759750
vn -0.039278 -0.503118 0.863325
vn -0.043747 -0.340623 0.939182
vn -0.415789 -0.361824 0.834388
vn 0.271419 -0.479162 0.834707
vn 0.528562 -0.471268 0.706066
vn 0.568689 -0.315431 0.759669
vn 0.292287 -0.321582 0.900641
vn 0.724434 -0.479161 0.495580
vn 0.839422 -0.503118 0.205529
vn 0.913465 -0.340624 0.222614
vn 0.781818 -0.321582 0.534177
vn 0.835398 -0.529229 -0.148415
vn 0.672582 -0.542334 -0.503495
vn 0.742853 -0.372722 -0.556100
vn 0.917729 -0.361824 -0.163882
vn 0.377753 -0.529229 -0.759749
vn 0.415788 -0.361825 -0.834388
vn -0.304376 -0.161339 -0.938789
vn 0.046371 -0.171842 -0.984033
vn -0.591756 -0.157994 -0.790483
vn -0.599281 0.000001 -0.800539
vn -0.308306 0.000000 -0.951287
vn 0.047297 0.000000 -0.998881
vn -0.815015 -0.161339 -0.556524
vn -0.957239 -0.171842 -0.232730
vn -0.971747 -0.000000 -0.236024
vn -0.825899 0.000000 -0.563818
vn -0.967596 -0.183695 0.173247
vn -0.785972 -0.189892 0.588378
vn -0.800537 -0.000000 0.599283
vn -0.984312 -0.000000 0.176435
vn -0.438823 -0.183696 0.879596
vn -0.046371 -0.171843 0.984032
vn -0.047297 0.000000 0.998881
vn -0.446590 -0.000000 0.894739
vn 0.304378 -0.161339 0.938788
vn 0.591756 -0.157993 0.790483
vn 0.599281 0.000001 0.800539
vn 0.308307 0.000000 0.951287
vn 0.815015 -0.161340 0.556526
vn 0.957240 -0.171842 0.232729
vn 0.971747 0.000000 0.236025
vn 0.825899 0.000000 0.563818
vn 0.967596 -0.183694 -0.173247
vn 0.785972 -0.189891 -0.588378
vn 0.800537 -0.000001 -0.599283
vn 0.984312 -0.000000 -0.176436
vn 0.438823 -0.183694 -0.879597
vn 0.446591 -0.000000 -0.894738
vn -0.304378 0.161338 -0.938789
vn 0.046371 0.171840 -0.984033
vn -0.591756 0.157992 -0.790483
vn -0.568690 0.315430 -0.759668
vn -0.292287 0.321582 -0.900640
vn 0.043747 0.340623 -0.939182
vn -0.815015 0.161337 -0.556525
vn -0.957240 0.171840 -0.232730
vn -0.913466 0.340623 -0.222613
vn -0.781820 0.321581 -0.534176
vn -0.967596 0.183692 0.173247
vn -0.785973 0.189891 0.588378
vn -0.742855 0.372721 0.556099
vn -0.917729 0.361823 0.163882
vn -0.438823 0.183693 0.879597
vn -0.046371 0.171840 0.984033
vn -0.043747 0.340622 0.939182
vn -0.415791 0.361824 0.834387
vn 0.304377 0.161336 0.938789
vn 0.591755 0.157992 0.790484
vn 0.568691 0.315430 0.759668
vn 0.292287 0.321580 0.900641
vn 0.815015 0.161338 0.556526
vn 0.957240 0.171840 0.232729
vn 0.913466 0.340623 0.222613
vn 0.781820 0.321580 0.534176
vn 0.967597 0.183692 -0.173247
vn 0.785972 0.189890 -0.588378
vn 0.742855 0.372722 -0.556098
vn 0.917729 0.361823 -0.163883
vn 0.438824 0.183692 -0.879597
vn 0.415789 0.361824 -0.834387
vn -0.271417 0.479162 -0.834707
vn 0.039278 0.503121 -0.863323
vn -0.528560 0.471267 -0.706068
vn -0.469506 0.621456 -0.627181
vn -0.240919 0.629610 -0.738613
vn 0.033134 0.653624 -0.756094
vn -0.724435 0.479161 -0.495579
vn -0.839422 0.503118 -0.205530
vn -0.734805 0.653622 -0.181215
vn -0.640824 0.629610 -0.439246
vn -0.835398 0.529229 0.148414
vn -0.672583 0.542334 0.503494
vn -0.578219 0.691595 0.432850
vn -0.722818 0.679189 0.127420
vn -0.377754 0.529229 0.759749
vn -0.039279 0.503118 0.863325
vn -0.033134 0.653622 0.756096
vn -0.325896 0.679189 0.657643
vn 0.271419 0.479162 0.834707
vn 0.528562 0.471268 0.706066
vn 0.469507 0.621456 0.627181
vn 0.240921 0.629610 0.738613
vn 0.724434 0.479161 0.495580
vn 0.839422 0.503118 0.205529
vn 0.734805 0.653623 0.181214
vn 0.640823 0.629610 0.439246
vn 0.835398 0.529229 -0.148416
vn 0.672582 0.542334 -0.503495
vn 0.578218 0.691593 -0.432855
vn 0.722818 0.679189 -0.127423
vn 0.377753 0.529231 -0.759748
vn 0.325893 0.679190 -0.657643
vn -0.201979 0.761042 -0.616457
vn 0.025312 0.780131 -0.625104
vn -0.394001 0.753496 -0.526314
vn -0.302247 0.863500 -0.403751
vn -0.155669 0.867787 -0.471926
vn 0.016712 0.880884 -0.473037
vn -0.534586 0.761042 -0.367468
vn -0.606911 0.780135 -0.151817
vn -0.458586 0.880884 -0.117227
vn -0.408954 0.867787 -0.282316
vn -0.589316 0.801333 0.102816
vn -0.468929 0.810482 0.351034
vn -0.348596 0.900212 0.260960
vn -0.443137 0.893211 0.076186
vn -0.264679 0.801333 0.536480
vn -0.025310 0.780135 0.625099
vn -0.016711 0.880884 0.473038
vn -0.197943 0.893208 0.403731
vn 0.201980 0.761043 0.616456
vn 0.394001 0.753496 0.526315
vn 0.302248 0.863501 0.403749
vn 0.155670 0.867786 0.471926
vn 0.534586 0.761043 0.367467
vn 0.606910 0.780135 0.151818
vn 0.458586 0.880883 0.117233
vn 0.408954 0.867787 0.282316
vn 0.589316 0.801333 -0.102819
vn 0.468927 0.810480 -0.351039
vn 0.348595 0.900212 -0.260962
vn 0.443138 0.893211 -0.076185
vn 0.264675 0.801331 -0.536485
vn 0.197941 0.893208 -0.403731
vn -0.090450 -0.958661 -0.269791
vn -0.148985 -0.968604 -0.199022
vn 0.011530 -0.973913 -0.226631
vn -0.000000 -1.000000 -0.000003
vn -0.233385 -0.958660 -0.162796
vn -0.220701 -0.973912 -0.052785
vn -0.253907 -0.966297 0.042443
vn -0.162497 -0.979182 0.121647
vn -0.112255 -0.966297 0.231666
vn -0.011529 -0.973912 0.226633
vn 0.090448 -0.958662 0.269790
vn 0.148985 -0.968605 0.199015
vn 0.233386 -0.958660 0.162795
vn 0.220701 -0.973912 0.052784
vn 0.253908 -0.966297 -0.042445
vn 0.162497 -0.979182 -0.121647
vn 0.112255 -0.966298 -0.231663
vn -0.090443 0.958662 -0.269792
vn 0.011531 0.973913 -0.226630
vn -0.148979 0.968606 -0.199018
vn -0.000000 1.000000 0.000003
vn -0.233373 0.958664 -0.162790
vn -0.220693 0.973914 -0.052779
vn -0.253893 0.966301 0.042447
vn -0.162491 0.979182 0.121653
vn -0.112248 0.966296 0.231672
vn -0.011530 0.973912 0.226635
vn 0.090443 0.958663 0.269788
vn 0.148979 0.968606 0.199016
vn 0.233373 0.958664 0.162789
vn 0.220693 0.973914 0.052784
vn 0.253895 0.966300 -0.042443
vn 0.162491 0.979183 -0.121648
vn 0.112248 0.966299 -0.231663
vn -0.305394 0.908490 0.285274
vn -0.747048 0.636762 0.190925
vn -0.699594 0.708103 0.095703
vn -0.261123 0.956904 0.127082
vn -0.964782 0.256777 0.057104
vn -0.956919 0.282473 0.067193
vn -0.936614 0.249772 0.245702
vn -0.671942 0.712073 0.203582
vn -0.215852 0.939723 0.265195
vn -0.301108 0.239323 0.923070
vn -0.351753 0.636237 0.686639
vn -0.000958 0.678527 0.734575
vn 0.000113 0.254368 0.967108
vn -0.000621 0.951982 0.306152
vn 0.304965 0.908224 0.286575
vn 0.351957 0.636391 0.686391
vn 0.304346 0.239276 0.922020
vn -0.974253 0.042537 0.221410
vn -0.766966 0.157856 0.621968
vn -0.723841 0.075355 0.685840
vn -0.969209 0.052559 0.240563
vn -0.259558 0.099071 0.960632
vn -0.218449 0.215838 0.951680
vn -0.702375 0.167521 0.691814
vn -0.955119 0.205057 0.213773
vn -0.995134 0.072983 0.066201
vn -0.982170 0.095498 0.161935
vn -0.999765 0.014758 -0.015854
vn -0.999256 0.013249 -0.036229
vn -0.999975 0.004765 -0.005251
vn -0.965161 -0.001799 -0.261651
vn -0.966485 -0.003083 -0.256705
vn -0.967730 -0.002182 -0.251978
vn -0.977934 0.181425 0.103589
vn -0.999674 -0.020229 0.015579
vn -0.999961 -0.006180 0.006363
vn -0.998932 -0.044753 0.011483
vn -0.956212 -0.292668 -0.002200
vn -0.954288 -0.298868 -0.003623
vn -0.952172 -0.305553 -0.002503
vn 0.964651 0.257284 0.057037
vn 0.747007 0.636565 0.191744
vn 0.699704 0.707952 0.096016
vn 0.956901 0.282537 0.067179
vn 0.261055 0.956864 0.127521
vn 0.215852 0.939723 0.265195
vn 0.671942 0.712073 0.203582
vn 0.936614 0.249771 0.245701
vn 0.994968 0.074290 0.067227
vn 0.977613 0.182846 0.104120
vn 0.999682 -0.019811 0.015636
vn 0.998943 -0.044474 0.011638
vn 0.999963 -0.005961 0.006288
vn 0.952172 -0.305553 -0.002503
vn 0.954287 -0.298869 -0.003623
vn 0.956211 -0.292669 -0.002200
vn 0.973821 0.042920 0.223230
vn 0.981693 0.097507 0.163618
vn 0.999768 0.014994 -0.015478
vn 0.999975 0.004818 -0.005117
vn 0.999266 0.013356 -0.035906
vn 0.967679 -0.002541 -0.252171
vn 0.966191 -0.003587 -0.257801
vn 0.964621 -0.001812 -0.263633
vn 0.768306 0.157786 0.620330
vn 0.725445 0.071088 0.684600
vn 0.262936 0.096751 0.959950
vn 0.968833 0.050829 0.242444
vn 0.955022 0.204191 0.215032
vn 0.703363 0.163415 0.691792
vn 0.220178 0.214034 0.951689
vn -0.708303 0.685357 0.169094
vn -0.719367 0.694631 -0.000264
vn -0.973825 0.227299 -0.000916
vn -0.217627 0.951461 0.217626
vn -0.244909 0.969546 0.000000
vn -0.217627 0.951461 -0.217626
vn -0.709638 0.683589 -0.170648
vn -0.955002 0.201008 -0.218100
vn -0.170964 0.693843 0.699538
vn -0.000021 0.705153 0.709056
vn 0.000000 0.969546 0.244909
vn 0.000311 0.242542 0.970141
vn 0.171114 0.693934 0.699411
vn 0.217627 0.951461 0.217626
vn 0.707626 0.685998 0.169328
vn 0.718730 0.695289 -0.000325
vn 0.244909 0.969546 0.000001
vn 0.973643 0.228077 -0.000864
vn 0.954667 0.201741 -0.218887
vn 0.709185 0.684017 -0.170813
vn 0.217627 0.951461 -0.217626
vn -0.698798 0.156598 -0.697967
vn -0.707806 0.031605 -0.705700
vn -0.966389 0.039376 -0.254049
vn -0.218714 0.201581 -0.954740
vn -0.255688 0.040165 -0.965925
vn -0.265799 -0.000000 -0.964029
vn -0.709694 -0.000844 -0.704510
vn -0.170778 0.683923 -0.709284
vn -0.000000 0.694766 -0.719236
vn -0.000000 0.227456 -0.973788
vn 0.000000 0.969546 -0.244908
vn 0.170778 0.683924 -0.709283
vn 0.218715 0.201581 -0.954740
vn 0.698245 0.156794 -0.698477
vn 0.706894 0.031752 -0.706606
vn 0.255688 0.040165 -0.965925
vn 0.965955 0.039748 -0.255639
vn 0.708576 -0.000847 -0.705634
vn 0.265799 -0.000000 -0.964029
vn -0.715634 -0.001050 -0.698475
vn -0.716939 -0.039286 -0.696028
vn -0.969558 -0.049995 -0.239705
vn -0.265799 0.000000 -0.964029
vn -0.255397 -0.048557 -0.965616
vn -0.216337 -0.235541 -0.947480
vn -0.706593 -0.185964 -0.682747
vn -0.950139 -0.238007 -0.201465
vn -0.265799 -0.000000 -0.964029
vn 0.000000 0.000000 -1.000000
vn 0.000000 0.000000 -1.000000
vn 0.000000 -0.000000 -1.000000
vn 0.265799 -0.000000 -0.964029
vn 0.265799 0.000000 -0.964029
vn 0.715403 -0.001222 -0.698711
vn 0.716895 -0.039327 -0.696072
vn 0.255397 -0.048556 -0.965616
vn 0.969551 -0.050071 -0.239715
vn 0.950140 -0.238006 -0.201465
vn 0.706594 -0.185963 -0.682747
vn 0.216337 -0.235541 -0.947480
vn -0.684943 -0.711676 -0.156111
vn -0.693116 -0.720107 -0.032174
vn -0.959521 -0.278638 -0.040993
vn -0.218715 -0.954740 -0.201581
vn -0.255688 -0.965925 -0.040164
vn -0.265798 -0.964029 0.000000
vn -0.691871 -0.722021 -0.000942
vn -0.169804 -0.721650 -0.671109
vn -0.000000 -0.731047 -0.682327
vn -0.000000 -0.973788 -0.227456
vn -0.000000 -0.264269 -0.964449
vn 0.169805 -0.721650 -0.671109
vn 0.218714 -0.954740 -0.201581
vn 0.684943 -0.711676 -0.156110
vn 0.693115 -0.720109 -0.032173
vn 0.255688 -0.965925 -0.040164
vn 0.959521 -0.278638 -0.040992
vn 0.691870 -0.722022 -0.000942
vn 0.265798 -0.964029 0.000000
vn 0.265798 -0.964029 0.000000
vn 0.685310 -0.728251 -0.001041
vn 0.682582 -0.729734 0.039633
vn 0.255311 -0.965518 0.050911
vn 0.953523 -0.297311 0.048997
vn 0.936656 -0.254534 0.240600
vn 0.668035 -0.719511 0.189826
vn 0.215652 -0.945330 0.244631
vn 0.265798 -0.964029 0.000000
vn 0.000000 -1.000000 0.000000
vn -0.000000 -1.000000 0.000000
vn 0.000000 -1.000000 0.000000
vn -0.265798 -0.964029 0.000000
vn -0.265798 -0.964029 0.000000
vn -0.685310 -0.728251 -0.001040
vn -0.682582 -0.729733 0.039634
vn -0.953523 -0.297311 0.048998
vn -0.255311 -0.965518 0.050912
vn -0.215653 -0.945330 0.244632
vn -0.668035 -0.719511 0.189826
vn -0.936656 -0.254535 0.240600
vn -0.214642 0.257573 0.942117
vn -0.672816 0.199544 0.712391
vn -0.689292 -0.000321 0.724483
vn -0.244229 -0.000000 0.969718
vn -0.962047 -0.001034 0.272884
vn -0.674384 -0.201372 0.710391
vn -0.214642 -0.257572 0.942117
vn -0.166706 0.693731 0.700676
vn -0.000000 0.702899 0.711289
vn 0.000000 0.954874 0.297012
vn -0.000000 0.287893 0.957663
vn 0.214642 0.257573 0.942117
vn 0.166706 0.693731 0.700676
vn 0.672816 0.199543 0.712391
vn 0.689292 -0.000321 0.724484
vn 0.962047 -0.001034 0.272883
vn 0.244229 -0.000000 0.969718
vn 0.214643 -0.257572 0.942117
vn 0.674384 -0.201371 0.710391
vn -0.166474 -0.705010 0.689381
vn 0.000000 -0.714566 0.699568
vn 0.000000 -0.287892 0.957663
vn 0.000000 -0.961718 0.274042
vn 0.166474 -0.705009 0.689382
vn 0.000628 0.105326 0.994438
vn 0.000000 1.000000 0.000000
vn -0.000000 0.045969 -0.998943
vn 0.000000 -0.998943 -0.045968
vn 0.998901 0.046823 -0.002057
vn -0.998900 0.046846 -0.002211
vn -0.000000 -0.055514 -0.998458
vn 0.997366 -0.055911 -0.046208
vn 0.000000 -0.000000 1.000000
vn -0.997361 -0.055945 -0.046281
vn -0.000124 0.990578 0.136952
vn -0.998250 -0.002390 0.059094
vn 0.000000 -0.998306 0.058189
vn 0.998251 -0.002347 0.059067
vn -0.843603 0.369914 0.389226
vn 0.842763 0.371069 0.389946
vn -0.585088 0.569284 0.577571
vn 0.585150 0.568948 0.577838
vn -0.585475 0.561019 -0.585215
vn 0.585256 0.561129 -0.585329
vn -0.712658 -0.001467 -0.701510
vn 0.711919 -0.001704 -0.702260
vn -0.576372 -0.601704 -0.552944
vn 0.576372 -0.601705 -0.552944
vn 0.688638 -0.725104 -0.001530
vn -0.688638 -0.725103 -0.001530
vn -0.547898 0.590165 0.592886
vn 0.547897 0.590165 0.592886
vn -0.548383 -0.599064 0.583437
vn 0.548382 -0.599062 0.583439
vn -0.298641 -0.042758 0.953407
vn -0.136697 -0.006188 0.990594
vn -0.042375 0.248083 0.967812
vn -0.242943 0.207564 0.947574
vn 0.000000 -0.029184 0.999574
vn 0.000000 0.248740 0.968570
vn 0.000000 0.297027 0.954869
vn -0.030352 0.296890 0.954429
vn -0.211547 0.290305 0.933258
vn 0.136698 -0.006188 0.990594
vn 0.042375 0.248083 0.967812
vn 0.298642 -0.042759 0.953407
vn 0.242944 0.207564 0.947574
vn 0.211546 0.290305 0.933258
vn 0.030352 0.296890 0.954429
vn -0.031991 0.366360 0.929923
vn -0.244583 0.391880 0.886910
vn 0.000000 0.365388 0.930855
vn 0.000000 0.733970 0.679182
vn -0.041579 0.737012 0.674600
vn -0.167953 0.726595 0.666222
vn 0.031992 0.366361 0.929923
vn 0.244583 0.391880 0.886910
vn 0.167954 0.726596 0.666221
vn 0.041580 0.737012 0.674599
vn -0.055472 0.996600 -0.060914
vn -0.395883 0.917981 0.024243
vn 0.000000 0.998291 -0.058432
vn 0.000000 0.954871 -0.297021
vn -0.057747 0.953277 -0.296527
vn -0.375305 0.885071 -0.275311
vn 0.055473 0.996600 -0.060914
vn 0.395883 0.917981 0.024243
vn 0.375305 0.885071 -0.275311
vn 0.057747 0.953277 -0.296527
vn -0.055471 0.855299 -0.515156
vn -0.395883 0.742251 -0.540685
vn 0.000000 0.855283 -0.518162
vn 0.000000 0.219197 -0.975681
vn -0.041579 0.224300 -0.973633
vn -0.167952 0.220474 -0.960824
vn 0.055472 0.855300 -0.515156
vn 0.395883 0.742251 -0.540685
vn 0.167953 0.220475 -0.960824
vn 0.041580 0.224300 -0.973633
vn -0.031991 -0.225777 -0.973654
vn -0.244581 -0.180364 -0.952706
vn 0.000000 -0.227107 -0.973870
vn 0.000000 -0.297027 -0.954869
vn -0.030351 -0.296890 -0.954429
vn -0.211545 -0.290306 -0.933258
vn 0.031991 -0.225777 -0.973654
vn 0.244581 -0.180363 -0.952706
vn 0.211546 -0.290306 -0.933258
vn 0.030351 -0.296890 -0.954429
vn -0.042374 -0.344677 -0.937765
vn -0.242944 -0.366568 -0.898113
vn -0.000000 -0.344566 -0.938762
vn -0.000001 -0.591038 -0.806644
vn -0.136699 -0.567006 -0.812292
vn -0.298643 -0.576029 -0.760923
vn 0.042374 -0.344677 -0.937765
vn 0.242944 -0.366567 -0.898113
vn 0.298641 -0.576027 -0.760925
vn 0.136697 -0.567004 -0.812293
vn -0.374848 -0.921488 -0.101731
vn -0.688907 -0.716470 -0.109899
vn -0.000001 -0.993688 -0.112183
vn -0.000000 -0.954869 0.297027
vn -0.428004 -0.862989 0.268444
vn -0.707106 -0.675196 0.210028
vn 0.374847 -0.921488 -0.101731
vn 0.688908 -0.716469 -0.109898
vn 0.707107 -0.675195 0.210029
vn 0.428005 -0.862988 0.268447
vn -0.374846 -0.701183 0.606492
vn -0.688906 -0.527710 0.496921
vn -0.000000 -0.754713 0.656055
vn 0.374847 -0.701183 0.606492
vn 0.688907 -0.527710 0.496920
vn 0.860508 -0.339262 -0.380037
vn 0.961754 -0.261553 0.081359
vn 0.847163 -0.157821 -0.507353
vn 1.000000 0.000000 0.000000
vn 0.860507 -0.063824 0.505425
vn 0.847162 0.157821 0.507355
vn 0.841085 0.113487 -0.528863
vn 0.943624 0.316080 -0.098321
vn 0.841085 0.393455 0.371172
vn -0.860507 -0.339262 -0.380037
vn -0.961754 -0.261552 0.081359
vn -1.000000 0.000000 0.000000
vn -0.847163 -0.157821 -0.507354
vn -0.860507 -0.063823 0.505425
vn -0.847162 0.157820 0.507355
vn -0.841086 0.113487 -0.528863
vn -0.943624 0.316080 -0.098321
vn -0.841085 0.393455 0.371172
vn 0.305395 0.908490 0.285273
vn 0.261123 0.956904 0.127083
vn 0.699594 0.708102 0.095704
vn 0.747048 0.636763 0.190925
vn 0.956919 0.282474 0.067193
vn 0.964782 0.256777 0.057104
vn 0.671943 0.712073 0.203583
vn 0.936614 0.249772 0.245701
vn 0.215852 0.939723 0.265196
vn 0.301108 0.239323 0.923070
vn -0.000113 0.254368 0.967108
vn 0.000958 0.678527 0.734574
vn 0.351753 0.636237 0.686639
vn 0.000621 0.951982 0.306153
vn -0.351957 0.636391 0.686391
vn -0.304965 0.908224 0.286575
vn -0.304346 0.239276 0.922020
vn 0.974253 0.042537 0.221410
vn 0.969209 0.052559 0.240563
vn 0.723840 0.075355 0.685840
vn 0.766966 0.157856 0.621968
vn 0.259558 0.099071 0.960632
vn 0.702375 0.167521 0.691814
vn 0.218449 0.215838 0.951680
vn 0.955119 0.205056 0.213774
vn 0.995134 0.072983 0.066201
vn 0.999256 0.013249 -0.036229
vn 0.999765 0.014758 -0.015854
vn 0.982170 0.095498 0.161935
vn 0.999975 0.004765 -0.005251
vn 0.966485 -0.003082 -0.256705
vn 0.965161 -0.001799 -0.261651
vn 0.967731 -0.002182 -0.251978
vn 0.999961 -0.006179 0.006363
vn 0.999674 -0.020229 0.015579
vn 0.977934 0.181425 0.103589
vn 0.998932 -0.044752 0.011483
vn 0.954288 -0.298868 -0.003623
vn 0.956212 -0.292668 -0.002200
vn 0.952172 -0.305553 -0.002503
vn -0.964651 0.257284 0.057037
vn -0.956901 0.282537 0.067179
vn -0.699704 0.707952 0.096016
vn -0.747008 0.636564 0.191744
vn -0.261054 0.956864 0.127520
vn -0.671943 0.712072 0.203582
vn -0.215853 0.939723 0.265195
vn -0.936614 0.249770 0.245701
vn -0.994968 0.074290 0.067227
vn -0.998943 -0.044474 0.011638
vn -0.999682 -0.019811 0.015636
vn -0.977613 0.182846 0.104120
vn -0.999963 -0.005961 0.006288
vn -0.954287 -0.298869 -0.003623
vn -0.952172 -0.305554 -0.002503
vn -0.956211 -0.292670 -0.002200
vn -0.973820 0.042920 0.223230
vn -0.999975 0.004818 -0.005117
vn -0.999768 0.014994 -0.015477
vn -0.981693 0.097506 0.163618
vn -0.999266 0.013357 -0.035906
vn -0.966191 -0.003587 -0.257801
vn -0.967679 -0.002541 -0.252171
vn -0.964621 -0.001811 -0.263633
vn -0.262936 0.096752 0.959950
vn -0.725445 0.071087 0.684599
vn -0.768307 0.157786 0.620329
vn -0.968833 0.050830 0.242443
vn -0.703363 0.163416 0.691791
vn -0.955022 0.204192 0.215031
vn -0.220178 0.214034 0.951689
vn 0.973825 0.227298 -0.000916
vn 0.719366 0.694631 -0.000263
vn 0.708303 0.685357 0.169095
vn 0.244909 0.969546 -0.000000
vn 0.217627 0.951461 0.217626
vn 0.709637 0.683589 -0.170648
vn 0.217627 0.951461 -0.217626
vn 0.955002 0.201007 -0.218100
vn 0.000000 0.969546 0.244908
vn 0.000021 0.705153 0.709056
vn 0.170964 0.693843 0.699538
vn -0.000311 0.242541 0.970141
vn -0.171114 0.693934 0.699411
vn -0.217627 0.951461 0.217626
vn -0.244909 0.969546 -0.000000
vn -0.718731 0.695289 -0.000325
vn -0.707626 0.685998 0.169329
vn -0.973643 0.228077 -0.000864
vn -0.709185 0.684017 -0.170813
vn -0.954667 0.201742 -0.218887
vn -0.217627 0.951461 -0.217626
vn 0.966390 0.039375 -0.254049
vn 0.707806 0.031605 -0.705700
vn 0.698798 0.156598 -0.697968
vn 0.255688 0.040165 -0.965925
vn 0.218714 0.201581 -0.954740
vn 0.709694 -0.000844 -0.704510
vn 0.265799 0.000000 -0.964029
vn 0.000000 0.227455 -0.973789
vn 0.000000 0.694766 -0.719236
vn 0.170778 0.683924 -0.709283
vn 0.000000 0.969546 -0.244908
vn -0.170779 0.683925 -0.709283
vn -0.218715 0.201581 -0.954740
vn -0.255688 0.040165 -0.965925
vn -0.706894 0.031752 -0.706607
vn -0.698245 0.156795 -0.698477
vn -0.965955 0.039748 -0.255639
vn -0.708577 -0.000846 -0.705634
vn -0.265799 0.000000 -0.964029
vn 0.969558 -0.049995 -0.239705
vn 0.716939 -0.039286 -0.696028
vn 0.715634 -0.001050 -0.698475
vn 0.255397 -0.048557 -0.965616
vn 0.265799 -0.000000 -0.964029
vn 0.706593 -0.185963 -0.682747
vn 0.216338 -0.235541 -0.947480
vn 0.950140 -0.238006 -0.201465
vn 0.000000 -0.000000 -1.000000
vn 0.000000 0.000000 -1.000000
vn 0.265799 0.000000 -0.964029
vn 0.000000 0.000000 -1.000000
vn -0.265799 -0.000000 -0.964029
vn -0.265799 -0.000000 -0.964029
vn -0.255397 -0.048556 -0.965616
vn -0.716894 -0.039327 -0.696072
vn -0.715403 -0.001222 -0.698711
vn -0.969551 -0.050072 -0.239715
vn -0.706593 -0.185964 -0.682747
vn -0.950139 -0.238007 -0.201465
vn -0.216337 -0.235541 -0.947480
vn 0.959521 -0.278637 -0.040992
vn 0.693116 -0.720107 -0.032174
vn 0.684943 -0.711676 -0.156110
vn 0.255688 -0.965925 -0.040164
vn 0.218715 -0.954740 -0.201581
vn 0.691871 -0.722021 -0.000942
vn 0.265798 -0.964029 0.000000
vn -0.000000 -0.973788 -0.227456
vn 0.000000 -0.731047 -0.682327
vn 0.169805 -0.721650 -0.671109
vn 0.000000 -0.264269 -0.964449
vn -0.169804 -0.721650 -0.671109
vn -0.218714 -0.954740 -0.201581
vn -0.255688 -0.965925 -0.040164
vn -0.693115 -0.720108 -0.032173
vn -0.684942 -0.711676 -0.156111
vn -0.959521 -0.278639 -0.040993
vn -0.691870 -0.722022 -0.000942
vn -0.265798 -0.964029 0.000000
vn -0.265798 -0.964029 0.000000
vn -0.255311 -0.965518 0.050911
vn -0.682582 -0.729734 0.039633
vn -0.685310 -0.728251 -0.001041
vn -0.953523 -0.297311 0.048997
vn -0.668035 -0.719511 0.189826
vn -0.936656 -0.254534 0.240599
vn -0.215653 -0.945330 0.244631
vn 0.000000 -1.000000 0.000000
vn 0.000000 -1.000000 0.000000
vn -0.265798 -0.964029 0.000000
vn 0.000000 -1.000000 0.000000
vn 0.265797 -0.964029 0.000000
vn 0.265797 -0.964029 0.000000
vn 0.953523 -0.297310 0.048997
vn 0.682582 -0.729733 0.039633
vn 0.685310 -0.728251 -0.001041
vn 0.255311 -0.965518 0.050912
vn 0.668035 -0.719510 0.189826
vn 0.215653 -0.945330 0.244631
vn 0.936656 -0.254534 0.240600
vn 0.214642 0.257573 0.942117
vn 0.244229 0.000000 0.969718
vn 0.689292 -0.000321 0.724484
vn 0.672816 0.199545 0.712390
vn 0.962047 -0.001034 0.272883
vn 0.674384 -0.201372 0.710392
vn 0.214642 -0.257572 0.942117
vn 0.000000 0.954874 0.297011
vn 0.000000 0.702899 0.711289
vn 0.166706 0.693731 0.700675
vn 0.000000 0.287893 0.957663
vn -0.166706 0.693731 0.700676
vn -0.214642 0.257573 0.942117
vn -0.962047 -0.001033 0.272883
vn -0.689292 -0.000320 0.724483
vn -0.672816 0.199543 0.712391
vn -0.244229 -0.000000 0.969718
vn -0.674384 -0.201371 0.710391
vn -0.214642 -0.257572 0.942118
vn 0.000000 -0.287892 0.957663
vn 0.000000 -0.714565 0.699569
vn 0.166474 -0.705010 0.689382
vn 0.000000 -0.961718 0.274042
vn -0.166474 -0.705009 0.689382
vn -0.000628 0.105326 0.994438
vn 0.000000 1.000000 -0.000000
vn 0.000000 0.045969 -0.998943
vn -0.000000 -0.998943 -0.045968
vn -0.998901 0.046823 -0.002056
vn 0.998900 0.046845 -0.002211
vn 0.000000 -0.055514 -0.998458
vn -0.997366 -0.055911 -0.046208
vn -0.000000 0.000000 1.000000
vn 0.997361 -0.055945 -0.046281
vn 0.000124 0.990578 0.136952
vn 0.998250 -0.002390 0.059094
vn 0.000000 -0.998306 0.058189
vn -0.998251 -0.002346 0.059067
vn 0.843603 0.369914 0.389226
vn -0.842764 0.371069 0.389945
vn 0.585088 0.569284 0.577570
vn -0.585149 0.568949 0.577838
vn 0.585476 0.561019 -0.585214
vn -0.585256 0.561131 -0.585326
vn 0.712658 -0.001467 -0.701510
vn -0.711919 -0.001704 -0.702260
vn 0.576372 -0.601705 -0.552944
vn -0.576371 -0.601705 -0.552945
vn -0.688638 -0.725104 -0.001530
vn 0.688638 -0.725104 -0.001530
vn 0.547898 0.590166 0.592885
vn -0.547897 0.590165 0.592886
vn 0.548383 -0.599063 0.583437
vn -0.548382 -0.599063 0.583438
s 1
g Christmas_Tree_Character_v1_001
usemtl VRayMtl1SG
f 1/883/1 59/884/2 179/885/3 62/886/4
f 59/884/2 9/889/5 60/890/6 179/885/3
f 179/885/3 60/890/6 10/899/7 61/891/8
f 62/886/4 179/885/3 61/891/8 2/892/9
f 2/892/9 61/891/8 180/900/10 65/901/11
f 61/891/8 10/899/7 63/908/12 180/900/10
f 180/900/10 63/908/12 11/920/13 64/909/14
f 65/901/11 180/900/10 64/909/14 3/910/15
f 3/910/15 64/909/14 181/921/16 68/922/17
f 64/909/14 11/920/13 66/930/18 181/921/16
f 181/921/16 66/930/18 12/939/19 67/931/20
f 68/922/17 181/921/16 67/931/20 4/932/21
f 4/932/21 67/931/20 182/940/22 71/941/23
f 67/931/20 12/939/19 69/946/24 182/940/22
f 182/940/22 69/946/24 13/951/25 70/947/26
f 71/941/23 182/940/22 70/947/26 5/942/27
f 5/942/27 70/947/26 183/944/28 74/943/29
f 70/947/26 13/951/25 72/948/30 183/944/28
f 183/944/28 72/948/30 14/945/31 73/936/32
f 74/943/29 183/944/28 73/936/32 6/935/33
f 6/935/33 73/936/32 184/926/34 77/925/35
f 73/936/32 14/945/31 75/937/36 184/926/34
f 184/926/34 75/937/36 15/927/37 76/914/38
f 77/925/35 184/926/34 76/914/38 7/913/39
f 7/913/39 76/914/38 185/905/40 80/904/41
f 76/914/38 15/927/37 78/915/42 185/905/40
f 185/905/40 78/915/42 16/906/43 79/896/44
f 80/904/41 185/905/40 79/896/44 8/895/45
f 8/895/45 79/896/44 186/888/46 82/887/47
f 79/896/44 16/906/43 81/897/48 186/888/46
f 186/888/46 81/897/48 9/889/5 59/884/2
f 82/887/47 186/888/46 59/884/2 1/883/1
f 9/1937/5 83/1938/49 187/1939/50 60/1940/6
f 83/1938/49 17/1943/51 84/1944/52 187/1939/50
f 187/1939/50 84/1944/52 18/1950/53 85/1945/54
f 60/1940/6 187/1939/50 85/1945/54 10/1946/7
f 10/1/7 85/2/54 188/3/55 63/4/12
f 85/2/54 18/5/53 86/6/56 188/3/55
f 188/3/55 86/6/56 19/11/57 87/7/58
f 63/4/12 188/3/55 87/7/58 11/8/13
f 11/8/13 87/7/58 189/12/59 66/13/18
f 87/7/58 19/11/57 88/17/60 189/12/59
f 189/12/59 88/17/60 20/24/61 89/18/62
f 66/13/18 189/12/59 89/18/62 12/19/19
f 12/939/19 89/949/62 190/950/63 69/946/24
f 89/1980/62 20/1981/61 90/1982/64 190/1983/63
f 190/1983/63 90/1982/64 21/1986/65 91/1987/66
f 69/1993/24 190/1983/63 91/1987/66 13/1994/25
f 13/1994/25 91/1987/66 191/1992/67 72/2001/30
f 91/1987/66 21/1986/65 92/1991/68 191/1992/67
f 191/1992/67 92/1991/68 22/1999/69 93/2000/70
f 72/2001/30 191/1992/67 93/2000/70 14/2007/31
f 14/46/31 93/47/70 192/48/71 75/49/36
f 93/47/70 22/50/69 94/51/72 192/48/71
f 192/48/71 94/51/72 23/56/73 95/52/74
f 75/49/36 192/48/71 95/52/74 15/53/37
f 15/53/37 95/52/74 193/57/75 78/58/42
f 95/52/74 23/56/73 96/62/76 193/57/75
f 193/57/75 96/62/76 24/69/77 97/63/78
f 78/58/42 193/57/75 97/63/78 16/64/43
f 16/906/43 97/917/78 194/918/79 81/897/48
f 97/1951/78 24/1952/77 98/1947/80 194/1942/79
f 194/1942/79 98/1947/80 17/1943/51 83/1938/49
f 81/1941/48 194/1942/79 83/1938/49 9/1937/5
f 17/1943/51 99/1948/81 195/1949/82 84/1944/52
f 99/1948/81 25/1954/83 100/1955/84 195/1949/82
f 195/1949/82 100/1955/84 26/1961/85 101/1956/86
f 84/1944/52 195/1949/82 101/1956/86 18/1950/53
f 18/5/53 101/9/86 196/10/87 86/6/56
f 101/9/86 26/14/85 102/15/88 196/10/87
f 196/10/87 102/15/88 27/22/89 103/16/90
f 86/6/56 196/10/87 103/16/90 19/11/57
f 19/11/57 103/16/90 197/23/91 88/17/60
f 103/16/90 27/22/89 104/28/92 197/23/91
f 197/23/91 104/28/92 28/34/93 105/29/94
f 88/17/60 197/23/91 105/29/94 20/24/61
f 20/1981/61 105/1984/94 198/1985/95 90/1982/64
f 105/1984/94 28/1988/93 106/1989/96 198/1985/95
f 198/1985/95 106/1989/96 29/1997/97 107/1990/98
f 90/1982/64 198/1985/95 107/1990/98 21/1986/65
f 21/1986/65 107/1990/98 199/1998/99 92/1991/68
f 107/1990/98 29/1997/97 108/2005/100 199/1998/99
f 199/1998/99 108/2005/100 30/2012/101 109/2006/102
f 92/1991/68 199/1998/99 109/2006/102 22/1999/69
f 22/50/69 109/54/102 200/55/103 94/51/72
f 109/54/102 30/59/101 110/60/104 200/55/103
f 200/55/103 110/60/104 31/67/105 111/61/106
f 94/51/72 200/55/103 111/61/106 23/56/73
f 23/56/73 111/61/106 201/68/107 96/62/76
f 111/61/106 31/67/105 112/73/108 201/68/107
f 201/68/107 112/73/108 32/79/109 113/74/110
f 96/62/76 201/68/107 113/74/110 24/69/77
f 24/1952/77 113/1957/110 202/1953/111 98/1947/80
f 113/1957/110 32/1962/109 114/1958/112 202/1953/111
f 202/1953/111 114/1958/112 25/1954/83 99/1948/81
f 98/1947/80 202/1953/111 99/1948/81 17/1943/51
f 25/1954/83 115/1959/113 203/1960/114 100/1955/84
f 115/1959/113 33/1964/115 116/1965/116 203/1960/114
f 203/1960/114 116/1965/116 34/1971/117 117/1966/118
f 100/1955/84 203/1960/114 117/1966/118 26/1961/85
f 26/14/85 117/20/118 204/21/119 102/15/88
f 117/20/118 34/25/117 118/26/120 204/21/119
f 204/21/119 118/26/120 35/32/121 119/27/122
f 102/15/88 204/21/119 119/27/122 27/22/89
f 27/22/89 119/27/122 205/33/123 104/28/92
f 119/27/122 35/32/121 120/38/124 205/33/123
f 205/33/123 120/38/124 36/42/125 121/39/126
f 104/28/92 205/33/123 121/39/126 28/34/93
f 28/1988/93 121/1995/126 206/1996/127 106/1989/96
f 121/1995/126 36/2002/125 122/2003/128 206/1996/127
f 206/1996/127 122/2003/128 37/2010/129 123/2004/130
f 106/1989/96 206/1996/127 123/2004/130 29/1997/97
f 29/1997/97 123/2004/130 207/2011/131 108/2005/100
f 123/2004/130 37/2010/129 124/2014/132 207/2011/131
f 207/2011/131 124/2014/132 38/2019/133 125/2015/134
f 108/2005/100 207/2011/131 125/2015/134 30/2012/101
f 30/59/101 125/65/134 208/66/135 110/60/104
f 125/65/134 38/70/133 126/71/136 208/66/135
f 208/66/135 126/71/136 39/77/137 127/72/138
f 110/60/104 208/66/135 127/72/138 31/67/105
f 31/67/105 127/72/138 209/78/139 112/73/108
f 127/72/138 39/77/137 128/83/140 209/78/139
f 209/78/139 128/83/140 40/87/141 129/84/142
f 112/73/108 209/78/139 129/84/142 32/79/109
f 32/1962/109 129/1967/142 210/1963/143 114/1958/112
f 129/1967/142 40/1972/141 130/1968/144 210/1963/143
f 210/1963/143 130/1968/144 33/1964/115 115/1959/113
f 114/1958/112 210/1963/143 115/1959/113 25/1954/83
f 33/1964/115 131/1969/145 211/1970/146 116/1965/116
f 131/1969/145 41/1974/147 132/1975/148 211/1970/146
f 211/1970/146 132/1975/148 42/1979/149 133/1976/150
f 116/1965/116 211/1970/146 133/1976/150 34/1971/117
f 34/25/117 133/30/150 212/31/151 118/26/120
f 133/30/150 42/35/149 134/36/152 212/31/151
f 212/31/151 134/36/152 43/40/153 135/37/154
f 118/26/120 212/31/151 135/37/154 35/32/121
f 35/32/121 135/37/154 213/41/155 120/38/124
f 135/37/154 43/40/153 136/43/156 213/41/155
f 213/41/155 136/43/156 44/45/157 137/44/158
f 120/38/124 213/41/155 137/44/158 36/42/125
f 36/2002/125 137/2008/158 214/2009/159 122/2003/128
f 137/952/158 44/953/157 138/954/160 214/955/159
f 214/2009/159 138/2016/160 45/2017/161 139/2013/162
f 122/2003/128 214/2009/159 139/2013/162 37/2010/129
f 37/2010/129 139/2013/162 215/2018/163 124/2014/132
f 139/2013/162 45/2017/161 140/2020/164 215/2018/163
f 215/2018/163 140/2020/164 46/2022/165 141/2021/166
f 124/2014/132 215/2018/163 141/2021/166 38/2019/133
f 38/70/133 141/75/166 216/76/167 126/71/136
f 141/75/166 46/80/165 142/81/168 216/76/167
f 216/76/167 142/81/168 47/85/169 143/82/170
f 126/71/136 216/76/167 143/82/170 39/77/137
f 39/77/137 143/82/170 217/86/171 128/83/140
f 143/82/170 47/85/169 144/88/172 217/86/171
f 217/86/171 144/88/172 48/90/173 145/89/174
f 128/83/140 217/86/171 145/89/174 40/87/141
f 40/1972/141 145/1977/174 218/1973/175 130/1968/144
f 145/1019/174 48/1017/173 146/1010/176 218/1020/175
f 218/1973/175 146/1978/176 41/1974/147 131/1969/145
f 130/1968/144 218/1973/175 131/1969/145 33/1964/115
f 41/1000/147 147/1001/177 219/991/178 132/990/148
f 147/1001/177 49/1012/179 148/1002/180 219/991/178
f 219/991/178 148/1002/180 50/992/181 149/982/182
f 132/990/148 219/991/178 149/982/182 42/981/149
f 42/981/149 149/982/182 220/973/183 134/972/152
f 149/982/182 50/992/181 150/983/184 220/973/183
f 220/973/183 150/983/184 51/974/185 151/965/186
f 134/972/152 220/973/183 151/965/186 43/964/153
f 43/964/153 151/965/186 221/959/187 136/958/156
f 151/965/186 51/974/185 152/966/188 221/959/187
f 221/959/187 152/966/188 52/960/189 153/956/190
f 136/958/156 221/959/187 153/956/190 44/953/157
f 44/953/157 153/956/190 222/957/191 138/954/160
f 153/956/190 52/960/189 154/961/192 222/957/191
f 222/957/191 154/961/192 53/969/193 155/962/194
f 138/954/160 222/957/191 155/962/194 45/963/161
f 45/963/161 155/962/194 223/970/195 140/971/164
f 155/962/194 53/969/193 156/978/196 223/970/195
f 223/970/195 156/978/196 54/987/197 157/979/198
f 140/971/164 223/970/195 157/979/198 46/980/165
f 46/980/165 157/979/198 224/988/199 142/989/168
f 157/979/198 54/987/197 158/997/200 224/988/199
f 224/988/199 158/997/200 55/1007/201 159/998/202
f 142/989/168 224/988/199 159/998/202 47/999/169
f 47/999/169 159/998/202 225/1008/203 144/1009/172
f 159/998/202 55/1007/201 160/1015/204 225/1008/203
f 225/1008/203 160/1015/204 56/1014/205 161/1016/206
f 144/1009/172 225/1008/203 161/1016/206 48/1017/173
f 48/1017/173 161/1016/206 226/1011/207 146/1010/176
f 161/1016/206 56/1014/205 162/1018/208 226/1011/207
f 226/1011/207 162/1018/208 49/1012/179 147/1001/177
f 146/1010/176 226/1011/207 147/1001/177 41/1000/147
f 2/892/9 163/902/209 227/893/210 62/886/4
f 57/903/211 164/894/212 227/893/210 163/902/209
f 1/883/1 62/886/4 227/893/210 164/894/212
f 3/910/15 165/912/213 228/911/214 65/901/11
f 57/903/211 163/902/209 228/911/214 165/912/213
f 2/892/9 65/901/11 228/911/214 163/902/209
f 4/932/21 166/924/215 229/923/216 68/922/17
f 57/903/211 165/912/213 229/923/216 166/924/215
f 3/910/15 68/922/17 229/923/216 165/912/213
f 5/942/27 167/934/217 230/933/218 71/941/23
f 57/903/211 166/924/215 230/933/218 167/934/217
f 4/932/21 71/941/23 230/933/218 166/924/215
f 6/935/33 168/928/219 231/938/220 74/943/29
f 57/903/211 167/934/217 231/938/220 168/928/219
f 5/942/27 74/943/29 231/938/220 167/934/217
f 7/913/39 169/919/221 232/929/222 77/925/35
f 57/903/211 168/928/219 232/929/222 169/919/221
f 6/935/33 77/925/35 232/929/222 168/928/219
f 8/895/45 170/907/223 233/916/224 80/904/41
f 57/903/211 169/919/221 233/916/224 170/907/223
f 7/913/39 80/904/41 233/916/224 169/919/221
f 1/883/1 164/894/212 234/898/225 82/887/47
f 57/903/211 170/907/223 234/898/225 164/894/212
f 8/895/45 82/887/47 234/898/225 170/907/223
f 49/1012/179 171/1004/226 235/1003/227 148/1002/180
f 58/976/228 172/994/229 235/1003/227 171/1004/226
f 50/992/181 148/1002/180 235/1003/227 172/994/229
f 50/992/181 172/994/229 236/993/230 150/983/184
f 58/976/228 173/984/231 236/993/230 172/994/229
f 51/974/185 150/983/184 236/993/230 173/984/231
f 51/974/185 173/984/231 237/975/232 152/966/188
f 58/976/228 174/967/233 237/975/232 173/984/231
f 52/960/189 152/966/188 237/975/232 174/967/233
f 52/960/189 174/967/233 238/968/234 154/961/192
f 58/976/228 175/977/235 238/968/234 174/967/233
f 53/969/193 154/961/192 238/968/234 175/977/235
f 53/969/193 175/977/235 239/986/236 156/978/196
f 58/976/228 176/985/237 239/986/236 175/977/235
f 54/987/197 156/978/196 239/986/236 176/985/237
f 54/987/197 176/985/237 240/996/238 158/997/200
f 58/976/228 177/995/239 240/996/238 176/985/237
f 55/1007/201 158/997/200 240/996/238 177/995/239
f 55/1007/201 177/995/239 241/1006/240 160/1015/204
f 58/976/228 178/1005/241 241/1006/240 177/995/239
f 56/1014/205 160/1015/204 241/1006/240 178/1005/241
f 56/1014/205 178/1005/241 242/1013/242 162/1018/208
f 58/976/228 171/1004/226 242/1013/242 178/1005/241
f 49/1012/179 162/1018/208 242/1013/242 171/1004/226
s 2
f 243/1021/243 533/1022/244 341/1023/245 548/1024/246
f 533/1022/244 293/1027/247 437/1028/248 341/1023/245
f 341/1023/245 437/1028/248 316/1035/249 444/1029/250
f 548/1024/246 341/1023/245 444/1029/250 300/1030/251
f 250/1040/252 535/1041/253 342/1034/254 534/1033/255
f 535/1041/253 294/1049/256 438/1042/257 342/1034/254
f 342/1034/254 438/1042/257 316/1035/249 437/1028/248
f 534/1033/255 342/1034/254 437/1028/248 293/1027/247
f 249/1073/258 537/1060/259 343/1050/260 536/1059/261
f 537/1060/259 295/1061/262 439/1051/263 343/1050/260
f 343/1050/260 439/1051/263 316/1035/249 438/1042/257
f 536/1059/261 343/1050/260 438/1042/257 294/1049/256
f 248/1090/264 539/1077/265 344/1062/266 538/1076/267
f 539/1077/265 296/1078/268 440/1063/269 344/1062/266
f 344/1062/266 440/1063/269 316/1035/249 439/1051/263
f 538/1076/267 344/1062/266 439/1051/263 295/1061/262
f 247/1102/270 541/1094/271 345/1079/272 540/1093/273
f 541/1094/271 297/1085/274 441/1067/275 345/1079/272
f 345/1079/272 441/1067/275 316/1035/249 440/1063/269
f 540/1093/273 345/1079/272 440/1063/269 296/1078/268
f 246/1097/276 543/1083/277 346/1066/278 542/1084/279
f 543/1083/277 298/1069/280 442/1054/281 346/1066/278
f 346/1066/278 442/1054/281 316/1035/249 441/1067/275
f 542/1084/279 346/1066/278 441/1067/275 297/1085/274
f 245/1082/282 545/1065/283 347/1053/284 544/1068/285
f 545/1065/283 299/1064/286 443/1052/287 347/1053/284
f 347/1053/284 443/1052/287 641/1043/288 316/1035/249 442/1054/281
f 544/1068/285 347/1053/284 442/1054/281 298/1069/280
f 244/1056/289 547/1044/290 348/1045/291 546/1057/292
f 547/1044/290 639/1037/293 640/1036/294 348/1045/291
f 348/1045/291 640/1036/294 641/1043/288 443/1052/287
f 546/1057/292 348/1045/291 443/1052/287 299/1064/286
f 243/1021/243 548/1024/246 349/1031/295 554/1025/296
f 548/1024/246 300/1030/251 445/1038/297 349/1031/295
f 349/2023/295 445/2024/297 317/2025/298 448/2026/299
f 554/2031/296 349/2023/295 448/2026/299 303/2032/300
f 639/1037/293 547/1044/290 350/1055/301 638/1046/302
f 547/1044/290 244/1056/289 549/1070/303 350/1055/301
f 350/2033/301 549/2039/303 301/2040/304 446/2034/305
f 638/2027/302 350/2033/301 446/2034/305 637/2028/306
f 637/2028/306 446/2034/305 351/2041/307 636/2035/308
f 446/2034/305 301/2040/304 550/2048/309 351/2041/307
f 351/2041/307 550/2048/309 261/2057/310 551/2049/311
f 636/2035/308 351/2041/307 551/2049/311 635/2042/312
f 303/2032/300 448/2026/299 352/2030/313 553/2038/314
f 448/2026/299 317/2025/298 447/2029/315 352/2030/313
f 352/2030/313 447/2029/315 302/2036/316 552/2037/317
f 553/2038/314 352/2030/313 552/2037/317 260/2045/318
f 244/1056/289 546/1057/292 353/1071/319 549/1070/303
f 546/1057/292 299/1064/286 449/1080/320 353/1071/319
f 353/2046/319 449/2054/320 318/2055/321 452/2047/322
f 549/2039/303 353/2046/319 452/2047/322 301/2040/304
f 299/1064/286 545/1065/283 354/1081/323 449/1080/320
f 545/1065/283 245/1082/282 555/1095/324 354/1081/323
f 354/2063/323 555/2073/324 304/2074/325 450/2064/326
f 449/2054/320 354/2063/323 450/2064/326 318/2055/321
f 318/2055/321 450/2064/326 355/2075/327 451/2065/328
f 450/2064/326 304/2074/325 556/2084/329 355/2075/327
f 355/2075/327 556/2084/329 262/2094/330 557/2085/331
f 451/2065/328 355/2075/327 557/2085/331 305/2076/332
f 301/2040/304 452/2047/322 356/2056/333 550/2048/309
f 452/2047/322 318/2055/321 451/2065/328 356/2056/333
f 356/2056/333 451/2065/328 305/2076/332 558/2066/334
f 550/2048/309 356/2056/333 558/2066/334 261/2057/310
f 245/1082/282 544/1068/285 357/1087/335 555/1095/324
f 544/1068/285 298/1069/280 453/1086/336 357/1087/335
f 357/91/335 453/92/336 319/93/337 456/94/338
f 555/99/324 357/91/335 456/94/338 304/100/325
f 298/1069/280 543/1083/277 358/1096/339 453/1086/336
f 543/1083/277 246/1097/276 559/1104/340 358/1096/339
f 358/95/339 559/101/340 306/102/341 454/96/342
f 453/92/336 358/95/339 454/96/342 319/93/337
f 319/93/337 454/96/342 359/103/343 455/97/344
f 454/96/342 306/102/341 560/109/345 359/103/343
f 359/103/343 560/109/345 263/117/346 561/110/347
f 455/97/344 359/103/343 561/110/347 307/104/348
f 304/100/325 456/94/338 360/98/349 556/106/329
f 456/94/338 319/93/337 455/97/344 360/98/349
f 360/98/349 455/97/344 307/104/348 562/105/350
f 556/106/329 360/98/349 562/105/350 262/113/330
f 246/1097/276 542/1084/279 361/1099/351 559/1104/340
f 542/1084/279 297/1085/274 457/1098/352 361/1099/351
f 361/107/351 457/114/352 320/115/353 460/108/354
f 559/101/340 361/107/351 460/108/354 306/102/341
f 297/1085/274 541/1094/271 362/1103/355 457/1098/352
f 541/1094/271 247/1102/270 563/1105/356 362/1103/355
f 362/122/355 563/131/356 308/132/357 458/123/358
f 457/114/352 362/122/355 458/123/358 320/115/353
f 320/115/353 458/123/358 363/133/359 459/124/360
f 458/123/358 308/132/357 564/141/361 363/133/359
f 363/133/359 564/141/361 264/150/362 565/142/363
f 459/124/360 363/133/359 565/142/363 309/134/364
f 306/102/341 460/108/354 364/116/365 560/109/345
f 460/108/354 320/115/353 459/124/360 364/116/365
f 364/116/365 459/124/360 309/134/364 566/125/366
f 560/109/345 364/116/365 566/125/366 263/117/346
f 247/1102/270 540/1093/273 365/1101/367 563/1105/356
f 540/1093/273 296/1078/268 461/1092/368 365/1101/367
f 365/2128/367 461/2129/368 321/2130/369 464/2131/370
f 563/2136/356 365/2128/367 464/2131/370 308/2137/357
f 296/1078/268 539/1077/265 366/1091/371 461/1092/368
f 539/1077/265 248/1090/264 567/1100/372 366/1091/371
f 366/2132/371 567/2138/372 310/2139/373 462/2133/374
f 461/2129/368 366/2132/371 462/2133/374 321/2130/369
f 321/2130/369 462/2133/374 367/2140/375 463/2134/376
f 462/2133/374 310/2139/373 568/2146/377 367/2140/375
f 367/2140/375 568/2146/377 265/2154/378 569/2147/379
f 463/2134/376 367/2140/375 569/2147/379 311/2141/380
f 308/2137/357 464/2131/370 368/2135/381 564/2143/361
f 464/2131/370 321/2130/369 463/2134/376 368/2135/381
f 368/2135/381 463/2134/376 311/2141/380 570/2142/382
f 564/2143/361 368/2135/381 570/2142/382 264/2150/362
f 248/1090/264 538/1076/267 369/1089/383 567/1100/372
f 538/1076/267 295/1061/262 465/1075/384 369/1089/383
f 369/2144/383 465/2151/384 322/2152/385 468/2145/386
f 567/2138/372 369/2144/383 468/2145/386 310/2139/373
f 295/1061/262 537/1060/259 370/1074/387 465/1075/384
f 537/1060/259 249/1073/258 571/1088/388 370/1074/387
f 370/2159/387 571/2168/388 312/2169/389 466/2160/390
f 465/2151/384 370/2159/387 466/2160/390 322/2152/385
f 322/2152/385 466/2160/390 371/2170/391 467/2161/392
f 466/2160/390 312/2169/389 572/2178/393 371/2170/391
f 371/2170/391 572/2178/393 266/2187/394 573/2179/395
f 467/2161/392 371/2170/391 573/2179/395 313/2171/396
f 310/2139/373 468/2145/386 372/2153/397 568/2146/377
f 468/2145/386 322/2152/385 467/2161/392 372/2153/397
f 372/2153/397 467/2161/392 313/2171/396 574/2162/398
f 568/2146/377 372/2153/397 574/2162/398 265/2154/378
f 249/1073/258 536/1059/261 373/1072/399 571/1088/388
f 536/1059/261 294/1049/256 469/1058/400 373/1072/399
f 373/186/399 469/187/400 323/188/401 472/189/402
f 571/194/388 373/186/399 472/189/402 312/195/389
f 294/1049/256 535/1041/253 374/1048/403 469/1058/400
f 535/1041/253 250/1040/252 575/1047/404 374/1048/403
f 374/190/403 575/196/404 314/197/405 470/191/406
f 469/187/400 374/190/403 470/191/406 323/188/401
f 323/188/401 470/191/406 375/198/407 471/192/408
f 470/191/406 314/197/405 576/204/409 375/198/407
f 375/198/407 576/204/409 267/212/410 577/205/411
f 471/192/408 375/198/407 577/205/411 315/199/412
f 312/195/389 472/189/402 376/193/413 572/201/393
f 472/189/402 323/188/401 471/192/408 376/193/413
f 376/193/413 471/192/408 315/199/412 578/200/414
f 572/201/393 376/193/413 578/200/414 266/208/394
f 250/1040/252 534/1033/255 377/1039/415 575/1047/404
f 534/1033/255 293/1027/247 473/1032/416 377/1039/415
f 377/202/415 473/209/416 324/210/417 476/203/418
f 575/196/404 377/202/415 476/203/418 314/197/405
f 293/1027/247 533/1022/244 378/1026/419 473/1032/416
f 533/1022/244 243/1021/243 554/1025/296 378/1026/419
f 378/217/419 554/226/296 303/227/300 474/218/420
f 473/209/416 378/217/419 474/218/420 324/210/417
f 324/210/417 474/218/420 379/228/421 475/219/422
f 474/218/420 303/227/300 553/236/314 379/228/421
f 379/228/421 553/236/314 260/245/318 579/237/423
f 475/219/422 379/228/421 579/237/423 268/229/424
f 314/197/405 476/203/418 380/211/425 576/204/409
f 476/203/418 324/210/417 475/219/422 380/211/425
f 380/211/425 475/219/422 268/229/424 580/220/426
f 576/204/409 380/211/425 580/220/426 267/212/410
f 252/2083/427 581/2071/428 381/2082/429 586/2093/430
f 581/2071/428 269/2070/431 477/2081/432 381/2082/429
f 381/2082/429 477/2081/432 325/2091/433 479/2092/434
f 586/2093/430 381/2082/429 479/2092/434 271/2103/435
f 253/2098/436 583/2108/437 382/2099/438 582/2089/439
f 583/2108/437 270/2111/440 478/2102/441 382/2099/438
f 382/2099/438 478/2102/441 629/2100/442 630/2090/443
f 582/2089/439 382/2099/438 630/2090/443 631/2080/444
f 251/1106/445 585/1107/446 383/1108/447 584/1109/448
f 585/2109/446 271/2103/435 479/2092/434 383/2101/447
f 383/2101/447 479/2092/434 325/2091/433 629/2100/442 478/2102/441
f 584/2110/448 383/2101/447 478/2102/441 270/2111/440
f 253/2098/436 587/2107/449 384/2115/450 583/2108/437
f 587/2107/449 272/2114/451 480/2120/452 384/2115/450
f 384/2115/450 480/2120/452 326/2121/453 482/2116/454
f 583/2108/437 384/2115/450 482/2116/454 270/2111/440
f 254/2123/455 589/2127/456 385/2124/457 588/2119/458
f 589/2127/456 273/2126/459 481/2122/460 385/2124/457
f 385/2124/457 481/2122/460 326/2121/453 480/2120/452
f 588/2119/458 385/2124/457 480/2120/452 272/2114/451
f 251/1106/445 584/1109/448 386/1112/461 590/1113/462
f 584/2110/448 270/2111/440 482/2116/454 386/2117/461
f 386/2117/461 482/2116/454 326/2121/453 481/2122/460
f 590/2125/462 386/2117/461 481/2122/460 273/2126/459
f 254/149/455 591/139/463 387/148/464 589/158/456
f 591/139/463 274/138/465 483/147/466 387/148/464
f 387/148/464 483/147/466 327/156/467 485/157/468
f 589/158/456 387/148/464 485/157/468 273/166/459
f 255/154/469 593/163/470 388/155/471 592/146/472
f 593/163/470 275/171/473 484/164/474 388/155/471
f 388/155/471 484/164/474 327/156/467 483/147/466
f 592/146/472 388/155/471 483/147/466 274/138/465
f 251/1106/445 590/1113/462 389/1116/475 594/1117/476
f 590/172/462 273/166/459 485/157/468 389/165/475
f 389/165/475 485/157/468 327/156/467 484/164/474
f 594/173/476 389/165/475 484/164/474 275/171/473
f 255/154/469 595/162/477 390/170/478 593/163/470
f 595/162/477 276/169/479 486/176/480 390/170/478
f 390/170/478 486/176/480 328/181/481 488/177/482
f 593/163/470 390/170/478 488/177/482 275/171/473
f 256/179/483 597/183/484 391/180/485 596/175/486
f 597/183/484 277/185/487 487/182/488 391/180/485
f 391/180/485 487/182/488 328/181/481 486/176/480
f 596/175/486 391/180/485 486/176/480 276/169/479
f 251/1106/445 594/1117/476 392/1120/489 598/1121/490
f 594/173/476 275/171/473 488/177/482 392/178/489
f 392/178/489 488/177/482 328/181/481 487/182/488
f 598/184/490 392/178/489 487/182/488 277/185/487
f 256/2186/483 599/2176/491 393/2185/492 597/2195/484
f 599/2176/491 278/2175/493 489/2184/494 393/2185/492
f 393/2185/492 489/2184/494 329/2193/495 491/2194/496
f 597/2195/484 393/2185/492 491/2194/496 277/2203/487
f 257/2191/497 601/2200/498 394/2192/499 600/2183/500
f 601/2200/498 279/2208/501 490/2201/502 394/2192/499
f 394/2192/499 490/2201/502 329/2193/495 489/2184/494
f 600/2183/500 394/2192/499 489/2184/494 278/2175/493
f 251/1106/445 598/1121/490 395/1122/503 602/1118/504
f 598/2209/490 277/2203/487 491/2194/496 395/2202/503
f 395/2202/503 491/2194/496 329/2193/495 490/2201/502
f 602/2210/504 395/2202/503 490/2201/502 279/2208/501
f 257/2191/497 603/2199/505 396/2207/506 601/2200/498
f 603/2199/505 280/2206/507 492/2213/508 396/2207/506
f 396/2207/506 492/2213/508 330/2218/509 494/2214/510
f 601/2200/498 396/2207/506 494/2214/510 279/2208/501
f 258/2216/511 605/2220/512 397/2217/513 604/2212/514
f 605/2220/512 281/2222/515 493/2219/516 397/2217/513
f 397/2217/513 493/2219/516 330/2218/509 492/2213/508
f 604/2212/514 397/2217/513 492/2213/508 280/2206/507
f 251/1106/445 602/1118/504 398/1119/517 606/1114/518
f 602/2210/504 279/2208/501 494/2214/510 398/2215/517
f 398/2215/517 494/2214/510 330/2218/509 493/2219/516
f 606/2221/518 398/2215/517 493/2219/516 281/2222/515
f 258/244/511 607/234/519 399/243/520 605/253/512
f 607/234/519 282/233/521 495/242/522 399/243/520
f 399/243/520 495/242/522 331/251/523 497/252/524
f 605/253/512 399/243/520 497/252/524 281/261/515
f 259/249/525 609/258/526 400/250/527 608/241/528
f 609/258/526 283/266/529 496/259/530 400/250/527
f 400/250/527 496/259/530 331/251/523 495/242/522
f 608/241/528 400/250/527 495/242/522 282/233/521
f 251/1106/445 606/1114/518 401/1115/531 610/1110/532
f 606/267/518 281/261/515 497/252/524 401/260/531
f 401/260/531 497/252/524 331/251/523 496/259/530
f 610/268/532 401/260/531 496/259/530 283/266/529
f 259/249/525 611/257/533 402/265/534 609/258/526
f 611/257/533 284/264/535 498/271/536 402/265/534
f 402/265/534 498/271/536 332/276/537 500/272/538
f 609/258/526 402/265/534 500/272/538 283/266/529
f 252/274/427 586/278/430 403/275/539 612/270/540
f 586/278/430 271/280/435 499/277/541 403/275/539
f 403/275/539 499/277/541 332/276/537 498/271/536
f 612/270/540 403/275/539 498/271/536 284/264/535
f 251/1106/445 610/1110/532 404/1111/542 585/1107/446
f 610/268/532 283/266/529 500/272/538 404/273/542
f 404/273/542 500/272/538 332/276/537 499/277/541
f 585/279/446 404/273/542 499/277/541 271/280/435
f 260/2045/318 552/2037/317 405/2044/543 616/2053/544
f 552/2037/317 302/2036/316 501/2043/545 405/2044/543
f 405/2044/543 501/2043/545 333/2051/546 504/2052/547
f 616/2053/544 405/2044/543 504/2052/547 286/2062/548
f 635/2042/312 551/2049/311 406/2058/549 634/2050/550
f 551/2049/311 261/2057/310 613/2067/551 406/2058/549
f 406/2058/549 613/2067/551 285/2078/552 502/2068/553
f 634/2050/550 406/2058/549 502/2068/553 633/2059/554
f 633/2059/554 502/2068/553 407/2079/555 632/2069/556
f 502/2068/553 285/2078/552 614/2088/557 407/2079/555
f 407/2079/555 614/2088/557 253/2098/436 582/2089/439
f 632/2069/556 407/2079/555 582/2089/439 631/2080/444
f 286/2062/548 504/2052/547 408/2061/558 615/2072/559
f 504/2052/547 333/2051/546 503/2060/560 408/2061/558
f 408/2061/558 503/2060/560 269/2070/431 581/2071/428
f 615/2072/559 408/2061/558 581/2071/428 252/2083/427
f 261/2057/310 558/2066/334 409/2077/561 613/2067/551
f 558/2066/334 305/2076/332 505/2086/562 409/2077/561
f 409/2077/561 505/2086/562 334/2096/563 508/2087/564
f 613/2067/551 409/2077/561 508/2087/564 285/2078/552
f 305/2076/332 557/2085/331 410/2095/565 505/2086/562
f 557/2085/331 262/2094/330 617/2104/566 410/2095/565
f 410/2095/565 617/2104/566 287/2112/567 506/2105/568
f 505/2086/562 410/2095/565 506/2105/568 334/2096/563
f 334/2096/563 506/2105/568 411/2113/569 507/2106/570
f 506/2105/568 287/2112/567 618/2118/571 411/2113/569
f 411/2113/569 618/2118/571 254/2123/455 588/2119/458
f 507/2106/570 411/2113/569 588/2119/458 272/2114/451
f 285/2078/552 508/2087/564 412/2097/572 614/2088/557
f 508/2087/564 334/2096/563 507/2106/570 412/2097/572
f 412/2097/572 507/2106/570 272/2114/451 587/2107/449
f 614/2088/557 412/2097/572 587/2107/449 253/2098/436
f 262/113/330 562/105/350 413/112/573 617/121/566
f 562/105/350 307/104/348 509/111/574 413/112/573
f 413/112/573 509/111/574 335/119/575 512/120/576
f 617/121/566 413/112/573 512/120/576 287/130/567
f 307/104/348 561/110/347 414/118/577 509/111/574
f 561/110/347 263/117/346 619/126/578 414/118/577
f 414/118/577 619/126/578 288/136/579 510/127/580
f 509/111/574 414/118/577 510/127/580 335/119/575
f 335/119/575 510/127/580 415/137/581 511/128/582
f 510/127/580 288/136/579 620/145/583 415/137/581
f 415/137/581 620/145/583 255/154/469 592/146/472
f 511/128/582 415/137/581 592/146/472 274/138/465
f 287/130/567 512/120/576 416/129/584 618/140/571
f 512/120/576 335/119/575 511/128/582 416/129/584
f 416/129/584 511/128/582 274/138/465 591/139/463
f 618/140/571 416/129/584 591/139/463 254/149/455
f 263/117/346 566/125/366 417/135/585 619/126/578
f 566/125/366 309/134/364 513/143/586 417/135/585
f 417/135/585 513/143/586 336/152/587 516/144/588
f 619/126/578 417/135/585 516/144/588 288/136/579
f 309/134/364 565/142/363 418/151/589 513/143/586
f 565/142/363 264/150/362 621/159/590 418/151/589
f 418/151/589 621/159/590 289/167/591 514/160/592
f 513/143/586 418/151/589 514/160/592 336/152/587
f 336/152/587 514/160/592 419/168/593 515/161/594
f 514/160/592 289/167/591 622/174/595 419/168/593
f 419/168/593 622/174/595 256/179/483 596/175/486
f 515/161/594 419/168/593 596/175/486 276/169/479
f 288/136/579 516/144/588 420/153/596 620/145/583
f 516/144/588 336/152/587 515/161/594 420/153/596
f 420/153/596 515/161/594 276/169/479 595/162/477
f 620/145/583 420/153/596 595/162/477 255/154/469
f 264/2150/362 570/2142/382 421/2149/597 621/2158/590
f 570/2142/382 311/2141/380 517/2148/598 421/2149/597
f 421/2149/597 517/2148/598 337/2156/599 520/2157/600
f 621/2158/590 421/2149/597 520/2157/600 289/2167/591
f 311/2141/380 569/2147/379 422/2155/601 517/2148/598
f 569/2147/379 265/2154/378 623/2163/602 422/2155/601
f 422/2155/601 623/2163/602 290/2173/603 518/2164/604
f 517/2148/598 422/2155/601 518/2164/604 337/2156/599
f 337/2156/599 518/2164/604 423/2174/605 519/2165/606
f 518/2164/604 290/2173/603 624/2182/607 423/2174/605
f 423/2174/605 624/2182/607 257/2191/497 600/2183/500
f 519/2165/606 423/2174/605 600/2183/500 278/2175/493
f 289/2167/591 520/2157/600 424/2166/608 622/2177/595
f 520/2157/600 337/2156/599 519/2165/606 424/2166/608
f 424/2166/608 519/2165/606 278/2175/493 599/2176/491
f 622/2177/595 424/2166/608 599/2176/491 256/2186/483
f 265/2154/378 574/2162/398 425/2172/609 623/2163/602
f 574/2162/398 313/2171/396 521/2180/610 425/2172/609
f 425/2172/609 521/2180/610 338/2189/611 524/2181/612
f 623/2163/602 425/2172/609 524/2181/612 290/2173/603
f 313/2171/396 573/2179/395 426/2188/613 521/2180/610
f 573/2179/395 266/2187/394 625/2196/614 426/2188/613
f 426/2188/613 625/2196/614 291/2204/615 522/2197/616
f 521/2180/610 426/2188/613 522/2197/616 338/2189/611
f 338/2189/611 522/2197/616 427/2205/617 523/2198/618
f 522/2197/616 291/2204/615 626/2211/619 427/2205/617
f 427/2205/617 626/2211/619 258/2216/511 604/2212/514
f 523/2198/618 427/2205/617 604/2212/514 280/2206/507
f 290/2173/603 524/2181/612 428/2190/620 624/2182/607
f 524/2181/612 338/2189/611 523/2198/618 428/2190/620
f 428/2190/620 523/2198/618 280/2206/507 603/2199/505
f 624/2182/607 428/2190/620 603/2199/505 257/2191/497
f 266/208/394 578/200/414 429/207/621 625/216/614
f 578/200/414 315/199/412 525/206/622 429/207/621
f 429/207/621 525/206/622 339/214/623 528/215/624
f 625/216/614 429/207/621 528/215/624 291/225/615
f 315/199/412 577/205/411 430/213/625 525/206/622
f 577/205/411 267/212/410 627/221/626 430/213/625
f 430/213/625 627/221/626 292/231/627 526/222/628
f 525/206/622 430/213/625 526/222/628 339/214/623
f 339/214/623 526/222/628 431/232/629 527/223/630
f 526/222/628 292/231/627 628/240/631 431/232/629
f 431/232/629 628/240/631 259/249/525 608/241/528
f 527/223/630 431/232/629 608/241/528 282/233/521
f 291/225/615 528/215/624 432/224/632 626/235/619
f 528/215/624 339/214/623 527/223/630 432/224/632
f 432/224/632 527/223/630 282/233/521 607/234/519
f 626/235/619 432/224/632 607/234/519 258/244/511
f 267/212/410 580/220/426 433/230/633 627/221/626
f 580/220/426 268/229/424 529/238/634 433/230/633
f 433/230/633 529/238/634 340/247/635 532/239/636
f 627/221/626 433/230/633 532/239/636 292/231/627
f 268/229/424 579/237/423 434/246/637 529/238/634
f 579/237/423 260/245/318 616/254/544 434/246/637
f 434/246/637 616/254/544 286/262/548 530/255/638
f 529/238/634 434/246/637 530/255/638 340/247/635
f 340/247/635 530/255/638 435/263/639 531/256/640
f 530/255/638 286/262/548 615/269/559 435/263/639
f 435/263/639 615/269/559 252/274/427 612/270/540
f 531/256/640 435/263/639 612/270/540 284/264/535
f 292/231/627 532/239/636 436/248/641 628/240/631
f 532/239/636 340/247/635 531/256/640 436/248/641
f 436/248/641 531/256/640 284/264/535 611/257/533
f 628/240/631 436/248/641 611/257/533 259/249/525
f 630/2090/443 629/2100/442 325/2091/433 477/2081/432
f 631/2080/444 630/2090/443 477/2081/432 269/2070/431
f 503/2060/560 632/2069/556 631/2080/444 269/2070/431
f 333/2051/546 633/2059/554 632/2069/556 503/2060/560
f 501/2043/545 634/2050/550 633/2059/554 333/2051/546
f 302/2036/316 635/2042/312 634/2050/550 501/2043/545
f 447/2029/315 636/2035/308 635/2042/312 302/2036/316
f 317/2025/298 637/2028/306 636/2035/308 447/2029/315
f 445/2024/297 638/2027/302 637/2028/306 317/2025/298
f 300/1030/251 639/1037/293 638/1046/302 445/1038/297
f 640/1036/294 639/1037/293 300/1030/251 444/1029/250
f 641/1043/288 640/1036/294 444/1029/250 316/1035/249
s 19
f 642/1123/642 876/1124/643 988/1125/644 879/1126/645
f 876/1124/643 643/1129/646 877/1130/647 988/1125/644
f 988/1125/644 877/1130/647 651/1140/648 878/1131/649
f 879/1126/645 988/1125/644 878/1131/649 650/1132/650
f 643/1129/646 880/1138/651 989/1139/652 877/1130/647
f 880/1138/651 644/1149/653 881/1150/654 989/1139/652
f 989/1139/652 881/1150/654 652/1165/655 882/1151/656
f 877/1130/647 989/1139/652 882/1151/656 651/1140/648
f 644/1149/653 883/1163/657 990/1164/658 881/1150/654
f 883/1163/657 645/1179/659 884/1180/660 990/1164/658
f 990/1164/658 884/1180/660 653/1198/661 885/1181/662
f 881/1150/654 990/1164/658 885/1181/662 652/1165/655
f 645/1179/659 886/1196/663 991/1197/664 884/1180/660
f 886/1196/663 646/1195/665 887/1212/666 991/1197/664
f 991/1197/664 887/1212/666 654/1228/667 888/1213/668
f 884/1180/660 991/1197/664 888/1213/668 653/1198/661
f 646/1195/665 889/1211/669 992/1227/670 887/1212/666
f 889/1211/669 647/1193/671 890/1210/672 992/1227/670
f 992/1227/670 890/1210/672 655/1226/673 891/1241/674
f 887/1212/666 992/1227/670 891/1241/674 654/1228/667
f 647/1193/671 892/1191/675 993/1192/676 890/1210/672
f 892/1191/675 648/1173/677 893/1174/678 993/1192/676
f 993/1192/676 893/1174/678 656/1190/679 894/1209/680
f 890/1210/672 993/1192/676 894/1209/680 655/1226/673
f 648/1173/677 895/1157/681 994/1158/682 893/1174/678
f 895/1157/681 649/1144/683 896/1145/684 994/1158/682
f 994/1158/682 896/1145/684 657/1156/685 897/1172/686
f 893/1174/678 994/1158/682 897/1172/686 656/1190/679
f 649/1144/683 898/1133/687 995/1134/688 896/1145/684
f 898/1133/687 642/1123/642 879/1126/645 995/1134/688
f 995/1134/688 879/1126/645 650/1132/650 899/1143/689
f 896/1145/684 995/1134/688 899/1143/689 657/1156/685
f 658/2223/690 900/2224/691 996/2225/692 903/2226/693
f 900/2224/691 659/2229/694 901/2230/695 996/2225/692
f 996/2225/692 901/2230/695 667/2238/696 902/2231/697
f 903/2226/693 996/2225/692 902/2231/697 666/2232/698
f 659/2229/694 904/2236/699 997/2237/700 901/2230/695
f 904/2236/699 660/2245/701 905/2246/702 997/2237/700
f 997/2237/700 905/2246/702 668/2256/703 906/2247/704
f 901/2230/695 997/2237/700 906/2247/704 667/2238/696
f 660/281/701 907/282/705 998/283/706 905/284/702
f 907/282/705 661/287/707 908/288/708 998/283/706
f 998/283/706 908/288/708 669/296/709 909/289/710
f 905/284/702 998/283/706 909/289/710 668/290/703
f 661/287/707 910/294/711 999/295/712 908/288/708
f 910/294/711 662/303/713 911/304/714 999/295/712
f 999/295/712 911/304/714 670/314/715 912/305/716
f 908/288/708 999/295/712 912/305/716 669/296/709
f 662/2273/713 913/2274/717 1000/2275/718 911/2276/714
f 913/2274/717 663/2279/719 914/2280/720 1000/2275/718
f 1000/2275/718 914/2280/720 671/2288/721 915/2281/722
f 911/2276/714 1000/2275/718 915/2281/722 670/2282/715
f 663/2279/719 916/2286/723 1001/2287/724 914/2280/720
f 916/2286/723 664/2295/725 917/2296/726 1001/2287/724
f 1001/2287/724 917/2296/726 672/2306/727 918/2297/728
f 914/2280/720 1001/2287/724 918/2297/728 671/2288/721
f 664/331/725 919/332/729 1002/333/730 917/334/726
f 919/332/729 665/337/731 920/338/732 1002/333/730
f 1002/333/730 920/338/732 673/346/733 921/339/734
f 917/334/726 1002/333/730 921/339/734 672/340/727
f 665/337/731 922/344/735 1003/345/736 920/338/732
f 922/344/735 658/353/690 903/354/693 1003/345/736
f 1003/345/736 903/354/693 666/364/698 923/355/737
f 920/338/732 1003/345/736 923/355/737 673/346/733
f 666/2232/698 902/2231/697 1004/2239/738 926/2240/739
f 902/2231/697 667/2238/696 924/2248/740 1004/2239/738
f 1004/2239/738 924/2248/740 675/2258/741 925/2249/742
f 926/2240/739 1004/2239/738 925/2249/742 674/2250/743
f 667/2238/696 906/2247/704 1005/2257/744 924/2248/740
f 906/2247/704 668/2256/703 927/2264/745 1005/2257/744
f 1005/2257/744 927/2264/745 676/2269/746 928/2265/747
f 924/2248/740 1005/2257/744 928/2265/747 675/2258/741
f 668/290/703 909/289/710 1006/297/748 927/298/745
f 909/289/710 669/296/709 929/306/749 1006/297/748
f 1006/297/748 929/306/749 677/316/750 930/307/751
f 927/298/745 1006/297/748 930/307/751 676/308/746
f 669/296/709 912/305/716 1007/315/752 929/306/749
f 912/305/716 670/314/715 931/322/753 1007/315/752
f 1007/315/752 931/322/753 678/327/754 932/323/755
f 929/306/749 1007/315/752 932/323/755 677/316/750
f 670/2282/715 915/2281/722 1008/2289/756 931/2290/753
f 915/2281/722 671/2288/721 933/2298/757 1008/2289/756
f 1008/2289/756 933/2298/757 679/2308/758 934/2299/759
f 931/2290/753 1008/2289/756 934/2299/759 678/2300/754
f 671/2288/721 918/2297/728 1009/2307/760 933/2298/757
f 918/2297/728 672/2306/727 935/2314/761 1009/2307/760
f 1009/2307/760 935/2314/761 680/2319/762 936/2315/763
f 933/2298/757 1009/2307/760 936/2315/763 679/2308/758
f 672/340/727 921/339/734 1010/347/764 935/348/761
f 921/339/734 673/346/733 937/356/765 1010/347/764
f 1010/347/764 937/356/765 681/366/766 938/357/767
f 935/348/761 1010/347/764 938/357/767 680/358/762
f 673/346/733 923/355/737 1011/365/768 937/356/765
f 923/355/737 666/364/698 926/372/739 1011/365/768
f 1011/365/768 926/372/739 674/377/743 939/373/769
f 937/356/765 1011/365/768 939/373/769 681/366/766
f 674/1284/743 925/1285/742 1012/1286/770 942/1287/771
f 925/1285/742 675/1288/741 940/1289/772 1012/1286/770
f 1012/1286/770 940/1289/772 683/1296/773 941/1290/774
f 942/1287/771 1012/1286/770 941/1290/774 682/1291/775
f 675/1288/741 928/1294/747 1013/1295/776 940/1289/772
f 928/1294/747 676/1302/746 943/1303/777 1013/1295/776
f 1013/1295/776 943/1303/777 684/1313/778 944/1304/779
f 940/1289/772 1013/1295/776 944/1304/779 683/1296/773
f 676/1302/746 930/1311/751 1014/1312/780 943/1303/777
f 930/1311/751 677/1320/750 945/1321/781 1014/1312/780
f 1014/1312/780 945/1321/781 685/1332/782 946/1322/783
f 943/1303/777 1014/1312/780 946/1322/783 684/1313/778
f 677/1320/750 932/1330/755 1015/1331/784 945/1321/781
f 932/1330/755 678/1340/754 947/1341/785 1015/1331/784
f 1015/1331/784 947/1341/785 686/1345/786 948/1342/787
f 945/1321/781 1015/1331/784 948/1342/787 685/1332/782
f 678/1340/754 934/1346/759 1016/1347/788 947/1341/785
f 934/1346/759 679/1338/758 949/1339/789 1016/1347/788
f 1016/1347/788 949/1339/789 687/1344/790 950/1348/791
f 947/1341/785 1016/1347/788 950/1348/791 686/1345/786
f 679/1338/758 936/1328/763 1017/1329/792 949/1339/789
f 936/1328/763 680/1318/762 951/1319/793 1017/1329/792
f 1017/1329/792 951/1319/793 688/1327/794 952/1337/795
f 949/1339/789 1017/1329/792 952/1337/795 687/1344/790
f 680/1318/762 938/1309/767 1018/1310/796 951/1319/793
f 938/1309/767 681/1300/766 953/1301/797 1018/1310/796
f 1018/1310/796 953/1301/797 689/1308/798 954/1317/799
f 951/1319/793 1018/1310/796 954/1317/799 688/1327/794
f 681/1300/766 939/1292/769 1019/1293/800 953/1301/797
f 939/1292/769 674/1284/743 942/1287/771 1019/1293/800
f 1019/1293/800 942/1287/771 682/1291/775 955/1299/801
f 953/1301/797 1019/1293/800 955/1299/801 689/1308/798
f 643/1129/646 876/1124/643 1020/1128/802 957/1137/803
f 642/1123/642 956/1127/804 1020/1128/802 876/1124/643
f 690/1136/805 957/1137/803 1020/1128/802 956/1127/804
f 644/1149/653 880/1138/651 1021/1148/806 958/1147/807
f 643/1129/646 957/1137/803 1021/1148/806 880/1138/651
f 690/1136/805 958/1147/807 1021/1148/806 957/1137/803
f 645/1179/659 883/1163/657 1022/1162/808 959/1161/809
f 644/1149/653 958/1147/807 1022/1162/808 883/1163/657
f 690/1136/805 959/1161/809 1022/1162/808 958/1147/807
f 646/1195/665 886/1196/663 1023/1178/810 960/1177/811
f 645/1179/659 959/1161/809 1023/1178/810 886/1196/663
f 690/1136/805 960/1177/811 1023/1178/810 959/1161/809
f 647/1193/671 889/1211/669 1024/1194/812 961/1176/813
f 646/1195/665 960/1177/811 1024/1194/812 889/1211/669
f 690/1136/805 961/1176/813 1024/1194/812 960/1177/811
f 648/1173/677 892/1191/675 1025/1175/814 962/1160/815
f 647/1193/671 961/1176/813 1025/1175/814 892/1191/675
f 690/1136/805 962/1160/815 1025/1175/814 961/1176/813
f 649/1144/683 895/1157/681 1026/1159/816 963/1146/817
f 648/1173/677 962/1160/815 1026/1159/816 895/1157/681
f 690/1136/805 963/1146/817 1026/1159/816 962/1160/815
f 642/1123/642 898/1133/687 1027/1135/818 956/1127/804
f 649/1144/683 963/1146/817 1027/1135/818 898/1133/687
f 690/1136/805 956/1127/804 1027/1135/818 963/1146/817
f 682/1291/775 941/1290/774 1028/1297/819 965/1298/820
f 683/1296/773 964/1305/821 1028/1297/819 941/1290/774
f 691/1306/822 965/1298/820 1028/1297/819 964/1305/821
f 683/1296/773 944/1304/779 1029/1314/823 964/1305/821
f 684/1313/778 966/1316/824 1029/1314/823 944/1304/779
f 691/1306/822 964/1305/821 1029/1314/823 966/1316/824
f 684/1313/778 946/1322/783 1030/1325/825 966/1316/824
f 685/1332/782 967/1326/826 1030/1325/825 946/1322/783
f 691/1306/822 966/1316/824 1030/1325/825 967/1326/826
f 685/1332/782 948/1342/787 1031/1335/827 967/1326/826
f 686/1345/786 968/1336/828 1031/1335/827 948/1342/787
f 691/1306/822 967/1326/826 1031/1335/827 968/1336/828
f 686/1345/786 950/1348/791 1032/1343/829 968/1336/828
f 687/1344/790 969/1333/830 1032/1343/829 950/1348/791
f 691/1306/822 968/1336/828 1032/1343/829 969/1333/830
f 687/1344/790 952/1337/795 1033/1334/831 969/1333/830
f 688/1327/794 970/1323/832 1033/1334/831 952/1337/795
f 691/1306/822 969/1333/830 1033/1334/831 970/1323/832
f 688/1327/794 954/1317/799 1034/1324/833 970/1323/832
f 689/1308/798 971/1315/834 1034/1324/833 954/1317/799
f 691/1306/822 970/1323/832 1034/1324/833 971/1315/834
f 689/1308/798 955/1299/801 1035/1307/835 971/1315/834
f 682/1291/775 965/1298/820 1035/1307/835 955/1299/801
f 691/1306/822 971/1315/834 1035/1307/835 965/1298/820
f 724/381/836 972/382/837 1036/383/838 975/384/839
f 972/382/837 725/385/840 973/386/841 1036/383/838
f 1036/383/838 973/386/841 726/391/842 974/387/843
f 975/384/839 1036/383/838 974/387/843 727/388/844
f 725/2323/840 972/2324/837 1037/2325/845 978/2326/846
f 972/2324/837 724/2327/836 976/2328/847 1037/2325/845
f 1037/2325/845 976/2328/847 728/2333/848 977/2329/849
f 978/2326/846 1037/2325/845 977/2329/849 729/2330/850
f 729/2330/850 977/2329/849 1038/2334/851 981/2335/852
f 977/2329/849 728/2333/848 979/2337/853 1038/2334/851
f 1038/2334/851 979/2337/853 730/2341/854 980/2338/855
f 981/2335/852 1038/2334/851 980/2338/855 731/2339/856
f 731/401/856 980/402/855 1039/403/857 984/404/858
f 980/402/855 730/405/854 982/406/859 1039/403/857
f 1039/403/857 982/406/859 732/411/860 983/407/861
f 984/404/858 1039/403/857 983/407/861 733/408/862
f 733/408/862 983/407/861 1040/412/863 987/413/864
f 983/407/861 732/411/860 985/415/865 1040/412/863
f 1040/412/863 985/415/865 734/419/866 986/416/867
f 987/413/864 1040/412/863 986/416/867 735/417/868
f 735/2343/868 986/2344/867 1041/2345/869 758/2346/870
f 986/2344/867 734/2347/866 756/2348/871 1041/2345/869
f 1041/2345/869 756/2348/871 736/2353/872 757/2349/873
f 758/2346/870 1041/2345/869 757/2349/873 737/2350/874
f 737/2350/874 757/2349/873 1042/2354/875 761/2355/876
f 757/2349/873 736/2353/872 759/2357/877 1042/2354/875
f 1042/2354/875 759/2357/877 738/2361/878 760/2358/879
f 761/2355/876 1042/2354/875 760/2358/879 739/2359/880
f 739/399/880 760/396/879 1043/392/881 763/395/882
f 760/396/879 738/397/878 762/393/883 1043/392/881
f 1043/392/881 762/393/883 727/388/844 974/387/843
f 763/395/882 1043/392/881 974/387/843 726/391/842
f 650/1132/650 878/1131/649 1044/1141/884 766/1142/885
f 878/1131/649 651/1140/648 764/1152/886 1044/1141/884
f 1044/1141/884 764/1152/886 694/1167/887 765/1153/888
f 766/1142/885 1044/1141/884 765/1153/888 692/1154/889
f 651/1140/648 882/1151/656 1045/1166/890 764/1152/886
f 882/1151/656 652/1165/655 767/1182/891 1045/1166/890
f 1045/1166/890 767/1182/891 696/1200/892 768/1183/893
f 764/1152/886 1045/1166/890 768/1183/893 694/1167/887
f 652/1165/655 885/1181/662 1046/1199/894 767/1182/891
f 885/1181/662 653/1198/661 769/1214/895 1046/1199/894
f 1046/1199/894 769/1214/895 698/1230/896 770/1215/897
f 767/1182/891 1046/1199/894 770/1215/897 696/1200/892
f 653/1198/661 888/1213/668 1047/1229/898 769/1214/895
f 888/1213/668 654/1228/667 771/1242/899 1047/1229/898
f 1047/1229/898 771/1242/899 700/1254/900 772/1243/901
f 769/1214/895 1047/1229/898 772/1243/901 698/1230/896
f 654/1228/667 891/1241/674 1048/1253/902 771/1242/899
f 891/1241/674 655/1226/673 773/1240/903 1048/1253/902
f 1048/1253/902 773/1240/903 702/1252/904 774/1263/905
f 771/1242/899 1048/1253/902 774/1263/905 700/1254/900
f 655/1226/673 894/1209/680 1049/1225/906 773/1240/903
f 894/1209/680 656/1190/679 775/1208/907 1049/1225/906
f 1049/1225/906 775/1208/907 704/1224/908 776/1239/909
f 773/1240/903 1049/1225/906 776/1239/909 702/1252/904
f 656/1190/679 897/1172/686 1050/1189/910 775/1208/907
f 897/1172/686 657/1156/685 777/1171/911 1050/1189/910
f 1050/1189/910 777/1171/911 706/1188/912 778/1207/913
f 775/1208/907 1050/1189/910 778/1207/913 704/1224/908
f 657/1156/685 899/1143/689 1051/1155/914 777/1171/911
f 899/1143/689 650/1132/650 766/1142/885 1051/1155/914
f 1051/1155/914 766/1142/885 692/1154/889 779/1170/915
f 777/1171/911 1051/1155/914 779/1170/915 706/1188/912
f 693/2251/916 780/2252/917 1052/2242/918 783/2241/919
f 780/2252/917 695/2261/920 781/2253/921 1052/2242/918
f 1052/2242/918 781/2253/921 752/2243/922 782/2234/923
f 783/2241/919 1052/2242/918 782/2234/923 753/2233/924
f 695/2261/920 784/2267/925 1053/2262/926 781/2253/921
f 784/2267/925 697/2271/927 785/2268/928 1053/2262/926
f 1053/2262/926 785/2268/928 751/2263/929 786/2254/930
f 781/2253/921 1053/2262/926 786/2254/930 752/2243/922
f 697/309/927 787/310/931 1054/300/932 785/299/928
f 787/310/931 699/319/933 788/311/934 1054/300/932
f 1054/300/932 788/311/934 750/301/935 789/292/936
f 785/299/928 1054/300/932 789/292/936 751/291/929
f 699/319/933 790/325/937 1055/320/938 788/311/934
f 790/325/937 701/329/939 791/326/940 1055/320/938
f 1055/320/938 791/326/940 749/321/941 792/312/942
f 788/311/934 1055/320/938 792/312/942 750/301/935
f 701/2301/939 793/2302/943 1056/2292/944 791/2291/940
f 793/2302/943 703/2311/945 794/2303/946 1056/2292/944
f 1056/2292/944 794/2303/946 748/2293/947 795/2284/948
f 791/2291/940 1056/2292/944 795/2284/948 749/2283/941
f 703/2311/945 796/2317/949 1057/2312/950 794/2303/946
f 796/2317/949 705/2321/951 797/2318/952 1057/2312/950
f 1057/2312/950 797/2318/952 755/2313/953 798/2304/954
f 794/2303/946 1057/2312/950 798/2304/954 748/2293/947
f 705/359/951 799/360/955 1058/350/956 797/349/952
f 799/360/955 707/369/957 800/361/958 1058/350/956
f 1058/350/956 800/361/958 754/351/959 801/342/960
f 797/349/952 1058/350/956 801/342/960 755/341/953
f 707/369/957 802/375/961 1059/370/962 800/361/958
f 802/375/961 693/379/916 783/376/919 1059/370/962
f 1059/370/962 783/376/919 753/371/924 803/362/963
f 800/361/958 1059/370/962 803/362/963 754/351/959
f 693/379/916 802/375/961 1060/378/964 806/380/965
f 802/375/961 707/369/957 804/374/966 1060/378/964
f 1060/1349/964 804/1350/966 742/1351/967 805/1352/968
f 806/1357/965 1060/1349/964 805/1352/968 743/1358/969
f 706/1188/912 779/1170/915 1061/1187/970 809/1206/971
f 779/1170/915 692/1154/889 807/1169/972 1061/1187/970
f 1061/1187/970 807/1169/972 708/1186/973 808/1205/974
f 809/1206/971 1061/1187/970 808/1205/974 711/1222/975
f 692/1154/889 765/1153/888 1062/1168/976 807/1169/972
f 765/1153/888 694/1167/887 810/1184/977 1062/1168/976
f 1062/1168/976 810/1184/977 712/1202/978 811/1185/979
f 807/1169/972 1062/1168/976 811/1185/979 708/1186/973
f 695/2261/920 780/2252/917 1063/2260/980 813/2266/981
f 780/2252/917 693/2251/916 806/2259/965 1063/2260/980
f 1063/1365/980 806/1357/965 743/1358/969 812/1366/982
f 813/1375/981 1063/1365/980 812/1366/982 744/1376/983
f 694/1167/887 768/1183/893 1064/1201/984 810/1184/977
f 768/1183/893 696/1200/892 814/1216/985 1064/1201/984
f 1064/1201/984 814/1216/985 714/1232/986 815/1217/987
f 810/1184/977 1064/1201/984 815/1217/987 712/1202/978
f 697/2271/927 784/2267/925 1065/2270/988 817/2272/989
f 784/2267/925 695/2261/920 813/2266/981 1065/2270/988
f 1065/1385/988 813/1375/981 744/1376/983 816/1386/990
f 817/1395/989 1065/1385/988 816/1386/990 745/1396/991
f 696/1200/892 770/1215/897 1066/1231/992 814/1216/985
f 770/1215/897 698/1230/896 818/1244/993 1066/1231/992
f 1066/1231/992 818/1244/993 716/1256/994 819/1245/995
f 814/1216/985 1066/1231/992 819/1245/995 714/1232/986
f 699/319/933 787/310/931 1067/318/996 821/324/997
f 787/310/931 697/309/927 817/317/989 1067/318/996
f 1067/1405/996 817/1395/989 745/1396/991 820/1406/998
f 821/1415/997 1067/1405/996 820/1406/998 746/1416/999
f 698/1230/896 772/1243/901 1068/1255/1000 818/1244/993
f 772/1243/901 700/1254/900 822/1264/1001 1068/1255/1000
f 1068/1255/1000 822/1264/1001 718/1272/1002 823/1265/1003
f 818/1244/993 1068/1255/1000 823/1265/1003 716/1256/994
f 701/329/939 790/325/937 1069/328/1004 825/330/1005
f 790/325/937 699/319/933 821/324/997 1069/328/1004
f 1069/1407/1004 821/1415/997 746/1416/999 824/1408/1006
f 825/1397/1005 1069/1407/1004 824/1408/1006 747/1398/1007
f 700/1254/900 774/1263/905 1070/1271/1008 822/1264/1001
f 774/1263/905 702/1252/904 826/1262/1009 1070/1271/1008
f 1070/1271/1008 826/1262/1009 720/1270/1010 827/1277/1011
f 822/1264/1001 1070/1271/1008 827/1277/1011 718/1272/1002
f 703/2311/945 793/2302/943 1071/2310/1012 829/2316/1013
f 793/2302/943 701/2301/939 825/2309/1005 1071/2310/1012
f 1071/1387/1012 825/1397/1005 747/1398/1007 828/1388/1014
f 829/1377/1013 1071/1387/1012 828/1388/1014 740/1378/1015
f 702/1252/904 776/1239/909 1072/1251/1016 826/1262/1009
f 776/1239/909 704/1224/908 830/1238/1017 1072/1251/1016
f 1072/1251/1016 830/1238/1017 722/1250/1018 831/1261/1019
f 826/1262/1009 1072/1251/1016 831/1261/1019 720/1270/1010
f 705/2321/951 796/2317/949 1073/2320/1020 833/2322/1021
f 796/2317/949 703/2311/945 829/2316/1013 1073/2320/1020
f 1073/1367/1020 829/1377/1013 740/1378/1015 832/1368/1022
f 833/1359/1021 1073/1367/1020 832/1368/1022 741/1360/1023
f 704/1224/908 778/1207/913 1074/1223/1024 830/1238/1017
f 778/1207/913 706/1188/912 809/1206/971 1074/1223/1024
f 1074/1223/1024 809/1206/971 711/1222/975 834/1237/1025
f 830/1238/1017 1074/1223/1024 834/1237/1025 722/1250/1018
f 707/369/957 799/360/955 1075/368/1026 804/374/966
f 799/360/955 705/359/951 833/367/1021 1075/368/1026
f 1075/1353/1026 833/1359/1021 741/1360/1023 835/1354/1027
f 804/1350/966 1075/1353/1026 835/1354/1027 742/1351/967
f 709/1373/1028 836/1363/1029 1076/1372/1030 838/1382/1031
f 836/1363/1029 710/1362/1032 837/1371/1033 1076/1372/1030
f 1076/390/1030 837/394/1033 726/391/842 973/386/841
f 838/389/1031 1076/390/1030 973/386/841 725/385/840
f 711/1222/975 808/1205/974 1077/1221/1034 840/1236/1035
f 808/1205/974 708/1186/973 839/1204/1036 1077/1221/1034
f 1077/1221/1034 839/1204/1036 724/1220/836 975/1235/839
f 840/1236/1035 1077/1221/1034 975/1235/839 727/1248/844
f 708/1186/973 811/1185/979 1078/1203/1037 839/1204/1036
f 811/1185/979 712/1202/978 841/1218/1038 1078/1203/1037
f 1078/1203/1037 841/1218/1038 728/1234/848 976/1219/847
f 839/1204/1036 1078/1203/1037 976/1219/847 724/1220/836
f 713/1393/1039 842/1383/1040 1079/1392/1041 843/1402/1042
f 842/1383/1040 709/1373/1028 838/1382/1031 1079/1392/1041
f 1079/2331/1041 838/2332/1031 725/2323/840 978/2326/846
f 843/2336/1042 1079/2331/1041 978/2326/846 729/2330/850
f 712/1202/978 815/1217/987 1080/1233/1043 841/1218/1038
f 815/1217/987 714/1232/986 844/1246/1044 1080/1233/1043
f 1080/1233/1043 844/1246/1044 730/1258/854 979/1247/853
f 841/1218/1038 1080/1233/1043 979/1247/853 728/1234/848
f 715/1413/1045 845/1403/1046 1081/1412/1047 846/1420/1048
f 845/1403/1046 713/1393/1039 843/1402/1042 1081/1412/1047
f 1081/2340/1047 843/2336/1042 729/2330/850 981/2335/852
f 846/2342/1048 1081/2340/1047 981/2335/852 731/2339/856
f 714/1232/986 819/1245/995 1082/1257/1049 844/1246/1044
f 819/1245/995 716/1256/994 847/1266/1050 1082/1257/1049
f 1082/1257/1049 847/1266/1050 732/1274/860 982/1267/859
f 844/1246/1044 1082/1257/1049 982/1267/859 730/1258/854
f 717/1426/1051 848/1421/1052 1083/1425/1053 849/1428/1054
f 848/1421/1052 715/1413/1045 846/1420/1048 1083/1425/1053
f 1083/409/1053 846/410/1048 731/401/856 984/404/858
f 849/414/1054 1083/409/1053 984/404/858 733/408/862
f 716/1256/994 823/1265/1003 1084/1273/1055 847/1266/1050
f 823/1265/1003 718/1272/1002 850/1278/1056 1084/1273/1055
f 1084/1273/1055 850/1278/1056 734/1282/866 985/1279/865
f 847/1266/1050 1084/1273/1055 985/1279/865 732/1274/860
f 719/1418/1057 851/1423/1058 1085/1427/1059 852/1424/1060
f 851/1423/1058 717/1426/1051 849/1428/1054 1085/1427/1059
f 1085/418/1059 849/414/1054 733/408/862 987/413/864
f 852/420/1060 1085/418/1059 987/413/864 735/417/868
f 718/1272/1002 827/1277/1011 1086/1281/1061 850/1278/1056
f 827/1277/1011 720/1270/1010 853/1276/1062 1086/1281/1061
f 1086/1281/1061 853/1276/1062 736/1280/872 756/1283/871
f 850/1278/1056 1086/1281/1061 756/1283/871 734/1282/866
f 721/1400/1063 854/1410/1064 1087/1419/1065 855/1411/1066
f 854/1410/1064 719/1418/1057 852/1424/1060 1087/1419/1065
f 1087/2351/1065 852/2352/1060 735/2343/868 758/2346/870
f 855/2356/1066 1087/2351/1065 758/2346/870 737/2350/874
f 720/1270/1010 831/1261/1019 1088/1269/1067 853/1276/1062
f 831/1261/1019 722/1250/1018 856/1260/1068 1088/1269/1067
f 1088/1269/1067 856/1260/1068 738/1268/878 759/1275/877
f 853/1276/1062 1088/1269/1067 759/1275/877 736/1280/872
f 723/1380/1069 857/1390/1070 1089/1401/1071 858/1391/1072
f 857/1390/1070 721/1400/1063 855/1411/1066 1089/1401/1071
f 1089/2360/1071 855/2356/1066 737/2350/874 761/2355/876
f 858/2362/1072 1089/2360/1071 761/2355/876 739/2359/880
f 722/1250/1018 834/1237/1025 1090/1249/1073 856/1260/1068
f 834/1237/1025 711/1222/975 840/1236/1035 1090/1249/1073
f 1090/1249/1073 840/1236/1035 727/1248/844 762/1259/883
f 856/1260/1068 1090/1249/1073 762/1259/883 738/1268/878
f 710/1362/1032 859/1370/1074 1091/1381/1075 837/1371/1033
f 859/1370/1074 723/1380/1069 858/1391/1072 1091/1381/1075
f 1091/398/1075 858/400/1072 739/399/880 763/395/882
f 837/394/1033 1091/398/1075 763/395/882 726/391/842
f 741/1360/1023 832/1368/1022 1092/1379/1076 861/1369/1077
f 832/1368/1022 740/1378/1015 860/1389/1078 1092/1379/1076
f 1092/1379/1076 860/1389/1078 721/1400/1063 857/1390/1070
f 861/1369/1077 1092/1379/1076 857/1390/1070 723/1380/1069
f 742/1351/967 835/1354/1027 1093/1361/1079 862/1355/1080
f 835/1354/1027 741/1360/1023 861/1369/1077 1093/1361/1079
f 1093/1361/1079 861/1369/1077 723/1380/1069 859/1370/1074
f 862/1355/1080 1093/1361/1079 859/1370/1074 710/1362/1032
f 743/1358/969 805/1352/968 1094/1356/1081 863/1364/1082
f 805/1352/968 742/1351/967 862/1355/1080 1094/1356/1081
f 1094/1356/1081 862/1355/1080 710/1362/1032 836/1363/1029
f 863/1364/1082 1094/1356/1081 836/1363/1029 709/1373/1028
f 744/1376/983 812/1366/982 1095/1374/1083 864/1384/1084
f 812/1366/982 743/1358/969 863/1364/1082 1095/1374/1083
f 1095/1374/1083 863/1364/1082 709/1373/1028 842/1383/1040
f 864/1384/1084 1095/1374/1083 842/1383/1040 713/1393/1039
f 745/1396/991 816/1386/990 1096/1394/1085 865/1404/1086
f 816/1386/990 744/1376/983 864/1384/1084 1096/1394/1085
f 1096/1394/1085 864/1384/1084 713/1393/1039 845/1403/1046
f 865/1404/1086 1096/1394/1085 845/1403/1046 715/1413/1045
f 746/1416/999 820/1406/998 1097/1414/1087 866/1422/1088
f 820/1406/998 745/1396/991 865/1404/1086 1097/1414/1087
f 1097/1414/1087 865/1404/1086 715/1413/1045 848/1421/1052
f 866/1422/1088 1097/1414/1087 848/1421/1052 717/1426/1051
f 747/1398/1007 824/1408/1006 1098/1417/1089 867/1409/1090
f 824/1408/1006 746/1416/999 866/1422/1088 1098/1417/1089
f 1098/1417/1089 866/1422/1088 717/1426/1051 851/1423/1058
f 867/1409/1090 1098/1417/1089 851/1423/1058 719/1418/1057
f 740/1378/1015 828/1388/1014 1099/1399/1091 860/1389/1078
f 828/1388/1014 747/1398/1007 867/1409/1090 1099/1399/1091
f 1099/1399/1091 867/1409/1090 719/1418/1057 854/1410/1064
f 860/1389/1078 1099/1399/1091 854/1410/1064 721/1400/1063
f 749/2283/941 795/2284/948 1100/2278/1092 869/2277/1093
f 795/2284/948 748/2293/947 868/2285/1094 1100/2278/1092
f 1100/2278/1092 868/2285/1094 663/2279/719 913/2274/717
f 869/2277/1093 1100/2278/1092 913/2274/717 662/2273/713
f 750/301/935 792/312/942 1101/302/1095 870/293/1096
f 792/312/942 749/321/941 869/313/1093 1101/302/1095
f 1101/302/1095 869/313/1093 662/303/713 910/294/711
f 870/293/1096 1101/302/1095 910/294/711 661/287/707
f 751/291/929 789/292/936 1102/286/1097 871/285/1098
f 789/292/936 750/301/935 870/293/1096 1102/286/1097
f 1102/286/1097 870/293/1096 661/287/707 907/282/705
f 871/285/1098 1102/286/1097 907/282/705 660/281/701
f 752/2243/922 786/2254/930 1103/2244/1099 872/2235/1100
f 786/2254/930 751/2263/929 871/2255/1098 1103/2244/1099
f 1103/2244/1099 871/2255/1098 660/2245/701 904/2236/699
f 872/2235/1100 1103/2244/1099 904/2236/699 659/2229/694
f 753/2233/924 782/2234/923 1104/2228/1101 873/2227/1102
f 782/2234/923 752/2243/922 872/2235/1100 1104/2228/1101
f 1104/2228/1101 872/2235/1100 659/2229/694 900/2224/691
f 873/2227/1102 1104/2228/1101 900/2224/691 658/2223/690
f 754/351/959 803/362/963 1105/352/1103 874/343/1104
f 803/362/963 753/371/924 873/363/1102 1105/352/1103
f 1105/352/1103 873/363/1102 658/353/690 922/344/735
f 874/343/1104 1105/352/1103 922/344/735 665/337/731
f 755/341/953 801/342/960 1106/336/1105 875/335/1106
f 801/342/960 754/351/959 874/343/1104 1106/336/1105
f 1106/336/1105 874/343/1104 665/337/731 919/332/729
f 875/335/1106 1106/336/1105 919/332/729 664/331/725
f 748/2293/947 798/2304/954 1107/2294/1107 868/2285/1094
f 798/2304/954 755/2313/953 875/2305/1106 1107/2294/1107
f 1107/2294/1107 875/2305/1106 664/2295/725 916/2286/723
f 868/2285/1094 1107/2294/1107 916/2286/723 663/2279/719
s 30
f 1108/1429/1108 1230/1430/1109 1286/1431/1110 1233/1432/1111
f 1230/1430/1109 1109/1435/1112 1231/1436/1113 1286/1431/1110
f 1286/1431/1110 1231/1436/1113 1117/1446/1114 1232/1437/1115
f 1233/1432/1111 1286/1431/1110 1232/1437/1115 1116/1438/1116
f 1109/1435/1112 1234/1444/1117 1287/1445/1118 1231/1436/1113
f 1234/1444/1117 1110/1455/1119 1235/1456/1120 1287/1445/1118
f 1287/1445/1118 1235/1456/1120 1118/1471/1121 1236/1457/1122
f 1231/1436/1113 1287/1445/1118 1236/1457/1122 1117/1446/1114
f 1110/1455/1119 1237/1469/1123 1288/1470/1124 1235/1456/1120
f 1237/1469/1123 1111/1480/1125 1238/1481/1126 1288/1470/1124
f 1288/1470/1124 1238/1481/1126 1119/1490/1127 1239/1482/1128
f 1235/1456/1120 1288/1470/1124 1239/1482/1128 1118/1471/1121
f 1111/1480/1125 1240/1488/1129 1289/1489/1130 1238/1481/1126
f 1240/1488/1129 1112/1487/1131 1241/1495/1132 1289/1489/1130
f 1289/2363/1130 1241/2364/1132 1120/2365/1133 1242/2366/1134
f 1238/1481/1126 1289/1489/1130 1242/1496/1134 1119/1490/1127
f 1112/2371/1131 1243/2372/1135 1290/2367/1136 1241/2364/1132
f 1243/2372/1135 1113/2376/1137 1244/2373/1138 1290/2367/1136
f 1290/2367/1136 1244/2373/1138 1121/2374/1139 1245/2368/1140
f 1241/2364/1132 1290/2367/1136 1245/2368/1140 1120/2365/1133
f 1113/2376/1137 1246/2382/1141 1291/2377/1142 1244/2373/1138
f 1246/2382/1141 1114/2389/1143 1247/2383/1144 1291/2377/1142
f 1291/2377/1142 1247/2383/1144 1122/2384/1145 1248/2378/1146
f 1244/2373/1138 1291/2377/1142 1248/2378/1146 1121/2374/1139
f 1114/1474/1143 1249/1463/1147 1292/1464/1148 1247/1475/1144
f 1249/1463/1147 1115/1450/1149 1250/1451/1150 1292/1464/1148
f 1292/1464/1148 1250/1451/1150 1123/1462/1151 1251/1473/1152
f 1247/2383/1144 1292/2390/1148 1251/2391/1152 1122/2384/1145
f 1115/1450/1149 1252/1439/1153 1293/1440/1154 1250/1451/1150
f 1252/1439/1153 1108/1429/1108 1233/1432/1111 1293/1440/1154
f 1293/1440/1154 1233/1432/1111 1116/1438/1116 1253/1449/1155
f 1250/1451/1150 1293/1440/1154 1253/1449/1155 1123/1462/1151
f 1116/1438/1116 1232/1437/1115 1294/1447/1156 1256/1448/1157
f 1232/1437/1115 1117/1446/1114 1254/1458/1158 1294/1447/1156
f 1294/2417/1156 1254/2418/1158 1125/2419/1159 1255/2420/1160
f 1256/1448/1157 1294/1447/1156 1255/1459/1160 1124/1460/1161
f 1117/1446/1114 1236/1457/1122 1295/1472/1162 1254/1458/1158
f 1236/1457/1122 1118/1471/1121 1257/1483/1163 1295/1472/1162
f 1295/1472/1162 1257/1483/1163 1126/1492/1164 1258/1493/1165
f 1254/2418/1158 1295/2421/1162 1258/2422/1165 1125/2419/1159
f 1118/1471/1121 1239/1482/1128 1296/1491/1166 1257/1483/1163
f 1239/421/1128 1119/422/1127 1259/423/1167 1296/424/1166
f 1296/424/1166 1259/423/1167 1127/427/1168 1260/428/1169
f 1257/432/1163 1296/424/1166 1260/428/1169 1126/433/1164
f 1119/422/1127 1242/425/1134 1297/426/1170 1259/423/1167
f 1242/2366/1134 1120/2365/1133 1261/2369/1171 1297/2370/1170
f 1297/426/1170 1261/434/1171 1128/435/1172 1262/429/1173
f 1259/423/1167 1297/426/1170 1262/429/1173 1127/427/1168
f 1120/2365/1133 1245/2368/1140 1298/2375/1174 1261/2369/1171
f 1245/2368/1140 1121/2374/1139 1263/2379/1175 1298/2375/1174
f 1298/2375/1174 1263/2379/1175 1129/2386/1176 1264/2380/1177
f 1261/2369/1171 1298/2375/1174 1264/2380/1177 1128/2381/1172
f 1121/2374/1139 1248/2378/1146 1299/2385/1178 1263/2379/1175
f 1248/2378/1146 1122/2384/1145 1265/2392/1179 1299/2385/1178
f 1299/2385/1178 1265/2392/1179 1130/2398/1180 1266/2393/1181
f 1263/2379/1175 1299/2385/1178 1266/2393/1181 1129/2386/1176
f 1122/2384/1145 1251/2391/1152 1300/2397/1182 1265/2392/1179
f 1251/462/1152 1123/463/1151 1267/464/1183 1300/465/1182
f 1300/465/1182 1267/464/1183 1131/468/1184 1268/469/1185
f 1265/473/1179 1300/465/1182 1268/469/1185 1130/474/1180
f 1123/463/1151 1253/466/1155 1301/467/1186 1267/464/1183
f 1253/1449/1155 1116/1438/1116 1256/1448/1157 1301/1461/1186
f 1301/467/1186 1256/475/1157 1124/476/1161 1269/470/1187
f 1267/464/1183 1301/467/1186 1269/470/1187 1131/468/1184
f 1124/2428/1161 1255/2420/1160 1302/2424/1188 1272/2429/1189
f 1255/2420/1160 1125/2419/1159 1270/2423/1190 1302/2424/1188
f 1302/2424/1188 1270/2423/1190 1133/2426/1191 1271/2427/1192
f 1272/2429/1189 1302/2424/1188 1271/2427/1192 1132/2435/1193
f 1125/2419/1159 1258/2422/1165 1303/2425/1194 1270/2423/1190
f 1258/2422/1165 1126/2430/1164 1273/2431/1195 1303/2425/1194
f 1303/2425/1194 1273/2431/1195 1134/2436/1196 1274/2432/1197
f 1270/2423/1190 1303/2425/1194 1274/2432/1197 1133/2426/1191
f 1126/433/1164 1260/428/1169 1304/431/1198 1273/439/1195
f 1260/428/1169 1127/427/1168 1275/430/1199 1304/431/1198
f 1304/431/1198 1275/430/1199 1135/437/1200 1276/438/1201
f 1273/439/1195 1304/431/1198 1276/438/1201 1134/444/1196
f 1127/427/1168 1262/429/1173 1305/436/1202 1275/430/1199
f 1262/429/1173 1128/435/1172 1277/440/1203 1305/436/1202
f 1305/436/1202 1277/440/1203 1136/445/1204 1278/441/1205
f 1275/430/1199 1305/436/1202 1278/441/1205 1135/437/1200
f 1128/2381/1172 1264/2380/1177 1306/2387/1206 1277/2388/1203
f 1264/2380/1177 1129/2386/1176 1279/2394/1207 1306/2387/1206
f 1306/2387/1206 1279/2394/1207 1137/2400/1208 1280/2395/1209
f 1277/2388/1203 1306/2387/1206 1280/2395/1209 1136/2396/1204
f 1129/2386/1176 1266/2393/1181 1307/2399/1210 1279/2394/1207
f 1266/2393/1181 1130/2398/1180 1281/2403/1211 1307/2399/1210
f 1307/2399/1210 1281/2403/1211 1138/2408/1212 1282/2404/1213
f 1279/2394/1207 1307/2399/1210 1282/2404/1213 1137/2400/1208
f 1130/474/1180 1268/469/1185 1308/472/1214 1281/480/1211
f 1268/469/1185 1131/468/1184 1283/471/1215 1308/472/1214
f 1308/472/1214 1283/471/1215 1139/478/1216 1284/479/1217
f 1281/480/1211 1308/472/1214 1284/479/1217 1138/485/1212
f 1131/468/1184 1269/470/1187 1309/477/1218 1283/471/1215
f 1269/470/1187 1124/476/1161 1272/481/1189 1309/477/1218
f 1309/477/1218 1272/481/1189 1132/486/1193 1285/482/1219
f 1283/471/1215 1309/477/1218 1285/482/1219 1139/478/1216
f 1132/2435/1193 1271/2427/1192 1310/2434/1220 1168/2440/1221
f 1271/2427/1192 1133/2426/1191 1166/2433/1222 1310/2434/1220
f 1310/2434/1220 1166/2433/1222 1141/2438/1223 1167/2439/1224
f 1168/2440/1221 1310/2434/1220 1167/2439/1224 1140/2445/1225
f 1133/2426/1191 1274/2432/1197 1311/2437/1226 1166/2433/1222
f 1274/2432/1197 1134/2436/1196 1169/2441/1227 1311/2437/1226
f 1311/2437/1226 1169/2441/1227 1142/2446/1228 1170/2442/1229
f 1166/2433/1222 1311/2437/1226 1170/2442/1229 1141/2438/1223
f 1134/444/1196 1276/438/1201 1312/443/1230 1169/449/1227
f 1276/438/1201 1135/437/1200 1171/442/1231 1312/443/1230
f 1312/443/1230 1171/442/1231 1143/447/1232 1172/448/1233
f 1169/449/1227 1312/443/1230 1172/448/1233 1142/454/1228
f 1135/437/1200 1278/441/1205 1313/446/1234 1171/442/1231
f 1278/441/1205 1136/445/1204 1173/450/1235 1313/446/1234
f 1313/446/1234 1173/450/1235 1144/455/1236 1174/451/1237
f 1171/442/1231 1313/446/1234 1174/451/1237 1143/447/1232
f 1136/2396/1204 1280/2395/1209 1314/2401/1238 1173/2402/1235
f 1280/2395/1209 1137/2400/1208 1175/2405/1239 1314/2401/1238
f 1314/2401/1238 1175/2405/1239 1145/2410/1240 1176/2406/1241
f 1173/2402/1235 1314/2401/1238 1176/2406/1241 1144/2407/1236
f 1137/2400/1208 1282/2404/1213 1315/2409/1242 1175/2405/1239
f 1282/2404/1213 1138/2408/1212 1177/2411/1243 1315/2409/1242
f 1315/2409/1242 1177/2411/1243 1146/2415/1244 1178/2412/1245
f 1175/2405/1239 1315/2409/1242 1178/2412/1245 1145/2410/1240
f 1138/485/1212 1284/479/1217 1316/484/1246 1177/490/1243
f 1284/479/1217 1139/478/1216 1179/483/1247 1316/484/1246
f 1316/484/1246 1179/483/1247 1147/488/1248 1180/489/1249
f 1177/490/1243 1316/484/1246 1180/489/1249 1146/495/1244
f 1139/478/1216 1285/482/1219 1317/487/1250 1179/483/1247
f 1285/482/1219 1132/486/1193 1168/491/1221 1317/487/1250
f 1317/487/1250 1168/491/1221 1140/496/1225 1181/492/1251
f 1179/483/1247 1317/487/1250 1181/492/1251 1147/488/1248
f 1140/2445/1225 1167/2439/1224 1318/2444/1252 1184/2450/1253
f 1167/2439/1224 1141/2438/1223 1182/2443/1254 1318/2444/1252
f 1318/2444/1252 1182/2443/1254 1149/2448/1255 1183/2449/1256
f 1184/2450/1253 1318/2444/1252 1183/2449/1256 1148/2455/1257
f 1141/2438/1223 1170/2442/1229 1319/2447/1258 1182/2443/1254
f 1170/2442/1229 1142/2446/1228 1185/2451/1259 1319/2447/1258
f 1319/2447/1258 1185/2451/1259 1150/2456/1260 1186/2452/1261
f 1182/2443/1254 1319/2447/1258 1186/2452/1261 1149/2448/1255
f 1142/454/1228 1172/448/1233 1320/453/1262 1185/459/1259
f 1172/448/1233 1143/447/1232 1187/452/1263 1320/453/1262
f 1320/453/1262 1187/452/1263 1151/457/1264 1188/458/1265
f 1185/2451/1259 1320/2463/1262 1188/2464/1265 1150/2456/1260
f 1143/447/1232 1174/451/1237 1321/456/1266 1187/452/1263
f 1174/451/1237 1144/455/1236 1189/460/1267 1321/456/1266
f 1321/1497/1266 1189/1498/1267 1152/1499/1268 1190/1500/1269
f 1187/452/1263 1321/456/1266 1190/461/1269 1151/457/1264
f 1144/1505/1236 1176/1506/1241 1322/1501/1270 1189/1498/1267
f 1176/2406/1241 1145/2410/1240 1191/2413/1271 1322/2414/1270
f 1322/1501/1270 1191/1507/1271 1153/1508/1272 1192/1502/1273
f 1189/1498/1267 1322/1501/1270 1192/1502/1273 1152/1499/1268
f 1145/2410/1240 1178/2412/1245 1323/2416/1274 1191/2413/1271
f 1178/1531/1245 1146/1532/1244 1193/1523/1275 1323/1514/1274
f 1323/1514/1274 1193/1523/1275 1154/1524/1276 1194/1515/1277
f 1191/1507/1271 1323/1514/1274 1194/1515/1277 1153/1508/1272
f 1146/495/1244 1180/489/1249 1324/494/1278 1193/500/1275
f 1180/489/1249 1147/488/1248 1195/493/1279 1324/494/1278
f 1324/494/1278 1195/493/1279 1155/498/1280 1196/499/1281
f 1193/1523/1275 1324/1533/1278 1196/1534/1281 1154/1524/1276
f 1147/488/1248 1181/492/1251 1325/497/1282 1195/493/1279
f 1181/492/1251 1140/496/1225 1184/501/1253 1325/497/1282
f 1325/2461/1282 1184/2450/1253 1148/2455/1257 1197/2462/1283
f 1195/493/1279 1325/497/1282 1197/502/1283 1155/498/1280
f 1148/2455/1257 1183/2449/1256 1326/2454/1284 1200/2460/1285
f 1183/2449/1256 1149/2448/1255 1198/2453/1286 1326/2454/1284
f 1326/2454/1284 1198/2453/1286 1157/2458/1287 1199/2459/1288
f 1200/2460/1285 1326/2454/1284 1199/2459/1288 1156/2467/1289
f 1149/2448/1255 1186/2452/1261 1327/2457/1290 1198/2453/1286
f 1186/2452/1261 1150/2456/1260 1201/2465/1291 1327/2457/1290
f 1327/2457/1290 1201/2465/1291 1158/2470/1292 1202/2466/1293
f 1198/2453/1286 1327/2457/1290 1202/2466/1293 1157/2458/1287
f 1150/2456/1260 1188/2464/1265 1328/2469/1294 1201/2465/1291
f 1188/1521/1265 1151/1512/1264 1203/1513/1295 1328/1522/1294
f 1328/1522/1294 1203/1513/1295 1159/1520/1296 1204/1530/1297
f 1201/1540/1291 1328/1522/1294 1204/1530/1297 1158/1541/1292
f 1151/1512/1264 1190/1500/1269 1329/1504/1298 1203/1513/1295
f 1190/1500/1269 1152/1499/1268 1205/1503/1299 1329/1504/1298
f 1329/1504/1298 1205/1503/1299 1160/1510/1300 1206/1511/1301
f 1203/1513/1295 1329/1504/1298 1206/1511/1301 1159/1520/1296
f 1152/1499/1268 1192/1502/1273 1330/1509/1302 1205/1503/1299
f 1192/1502/1273 1153/1508/1272 1207/1516/1303 1330/1509/1302
f 1330/1509/1302 1207/1516/1303 1161/1526/1304 1208/1517/1305
f 1205/1503/1299 1330/1509/1302 1208/1517/1305 1160/1510/1300
f 1153/1508/1272 1194/1515/1277 1331/1525/1306 1207/1516/1303
f 1194/1515/1277 1154/1524/1276 1209/1535/1307 1331/1525/1306
f 1331/1525/1306 1209/1535/1307 1162/1543/1308 1210/1536/1309
f 1207/1516/1303 1331/1525/1306 1210/1536/1309 1161/1526/1304
f 1154/1524/1276 1196/1534/1281 1332/1542/1310 1209/1535/1307
f 1196/1534/1281 1155/1548/1280 1211/1549/1311 1332/1542/1310
f 1332/1542/1310 1211/1549/1311 1163/1559/1312 1212/1550/1313
f 1209/1535/1307 1332/1542/1310 1212/1550/1313 1162/1543/1308
f 1155/1548/1280 1197/1557/1283 1333/1558/1314 1211/1549/1311
f 1197/2462/1283 1148/2455/1257 1200/2460/1285 1333/2468/1314
f 1333/1558/1314 1200/1564/1285 1156/1561/1289 1213/1563/1315
f 1211/1549/1311 1333/1558/1314 1213/1563/1315 1163/1559/1312
f 1109/1435/1112 1230/1430/1109 1334/1434/1316 1215/1443/1317
f 1108/1429/1108 1214/1433/1318 1334/1434/1316 1230/1430/1109
f 1164/1442/1319 1215/1443/1317 1334/1434/1316 1214/1433/1318
f 1110/1455/1119 1234/1444/1117 1335/1454/1320 1216/1453/1321
f 1109/1435/1112 1215/1443/1317 1335/1454/1320 1234/1444/1117
f 1164/1442/1319 1216/1453/1321 1335/1454/1320 1215/1443/1317
f 1111/1480/1125 1237/1469/1123 1336/1468/1322 1217/1467/1323
f 1110/1455/1119 1216/1453/1321 1336/1468/1322 1237/1469/1123
f 1164/1442/1319 1217/1467/1323 1336/1468/1322 1216/1453/1321
f 1112/1487/1131 1240/1488/1129 1337/1479/1324 1218/1478/1325
f 1111/1480/1125 1217/1467/1323 1337/1479/1324 1240/1488/1129
f 1164/1442/1319 1218/1478/1325 1337/1479/1324 1217/1467/1323
f 1113/1485/1137 1243/1494/1135 1338/1486/1326 1219/1477/1327
f 1112/1487/1131 1218/1478/1325 1338/1486/1326 1243/1494/1135
f 1164/1442/1319 1219/1477/1327 1338/1486/1326 1218/1478/1325
f 1114/1474/1143 1246/1484/1141 1339/1476/1328 1220/1466/1329
f 1113/1485/1137 1219/1477/1327 1339/1476/1328 1246/1484/1141
f 1164/1442/1319 1220/1466/1329 1339/1476/1328 1219/1477/1327
f 1115/1450/1149 1249/1463/1147 1340/1465/1330 1221/1452/1331
f 1114/1474/1143 1220/1466/1329 1340/1465/1330 1249/1463/1147
f 1164/1442/1319 1221/1452/1331 1340/1465/1330 1220/1466/1329
f 1108/1429/1108 1252/1439/1153 1341/1441/1332 1214/1433/1318
f 1115/1450/1149 1221/1452/1331 1341/1441/1332 1252/1439/1153
f 1164/1442/1319 1214/1433/1318 1341/1441/1332 1221/1452/1331
f 1156/1561/1289 1199/1562/1288 1342/1554/1333 1223/1553/1334
f 1157/1555/1287 1222/1546/1335 1342/1554/1333 1199/1562/1288
f 1165/1528/1336 1223/1553/1334 1342/1554/1333 1222/1546/1335
f 1157/1555/1287 1202/1556/1293 1343/1547/1337 1222/1546/1335
f 1158/1541/1292 1224/1538/1338 1343/1547/1337 1202/1556/1293
f 1165/1528/1336 1222/1546/1335 1343/1547/1337 1224/1538/1338
f 1158/1541/1292 1204/1530/1297 1344/1539/1339 1224/1538/1338
f 1159/1520/1296 1225/1529/1340 1344/1539/1339 1204/1530/1297
f 1165/1528/1336 1224/1538/1338 1344/1539/1339 1225/1529/1340
f 1159/1520/1296 1206/1511/1301 1345/1519/1341 1225/1529/1340
f 1160/1510/1300 1226/1518/1342 1345/1519/1341 1206/1511/1301
f 1165/1528/1336 1225/1529/1340 1345/1519/1341 1226/1518/1342
f 1160/1510/1300 1208/1517/1305 1346/1527/1343 1226/1518/1342
f 1161/1526/1304 1227/1537/1344 1346/1527/1343 1208/1517/1305
f 1165/1528/1336 1226/1518/1342 1346/1527/1343 1227/1537/1344
f 1161/1526/1304 1210/1536/1309 1347/1544/1345 1227/1537/1344
f 1162/1543/1308 1228/1545/1346 1347/1544/1345 1210/1536/1309
f 1165/1528/1336 1227/1537/1344 1347/1544/1345 1228/1545/1346
f 1162/1543/1308 1212/1550/1313 1348/1551/1347 1228/1545/1346
f 1163/1559/1312 1229/1552/1348 1348/1551/1347 1212/1550/1313
f 1165/1528/1336 1228/1545/1346 1348/1551/1347 1229/1552/1348
f 1163/1559/1312 1213/1563/1315 1349/1560/1349 1229/1552/1348
f 1156/1561/1289 1223/1553/1334 1349/1560/1349 1213/1563/1315
f 1165/1528/1336 1229/1552/1348 1349/1560/1349 1223/1553/1334
s 31
f 1350/1565/1350 1416/1566/1351 1528/1567/1352 1419/1568/1353
f 1416/1566/1351 1351/1571/1354 1417/1572/1355 1528/1567/1352
f 1528/1567/1352 1417/1572/1355 1359/1582/1356 1418/1573/1357
f 1419/1568/1353 1528/1567/1352 1418/1573/1357 1358/1574/1358
f 1351/1571/1354 1420/1580/1359 1529/1581/1360 1417/1572/1355
f 1420/1580/1359 1352/1589/1361 1421/1590/1362 1529/1581/1360
f 1529/1581/1360 1421/1590/1362 1360/1601/1363 1422/1591/1364
f 1417/1572/1355 1529/1581/1360 1422/1591/1364 1359/1582/1356
f 1352/1589/1361 1423/1599/1365 1530/1600/1366 1421/1590/1362
f 1423/1599/1365 1353/1611/1367 1424/1612/1368 1530/1600/1366
f 1530/1600/1366 1424/1612/1368 1361/1622/1369 1425/1613/1370
f 1421/1590/1362 1530/1600/1366 1425/1613/1370 1360/1601/1363
f 1353/1611/1367 1426/1620/1371 1531/1621/1372 1424/1612/1368
f 1426/1620/1371 1354/1619/1373 1427/1626/1374 1531/1621/1372
f 1531/1621/1372 1427/1626/1374 1362/1630/1375 1428/1627/1376
f 1424/1612/1368 1531/1621/1372 1428/1627/1376 1361/1622/1369
f 1354/1619/1373 1429/1625/1377 1532/1629/1378 1427/1626/1374
f 1429/1625/1377 1355/1617/1379 1430/1624/1380 1532/1629/1378
f 1532/1629/1378 1430/1624/1380 1363/1628/1381 1431/1633/1382
f 1427/1626/1374 1532/1629/1378 1431/1633/1382 1362/1630/1375
f 1355/1617/1379 1432/1615/1383 1533/1616/1384 1430/1624/1380
f 1432/1615/1383 1356/1605/1385 1433/1606/1386 1533/1616/1384
f 1533/1616/1384 1433/1606/1386 1364/1614/1387 1434/1623/1388
f 1430/1624/1380 1533/1616/1384 1434/1623/1388 1363/1628/1381
f 1356/1605/1385 1435/1593/1389 1534/1594/1390 1433/1606/1386
f 1435/1593/1389 1357/1584/1391 1436/1585/1392 1534/1594/1390
f 1534/1594/1390 1436/1585/1392 1365/1592/1393 1437/1604/1394
f 1433/1606/1386 1534/1594/1390 1437/1604/1394 1364/1614/1387
f 1357/1584/1391 1438/1575/1395 1535/1576/1396 1436/1585/1392
f 1438/1575/1395 1350/1565/1350 1419/1568/1353 1535/1576/1396
f 1535/1576/1396 1419/1568/1353 1358/1574/1358 1439/1583/1397
f 1436/1585/1392 1535/1576/1396 1439/1583/1397 1365/1592/1393
f 1358/2471/1358 1418/2472/1357 1536/2473/1398 1442/2474/1399
f 1418/2472/1357 1359/2475/1356 1440/2476/1400 1536/2473/1398
f 1536/2473/1398 1440/2476/1400 1367/2481/1401 1441/2477/1402
f 1442/2474/1399 1536/2473/1398 1441/2477/1402 1366/2478/1403
f 1359/503/1356 1422/504/1364 1537/505/1404 1440/506/1400
f 1422/504/1364 1360/507/1363 1443/508/1405 1537/505/1404
f 1537/505/1404 1443/508/1405 1368/513/1406 1444/509/1407
f 1440/506/1400 1537/505/1404 1444/509/1407 1367/510/1401
f 1360/507/1363 1425/511/1370 1538/512/1408 1443/508/1405
f 1425/511/1370 1361/516/1369 1445/517/1409 1538/512/1408
f 1538/512/1408 1445/517/1409 1369/522/1410 1446/518/1411
f 1443/508/1405 1538/512/1408 1446/518/1411 1368/513/1406
f 1361/1622/1369 1428/1627/1376 1539/1631/1412 1445/1632/1409
f 1428/2514/1376 1362/2515/1375 1447/2516/1413 1539/2517/1412
f 1539/2517/1412 1447/2516/1413 1370/2520/1414 1448/2521/1415
f 1445/2527/1409 1539/2517/1412 1448/2521/1415 1369/2528/1410
f 1362/2515/1375 1431/2518/1382 1540/2519/1416 1447/2516/1413
f 1431/2518/1382 1363/2522/1381 1449/2523/1417 1540/2519/1416
f 1540/2519/1416 1449/2523/1417 1371/2529/1418 1450/2524/1419
f 1447/2516/1413 1540/2519/1416 1450/2524/1419 1370/2520/1414
f 1363/548/1381 1434/549/1388 1541/550/1420 1449/551/1417
f 1434/549/1388 1364/552/1387 1451/553/1421 1541/550/1420
f 1541/550/1420 1451/553/1421 1372/558/1422 1452/554/1423
f 1449/551/1417 1541/550/1420 1452/554/1423 1371/555/1418
f 1364/552/1387 1437/556/1394 1542/557/1424 1451/553/1421
f 1437/556/1394 1365/561/1393 1453/562/1425 1542/557/1424
f 1542/557/1424 1453/562/1425 1373/567/1426 1454/563/1427
f 1451/553/1421 1542/557/1424 1454/563/1427 1372/558/1422
f 1365/1592/1393 1439/1583/1397 1543/1602/1428 1453/1603/1425
f 1439/2479/1397 1358/2471/1358 1442/2474/1399 1543/2480/1428
f 1543/2480/1428 1442/2474/1399 1366/2478/1403 1455/2484/1429
f 1453/2489/1425 1543/2480/1428 1455/2484/1429 1373/2490/1426
f 1366/2478/1403 1441/2477/1402 1544/2482/1430 1458/2483/1431
f 1441/2477/1402 1367/2481/1401 1456/2485/1432 1544/2482/1430
f 1544/2482/1430 1456/2485/1432 1375/2491/1433 1457/2486/1434
f 1458/2483/1431 1544/2482/1430 1457/2486/1434 1374/2487/1435
f 1367/510/1401 1444/509/1407 1545/514/1436 1456/515/1432
f 1444/509/1407 1368/513/1406 1459/519/1437 1545/514/1436
f 1545/514/1436 1459/519/1437 1376/524/1438 1460/520/1439
f 1456/515/1432 1545/514/1436 1460/520/1439 1375/521/1433
f 1368/513/1406 1446/518/1411 1546/523/1440 1459/519/1437
f 1446/518/1411 1369/522/1410 1461/527/1441 1546/523/1440
f 1546/523/1440 1461/527/1441 1377/532/1442 1462/528/1443
f 1459/519/1437 1546/523/1440 1462/528/1443 1376/524/1438
f 1369/2528/1410 1448/2521/1415 1547/2526/1444 1461/2533/1441
f 1448/2521/1415 1370/2520/1414 1463/2525/1445 1547/2526/1444
f 1547/2526/1444 1463/2525/1445 1378/2531/1446 1464/2532/1447
f 1461/2533/1441 1547/2526/1444 1464/2532/1447 1377/2538/1442
f 1370/2520/1414 1450/2524/1419 1548/2530/1448 1463/2525/1445
f 1450/2524/1419 1371/2529/1418 1465/2534/1449 1548/2530/1448
f 1548/2530/1448 1465/2534/1449 1379/2539/1450 1466/2535/1451
f 1463/2525/1445 1548/2530/1448 1466/2535/1451 1378/2531/1446
f 1371/555/1418 1452/554/1423 1549/559/1452 1465/560/1449
f 1452/554/1423 1372/558/1422 1467/564/1453 1549/559/1452
f 1549/559/1452 1467/564/1453 1380/569/1454 1468/565/1455
f 1465/560/1449 1549/559/1452 1468/565/1455 1379/566/1450
f 1372/558/1422 1454/563/1427 1550/568/1456 1467/564/1453
f 1454/563/1427 1373/567/1426 1469/572/1457 1550/568/1456
f 1550/568/1456 1469/572/1457 1381/577/1458 1470/573/1459
f 1467/564/1453 1550/568/1456 1470/573/1459 1380/569/1454
f 1373/2490/1426 1455/2484/1429 1551/2488/1460 1469/2495/1457
f 1455/2484/1429 1366/2478/1403 1458/2483/1431 1551/2488/1460
f 1551/2488/1460 1458/2483/1431 1374/2487/1435 1471/2494/1461
f 1469/2495/1457 1551/2488/1460 1471/2494/1461 1381/2500/1458
f 1374/2487/1435 1457/2486/1434 1552/2492/1462 1474/2493/1463
f 1457/2486/1434 1375/2491/1433 1472/2496/1464 1552/2492/1462
f 1552/2492/1462 1472/2496/1464 1383/2501/1465 1473/2497/1466
f 1474/2493/1463 1552/2492/1462 1473/2497/1466 1382/2498/1467
f 1375/521/1433 1460/520/1439 1553/525/1468 1472/526/1464
f 1460/520/1439 1376/524/1438 1475/529/1469 1553/525/1468
f 1553/525/1468 1475/529/1469 1384/534/1470 1476/530/1471
f 1472/526/1464 1553/525/1468 1476/530/1471 1383/531/1465
f 1376/524/1438 1462/528/1443 1554/533/1472 1475/529/1469
f 1462/528/1443 1377/532/1442 1477/537/1473 1554/533/1472
f 1554/533/1472 1477/537/1473 1385/542/1474 1478/538/1475
f 1475/529/1469 1554/533/1472 1478/538/1475 1384/534/1470
f 1377/2538/1442 1464/2532/1447 1555/2537/1476 1477/2543/1473
f 1464/2532/1447 1378/2531/1446 1479/2536/1477 1555/2537/1476
f 1555/2537/1476 1479/2536/1477 1386/2541/1478 1480/2542/1479
f 1477/2543/1473 1555/2537/1476 1480/2542/1479 1385/2548/1474
f 1378/2531/1446 1466/2535/1451 1556/2540/1480 1479/2536/1477
f 1466/2535/1451 1379/2539/1450 1481/2544/1481 1556/2540/1480
f 1556/2540/1480 1481/2544/1481 1387/2549/1482 1482/2545/1483
f 1479/2536/1477 1556/2540/1480 1482/2545/1483 1386/2541/1478
f 1379/566/1450 1468/565/1455 1557/570/1484 1481/571/1481
f 1468/565/1455 1380/569/1454 1483/574/1485 1557/570/1484
f 1557/570/1484 1483/574/1485 1388/579/1486 1484/575/1487
f 1481/571/1481 1557/570/1484 1484/575/1487 1387/576/1482
f 1380/569/1454 1470/573/1459 1558/578/1488 1483/574/1485
f 1470/573/1459 1381/577/1458 1485/582/1489 1558/578/1488
f 1558/578/1488 1485/582/1489 1389/587/1490 1486/583/1491
f 1483/574/1485 1558/578/1488 1486/583/1491 1388/579/1486
f 1381/2500/1458 1471/2494/1461 1559/2499/1492 1485/2505/1489
f 1471/2494/1461 1374/2487/1435 1474/2493/1463 1559/2499/1492
f 1559/2499/1492 1474/2493/1463 1382/2498/1467 1487/2504/1493
f 1485/2505/1489 1559/2499/1492 1487/2504/1493 1389/2510/1490
f 1382/2498/1467 1473/2497/1466 1560/2502/1494 1490/2503/1495
f 1473/2497/1466 1383/2501/1465 1488/2506/1496 1560/2502/1494
f 1560/2502/1494 1488/2506/1496 1391/2511/1497 1489/2507/1498
f 1490/2503/1495 1560/2502/1494 1489/2507/1498 1390/2508/1499
f 1383/531/1465 1476/530/1471 1561/535/1500 1488/536/1496
f 1476/530/1471 1384/534/1470 1491/539/1501 1561/535/1500
f 1561/535/1500 1491/539/1501 1392/544/1502 1492/540/1503
f 1488/536/1496 1561/535/1500 1492/540/1503 1391/541/1497
f 1384/534/1470 1478/538/1475 1562/543/1504 1491/539/1501
f 1478/538/1475 1385/542/1474 1493/545/1505 1562/543/1504
f 1562/543/1504 1493/545/1505 1393/547/1506 1494/546/1507
f 1491/539/1501 1562/543/1504 1494/546/1507 1392/544/1502
f 1385/2548/1474 1480/2542/1479 1563/2547/1508 1493/2553/1505
f 1480/2542/1479 1386/2541/1478 1495/2546/1509 1563/2547/1508
f 1563/2547/1508 1495/2546/1509 1394/2551/1510 1496/2552/1511
f 1493/1634/1505 1563/1635/1508 1496/1636/1511 1393/1637/1506
f 1386/2541/1478 1482/2545/1483 1564/2550/1512 1495/2546/1509
f 1482/2545/1483 1387/2549/1482 1497/2554/1513 1564/2550/1512
f 1564/2550/1512 1497/2554/1513 1395/2556/1514 1498/2555/1515
f 1495/2546/1509 1564/2550/1512 1498/2555/1515 1394/2551/1510
f 1387/576/1482 1484/575/1487 1565/580/1516 1497/581/1513
f 1484/575/1487 1388/579/1486 1499/584/1517 1565/580/1516
f 1565/580/1516 1499/584/1517 1396/589/1518 1500/585/1519
f 1497/581/1513 1565/580/1516 1500/585/1519 1395/586/1514
f 1388/579/1486 1486/583/1491 1566/588/1520 1499/584/1517
f 1486/583/1491 1389/587/1490 1501/590/1521 1566/588/1520
f 1566/588/1520 1501/590/1521 1397/592/1522 1502/591/1523
f 1499/584/1517 1566/588/1520 1502/591/1523 1396/589/1518
f 1389/2510/1490 1487/2504/1493 1567/2509/1524 1501/2513/1521
f 1487/2504/1493 1382/2498/1467 1490/2503/1495 1567/2509/1524
f 1567/2509/1524 1490/2503/1495 1390/2508/1499 1503/2512/1525
f 1501/1701/1521 1567/1702/1524 1503/1698/1525 1397/1692/1522
f 1390/1690/1499 1489/1680/1498 1568/1681/1526 1506/1691/1527
f 1489/1680/1498 1391/1670/1497 1504/1671/1528 1568/1681/1526
f 1568/1681/1526 1504/1671/1528 1399/1679/1529 1505/1689/1530
f 1506/1691/1527 1568/1681/1526 1505/1689/1530 1398/1696/1531
f 1391/1670/1497 1492/1661/1503 1569/1662/1532 1504/1671/1528
f 1492/1661/1503 1392/1652/1502 1507/1653/1533 1569/1662/1532
f 1569/1662/1532 1507/1653/1533 1400/1660/1534 1508/1669/1535
f 1504/1671/1528 1569/1662/1532 1508/1669/1535 1399/1679/1529
f 1392/1652/1502 1494/1644/1507 1570/1645/1536 1507/1653/1533
f 1494/1644/1507 1393/1637/1506 1509/1639/1537 1570/1645/1536
f 1570/1645/1536 1509/1639/1537 1401/1643/1538 1510/1651/1539
f 1507/1653/1533 1570/1645/1536 1510/1651/1539 1400/1660/1534
f 1393/1637/1506 1496/1636/1511 1571/1638/1540 1509/1639/1537
f 1496/1636/1511 1394/1640/1510 1511/1641/1541 1571/1638/1540
f 1571/1638/1540 1511/1641/1541 1402/1648/1542 1512/1642/1543
f 1509/1639/1537 1571/1638/1540 1512/1642/1543 1401/1643/1538
f 1394/1640/1510 1498/1646/1515 1572/1647/1544 1511/1641/1541
f 1498/1646/1515 1395/1654/1514 1513/1655/1545 1572/1647/1544
f 1572/1647/1544 1513/1655/1545 1403/1665/1546 1514/1656/1547
f 1511/1641/1541 1572/1647/1544 1514/1656/1547 1402/1648/1542
f 1395/1654/1514 1500/1663/1519 1573/1664/1548 1513/1655/1545
f 1500/1663/1519 1396/1672/1518 1515/1673/1549 1573/1664/1548
f 1573/1664/1548 1515/1673/1549 1404/1684/1550 1516/1674/1551
f 1513/1655/1545 1573/1664/1548 1516/1674/1551 1403/1665/1546
f 1396/1672/1518 1502/1682/1523 1574/1683/1552 1515/1673/1549
f 1502/1682/1523 1397/1692/1522 1517/1693/1553 1574/1683/1552
f 1574/1683/1552 1517/1693/1553 1405/1697/1554 1518/1694/1555
f 1515/1673/1549 1574/1683/1552 1518/1694/1555 1404/1684/1550
f 1397/1692/1522 1503/1698/1525 1575/1699/1556 1517/1693/1553
f 1503/1698/1525 1390/1690/1499 1506/1691/1527 1575/1699/1556
f 1575/1699/1556 1506/1691/1527 1398/1696/1531 1519/1700/1557
f 1517/1693/1553 1575/1699/1556 1519/1700/1557 1405/1697/1554
f 1351/1571/1354 1416/1566/1351 1576/1570/1558 1521/1579/1559
f 1350/1565/1350 1520/1569/1560 1576/1570/1558 1416/1566/1351
f 1406/1578/1561 1521/1579/1559 1576/1570/1558 1520/1569/1560
f 1352/1589/1361 1420/1580/1359 1577/1588/1562 1522/1587/1563
f 1351/1571/1354 1521/1579/1559 1577/1588/1562 1420/1580/1359
f 1406/1578/1561 1522/1587/1563 1577/1588/1562 1521/1579/1559
f 1353/1611/1367 1423/1599/1365 1578/1598/1564 1523/1597/1565
f 1352/1589/1361 1522/1587/1563 1578/1598/1564 1423/1599/1365
f 1406/1578/1561 1523/1597/1565 1578/1598/1564 1522/1587/1563
f 1354/1619/1373 1426/1620/1371 1579/1610/1566 1524/1609/1567
f 1353/1611/1367 1523/1597/1565 1579/1610/1566 1426/1620/1371
f 1406/1578/1561 1524/1609/1567 1579/1610/1566 1523/1597/1565
f 1355/1617/1379 1429/1625/1377 1580/1618/1568 1525/1608/1569
f 1354/1619/1373 1524/1609/1567 1580/1618/1568 1429/1625/1377
f 1406/1578/1561 1525/1608/1569 1580/1618/1568 1524/1609/1567
f 1356/1605/1385 1432/1615/1383 1581/1607/1570 1526/1596/1571
f 1355/1617/1379 1525/1608/1569 1581/1607/1570 1432/1615/1383
f 1406/1578/1561 1526/1596/1571 1581/1607/1570 1525/1608/1569
f 1357/1584/1391 1435/1593/1389 1582/1595/1572 1527/1586/1573
f 1356/1605/1385 1526/1596/1571 1582/1595/1572 1435/1593/1389
f 1406/1578/1561 1527/1586/1573 1582/1595/1572 1526/1596/1571
f 1350/1565/1350 1438/1575/1395 1583/1577/1574 1520/1569/1560
f 1357/1584/1391 1527/1586/1573 1583/1577/1574 1438/1575/1395
f 1406/1578/1561 1520/1569/1560 1583/1577/1574 1527/1586/1573
f 1398/1696/1531 1505/1689/1530 1584/1686/1575 1409/1685/1576
f 1399/1679/1529 1408/1675/1577 1584/1686/1575 1505/1689/1530
f 1407/1658/1578 1409/1685/1576 1584/1686/1575 1408/1675/1577
f 1399/1679/1529 1508/1669/1535 1585/1676/1579 1408/1675/1577
f 1400/1660/1534 1410/1667/1580 1585/1676/1579 1508/1669/1535
f 1407/1658/1578 1408/1675/1577 1585/1676/1579 1410/1667/1580
f 1400/1660/1534 1510/1651/1539 1586/1659/1581 1410/1667/1580
f 1401/1643/1538 1411/1650/1582 1586/1659/1581 1510/1651/1539
f 1407/1658/1578 1410/1667/1580 1586/1659/1581 1411/1650/1582
f 1401/1643/1538 1512/1642/1543 1587/1649/1583 1411/1650/1582
f 1402/1648/1542 1412/1657/1584 1587/1649/1583 1512/1642/1543
f 1407/1658/1578 1411/1650/1582 1587/1649/1583 1412/1657/1584
f 1402/1648/1542 1514/1656/1547 1588/1666/1585 1412/1657/1584
f 1403/1665/1546 1413/1668/1586 1588/1666/1585 1514/1656/1547
f 1407/1658/1578 1412/1657/1584 1588/1666/1585 1413/1668/1586
f 1403/1665/1546 1516/1674/1551 1589/1677/1587 1413/1668/1586
f 1404/1684/1550 1414/1678/1588 1589/1677/1587 1516/1674/1551
f 1407/1658/1578 1413/1668/1586 1589/1677/1587 1414/1678/1588
f 1404/1684/1550 1518/1694/1555 1590/1687/1589 1414/1678/1588
f 1405/1697/1554 1415/1688/1590 1590/1687/1589 1518/1694/1555
f 1407/1658/1578 1414/1678/1588 1590/1687/1589 1415/1688/1590
f 1405/1697/1554 1519/1700/1557 1591/1695/1591 1415/1688/1590
f 1398/1696/1531 1409/1685/1576 1591/1695/1591 1519/1700/1557
f 1407/1658/1578 1415/1688/1590 1591/1695/1591 1409/1685/1576
s 32
f 1592/1703/1592 1706/1704/1593 1760/1705/1594 1709/1706/1595
f 1706/593/1593 1596/594/1596 1707/595/1597 1760/596/1594
f 1760/596/1594 1707/595/1597 1638/601/1598 1708/602/1599
f 1709/1706/1595 1760/1705/1594 1708/1709/1599 1637/1710/1600
f 1593/2557/1601 1710/2558/1602 1761/2559/1603 1713/2560/1604
f 1710/1707/1602 1592/1703/1592 1711/1711/1605 1761/1713/1603
f 1761/1713/1603 1711/1711/1605 1601/1717/1606 1712/1719/1607
f 1713/2560/1604 1761/2559/1603 1712/2563/1607 1600/2564/1608
f 1594/612/1609 1714/613/1610 1762/624/1611 1717/625/1612
f 1714/2561/1610 1593/2557/1601 1715/2566/1613 1762/2567/1611
f 1762/2567/1611 1715/2566/1613 1603/2572/1614 1716/2573/1615
f 1717/625/1612 1762/624/1611 1716/636/1615 1602/637/1616
f 1595/603/1617 1718/604/1618 1763/614/1619 1721/615/1620
f 1718/604/1618 1594/612/1609 1719/623/1621 1763/614/1619
f 1763/614/1619 1719/623/1621 1615/635/1622 1720/626/1623
f 1721/615/1620 1763/614/1619 1720/626/1623 1614/627/1624
f 1596/594/1596 1722/598/1625 1764/605/1626 1725/599/1627
f 1722/598/1625 1595/603/1617 1723/611/1628 1764/605/1626
f 1764/605/1626 1723/611/1628 1633/622/1629 1724/616/1630
f 1725/599/1627 1764/605/1626 1724/616/1630 1632/606/1631
f 1597/658/1632 1726/659/1633 1765/660/1634 1729/661/1635
f 1726/1722/1633 1601/1717/1606 1727/1718/1636 1765/1723/1634
f 1765/1723/1634 1727/1718/1636 1640/1721/1637 1728/1726/1638
f 1729/661/1635 1765/660/1634 1728/664/1638 1639/665/1639
f 1598/669/1640 1730/662/1641 1766/668/1642 1733/677/1643
f 1730/662/1641 1597/658/1632 1731/666/1644 1766/668/1642
f 1766/668/1642 1731/666/1644 1631/674/1645 1732/676/1646
f 1733/677/1643 1766/668/1642 1732/676/1646 1630/687/1647
f 1599/680/1648 1734/670/1649 1767/679/1650 1737/691/1651
f 1734/670/1649 1598/669/1640 1735/678/1652 1767/679/1650
f 1767/679/1650 1735/678/1652 1621/689/1653 1736/690/1654
f 1737/691/1651 1767/679/1650 1736/690/1654 1620/701/1655
f 1600/2564/1608 1738/2569/1656 1768/2574/1657 1741/2570/1658
f 1738/681/1656 1599/680/1648 1739/692/1659 1768/693/1657
f 1768/693/1657 1739/692/1659 1607/703/1660 1740/704/1661
f 1741/2570/1658 1768/2574/1657 1740/2579/1661 1606/2575/1662
f 1602/637/1616 1742/648/1663 1769/651/1664 1745/644/1665
f 1742/1728/1663 1604/1729/1666 1743/1730/1667 1769/1731/1664
f 1769/1731/1664 1743/1730/1667 1609/1736/1668 1744/1737/1669
f 1745/644/1665 1769/651/1664 1744/655/1669 1608/652/1670
f 1604/1729/1666 1746/1733/1671 1770/1738/1672 1749/1734/1673
f 1746/2576/1671 1603/2572/1614 1747/2571/1674 1770/2577/1672
f 1770/2577/1672 1747/2571/1674 1606/2575/1662 1748/2580/1675
f 1749/1734/1673 1770/1738/1672 1748/1744/1675 1605/1739/1676
f 1605/1739/1676 1750/1745/1677 1771/1746/1678 1753/1740/1679
f 1750/712/1677 1607/703/1660 1751/711/1680 1771/718/1678
f 1771/718/1678 1751/711/1680 1613/717/1681 1752/721/1682
f 1753/1740/1679 1771/1746/1678 1752/1750/1682 1612/1747/1683
f 1608/652/1670 1754/656/1684 1772/653/1685 1757/645/1686
f 1754/2582/1684 1610/2583/1687 1755/2584/1688 1772/2585/1685
f 1772/2585/1685 1755/2584/1688 1616/2590/1689 1756/2591/1690
f 1757/645/1686 1772/653/1685 1756/646/1690 1615/635/1622
f 1610/2583/1687 1758/2587/1691 1773/2592/1692 1649/2588/1693
f 1758/1742/1691 1609/1736/1668 1759/1741/1694 1773/1748/1692
f 1773/1748/1692 1759/1741/1694 1612/1747/1683 1648/1751/1695
f 1649/2588/1693 1773/2592/1692 1648/2598/1695 1611/2593/1696
f 1611/2593/1696 1650/2599/1697 1774/2600/1698 1653/2594/1699
f 1650/720/1697 1613/717/1681 1651/710/1700 1774/716/1698
f 1774/716/1698 1651/710/1700 1620/701/1655 1652/709/1701
f 1653/2594/1699 1774/2600/1698 1652/2606/1701 1619/2601/1702
f 1614/627/1624 1654/639/1703 1775/641/1704 1657/631/1705
f 1654/2603/1703 1617/2604/1706 1655/2609/1707 1775/2610/1704
f 1775/2610/1704 1655/2609/1707 1623/2614/1708 1656/2615/1709
f 1657/631/1705 1775/641/1704 1656/649/1709 1622/642/1710
f 1617/2604/1706 1658/2597/1711 1776/2602/1712 1661/2608/1713
f 1658/2597/1711 1616/2590/1689 1659/2595/1714 1776/2602/1712
f 1776/2602/1712 1659/2595/1714 1619/2601/1702 1660/2607/1715
f 1661/2608/1713 1776/2602/1712 1660/2607/1715 1618/2612/1716
f 1618/2612/1716 1662/2616/1717 1777/2621/1718 1665/2617/1719
f 1662/699/1717 1621/689/1653 1663/698/1720 1777/708/1718
f 1777/708/1718 1663/698/1720 1627/707/1721 1664/715/1722
f 1665/2617/1719 1777/2621/1718 1664/2624/1722 1626/2622/1723
f 1622/642/1710 1666/650/1724 1778/643/1725 1669/632/1726
f 1666/1753/1724 1624/1754/1727 1667/1755/1728 1778/1756/1725
f 1778/1756/1725 1667/1755/1728 1634/1761/1729 1668/1762/1730
f 1669/632/1726 1778/643/1725 1668/633/1730 1633/622/1629
f 1624/1754/1727 1670/1758/1731 1779/1763/1732 1673/1759/1733
f 1670/2619/1731 1623/2614/1708 1671/2618/1734 1779/2623/1732
f 1779/2623/1732 1671/2618/1734 1626/2622/1723 1672/2625/1735
f 1673/1759/1733 1779/1763/1732 1672/1769/1735 1625/1764/1736
f 1625/1764/1736 1674/1770/1737 1780/1771/1738 1677/1765/1739
f 1674/714/1737 1627/707/1721 1675/697/1740 1780/706/1738
f 1780/706/1738 1675/697/1740 1630/687/1647 1676/696/1741
f 1677/1765/1739 1780/1771/1738 1676/1777/1741 1629/1772/1742
f 1628/1783/1743 1678/1787/1744 1781/1792/1745 1681/1788/1746
f 1678/684/1744 1631/674/1645 1679/675/1747 1781/685/1745
f 1781/685/1745 1679/675/1747 1647/683/1748 1680/695/1749
f 1681/1788/1746 1781/1792/1745 1680/1795/1749 1646/1793/1750
f 1629/1772/1742 1682/1778/1751 1782/1773/1752 1685/1766/1753
f 1682/1778/1751 1628/1783/1743 1683/1779/1754 1782/1773/1752
f 1782/1773/1752 1683/1779/1754 1635/1775/1755 1684/1768/1756
f 1685/1766/1753 1782/1773/1752 1684/1768/1756 1634/1761/1729
f 1632/606/1631 1686/617/1757 1783/618/1758 1689/607/1759
f 1686/1774/1757 1635/1775/1755 1687/1780/1760 1783/1781/1758
f 1783/1781/1758 1687/1780/1760 1644/1785/1761 1688/1786/1762
f 1689/607/1759 1783/618/1758 1688/629/1762 1643/619/1763
f 1636/2627/1764 1690/2628/1765 1784/2629/1766 1693/2630/1767
f 1690/609/1765 1638/601/1598 1691/608/1768 1784/620/1766
f 1784/620/1766 1691/608/1768 1643/619/1763 1692/630/1769
f 1693/2630/1767 1784/2629/1766 1692/2633/1769 1642/2634/1770
f 1637/1710/1600 1694/1715/1771 1785/1720/1772 1697/1716/1773
f 1694/2631/1771 1636/2627/1764 1695/2635/1774 1785/2637/1772
f 1785/2637/1772 1695/2635/1774 1641/2641/1775 1696/2643/1776
f 1697/1716/1773 1785/1720/1772 1696/1725/1776 1640/1721/1637
f 1639/665/1639 1698/672/1777 1786/682/1778 1701/673/1779
f 1698/2646/1777 1641/2641/1775 1699/2642/1780 1786/2647/1778
f 1786/2647/1778 1699/2642/1780 1645/2645/1781 1700/2650/1782
f 1701/673/1779 1786/682/1778 1700/694/1782 1647/683/1748
f 1642/2634/1770 1702/2639/1783 1787/2644/1784 1705/2640/1785
f 1702/1790/1783 1644/1785/1761 1703/1789/1786 1787/1794/1784
f 1787/1794/1784 1703/1789/1786 1646/1793/1750 1704/1796/1787
f 1705/2640/1785 1787/2644/1784 1704/2649/1787 1645/2645/1781
f 1593/2557/1601 1713/2560/1604 1788/2565/1788 1715/2566/1613
f 1713/2560/1604 1600/2564/1608 1741/2570/1658 1788/2565/1788
f 1788/2565/1788 1741/2570/1658 1606/2575/1662 1747/2571/1674
f 1715/2566/1613 1788/2565/1788 1747/2571/1674 1603/2572/1614
f 1604/1729/1666 1749/1734/1673 1789/1735/1789 1743/1730/1667
f 1749/1734/1673 1605/1739/1676 1753/1740/1679 1789/1735/1789
f 1789/1735/1789 1753/1740/1679 1612/1747/1683 1759/1741/1694
f 1743/1730/1667 1789/1735/1789 1759/1741/1694 1609/1736/1668
f 1610/2583/1687 1649/2588/1693 1790/2589/1790 1755/2584/1688
f 1649/2588/1693 1611/2593/1696 1653/2594/1699 1790/2589/1790
f 1790/2589/1790 1653/2594/1699 1619/2601/1702 1659/2595/1714
f 1755/2584/1688 1790/2589/1790 1659/2595/1714 1616/2590/1689
f 1624/1754/1727 1673/1759/1733 1791/1760/1791 1667/1755/1728
f 1673/1759/1733 1625/1764/1736 1677/1765/1739 1791/1760/1791
f 1791/1760/1791 1677/1765/1739 1629/1772/1742 1685/1766/1753
f 1667/1755/1728 1791/1760/1791 1685/1766/1753 1634/1761/1729
f 1599/680/1648 1737/691/1651 1792/702/1792 1739/692/1659
f 1737/691/1651 1620/701/1655 1651/710/1700 1792/702/1792
f 1792/702/1792 1651/710/1700 1613/717/1681 1751/711/1680
f 1739/692/1659 1792/702/1792 1751/711/1680 1607/703/1660
f 1615/635/1622 1719/623/1621 1793/634/1793 1757/645/1686
f 1719/623/1621 1594/612/1609 1717/625/1612 1793/634/1793
f 1793/634/1793 1717/625/1612 1602/637/1616 1745/644/1665
f 1757/645/1686 1793/634/1793 1745/644/1665 1608/652/1670
f 1617/2604/1706 1661/2608/1713 1794/2613/1794 1655/2609/1707
f 1661/2608/1713 1618/2612/1716 1665/2617/1719 1794/2613/1794
f 1794/2613/1794 1665/2617/1719 1626/2622/1723 1671/2618/1734
f 1655/2609/1707 1794/2613/1794 1671/2618/1734 1623/2614/1708
f 1621/689/1653 1735/678/1652 1795/688/1795 1663/698/1720
f 1735/678/1652 1598/669/1640 1733/677/1643 1795/688/1795
f 1795/688/1795 1733/677/1643 1630/687/1647 1675/697/1740
f 1663/698/1720 1795/688/1795 1675/697/1740 1627/707/1721
f 1641/2641/1775 1695/2635/1774 1796/2636/1796 1699/2642/1780
f 1695/2635/1774 1636/2627/1764 1693/2630/1767 1796/2636/1796
f 1796/2636/1796 1693/2630/1767 1642/2634/1770 1705/2640/1785
f 1699/2642/1780 1796/2636/1796 1705/2640/1785 1645/2645/1781
f 1595/603/1617 1721/615/1620 1797/621/1797 1723/611/1628
f 1721/615/1620 1614/627/1624 1657/631/1705 1797/621/1797
f 1797/621/1797 1657/631/1705 1622/642/1710 1669/632/1726
f 1723/611/1628 1797/621/1797 1669/632/1726 1633/622/1629
f 1601/1717/1606 1711/1711/1605 1798/1712/1798 1727/1718/1636
f 1711/1711/1605 1592/1703/1592 1709/1706/1595 1798/1712/1798
f 1798/1712/1798 1709/1706/1595 1637/1710/1600 1697/1716/1773
f 1727/1718/1636 1798/1712/1798 1697/1716/1773 1640/1721/1637
f 1596/594/1596 1725/599/1627 1799/600/1799 1707/595/1597
f 1725/599/1627 1632/606/1631 1689/607/1759 1799/600/1799
f 1799/600/1799 1689/607/1759 1643/619/1763 1691/608/1768
f 1707/595/1597 1799/600/1799 1691/608/1768 1638/601/1598
f 1635/1775/1755 1683/1779/1754 1800/1784/1800 1687/1780/1760
f 1683/1779/1754 1628/1783/1743 1681/1788/1746 1800/1784/1800
f 1800/1784/1800 1681/1788/1746 1646/1793/1750 1703/1789/1786
f 1687/1780/1760 1800/1784/1800 1703/1789/1786 1644/1785/1761
f 1631/674/1645 1731/666/1644 1801/667/1801 1679/675/1747
f 1731/666/1644 1597/658/1632 1729/661/1635 1801/667/1801
f 1801/667/1801 1729/661/1635 1639/665/1639 1701/673/1779
f 1679/675/1747 1801/667/1801 1701/673/1779 1647/683/1748
f 1592/1703/1592 1710/1707/1602 1802/1708/1802 1706/1704/1593
f 1593/2557/1601 1714/2561/1610 1802/2562/1802 1710/2558/1602
f 1594/612/1609 1718/604/1618 1802/597/1802 1714/613/1610
f 1595/603/1617 1722/598/1625 1802/597/1802 1718/604/1618
f 1596/594/1596 1706/593/1593 1802/597/1802 1722/598/1625
f 1597/658/1632 1730/662/1641 1803/663/1803 1726/659/1633
f 1598/669/1640 1734/670/1649 1803/663/1803 1730/662/1641
f 1599/680/1648 1738/681/1656 1803/663/1803 1734/670/1649
f 1600/2564/1608 1712/2563/1607 1803/2568/1803 1738/2569/1656
f 1601/1717/1606 1726/1722/1633 1803/1724/1803 1712/1719/1607
f 1602/637/1616 1716/636/1615 1804/647/1804 1742/648/1663
f 1603/2572/1614 1746/2576/1671 1804/2578/1804 1716/2573/1615
f 1604/1729/1666 1742/1728/1663 1804/1732/1804 1746/1733/1671
f 1605/1739/1676 1748/1744/1675 1805/1749/1805 1750/1745/1677
f 1606/2575/1662 1740/2579/1661 1805/2581/1805 1748/2580/1675
f 1607/703/1660 1750/712/1677 1805/713/1805 1740/704/1661
f 1608/652/1670 1744/655/1669 1806/657/1806 1754/656/1684
f 1609/1736/1668 1758/1742/1691 1806/1743/1806 1744/1737/1669
f 1610/2583/1687 1754/2582/1684 1806/2586/1806 1758/2587/1691
f 1611/2593/1696 1648/2598/1695 1807/2605/1807 1650/2599/1697
f 1612/1747/1683 1752/1750/1682 1807/1752/1807 1648/1751/1695
f 1613/717/1681 1650/720/1697 1807/722/1807 1752/721/1682
f 1614/627/1624 1720/626/1623 1808/638/1808 1654/639/1703
f 1720/626/1623 1615/635/1622 1756/646/1690 1808/638/1808
f 1808/2596/1808 1756/2591/1690 1616/2590/1689 1658/2597/1711
f 1654/2603/1703 1808/2596/1808 1658/2597/1711 1617/2604/1706
f 1618/2612/1716 1660/2607/1715 1809/2611/1809 1662/2616/1717
f 1660/2607/1715 1619/2601/1702 1652/2606/1701 1809/2611/1809
f 1809/700/1809 1652/709/1701 1620/701/1655 1736/690/1654
f 1662/699/1717 1809/700/1809 1736/690/1654 1621/689/1653
f 1622/642/1710 1656/649/1709 1810/654/1810 1666/650/1724
f 1623/2614/1708 1670/2619/1731 1810/2620/1810 1656/2615/1709
f 1624/1754/1727 1666/1753/1724 1810/1757/1810 1670/1758/1731
f 1625/1764/1736 1672/1769/1735 1811/1776/1811 1674/1770/1737
f 1626/2622/1723 1664/2624/1722 1811/2626/1811 1672/2625/1735
f 1627/707/1721 1674/714/1737 1811/719/1811 1664/715/1722
f 1628/1783/1743 1682/1778/1751 1812/1782/1812 1678/1787/1744
f 1682/1778/1751 1629/1772/1742 1676/1777/1741 1812/1782/1812
f 1812/686/1812 1676/696/1741 1630/687/1647 1732/676/1646
f 1678/684/1744 1812/686/1812 1732/676/1646 1631/674/1645
f 1632/606/1631 1724/616/1630 1813/628/1813 1686/617/1757
f 1724/616/1630 1633/622/1629 1668/633/1730 1813/628/1813
f 1813/1767/1813 1668/1762/1730 1634/1761/1729 1684/1768/1756
f 1686/1774/1757 1813/1767/1813 1684/1768/1756 1635/1775/1755
f 1636/2627/1764 1694/2631/1771 1814/2632/1814 1690/2628/1765
f 1637/1710/1600 1708/1709/1599 1814/1714/1814 1694/1715/1771
f 1638/601/1598 1690/609/1765 1814/610/1814 1708/602/1599
f 1639/665/1639 1728/664/1638 1815/671/1815 1698/672/1777
f 1640/1721/1637 1696/1725/1776 1815/1727/1815 1728/1726/1638
f 1641/2641/1775 1698/2646/1777 1815/2648/1815 1696/2643/1776
f 1642/2634/1770 1692/2633/1769 1816/2638/1816 1702/2639/1783
f 1643/619/1763 1688/629/1762 1816/640/1816 1692/630/1769
f 1644/1785/1761 1702/1790/1783 1816/1791/1816 1688/1786/1762
f 1645/2645/1781 1704/2649/1787 1817/2651/1817 1700/2650/1782
f 1646/1793/1750 1680/1795/1749 1817/1797/1817 1704/1796/1787
f 1647/683/1748 1700/694/1782 1817/705/1817 1680/695/1749
s 41
f 1818/2652/1818 1868/2653/1819 1892/2654/1820 1871/2655/1821
f 1868/2653/1819 1819/2658/1822 1869/2659/1823 1892/2654/1820
f 1892/2654/1820 1869/2659/1823 1822/2666/1824 1870/2660/1825
f 1871/2655/1821 1892/2654/1820 1870/2660/1825 1821/2661/1826
f 1819/2658/1822 1872/2664/1827 1893/2665/1828 1869/2659/1823
f 1872/2664/1827 1820/2671/1829 1873/2672/1830 1893/2665/1828
f 1893/2665/1828 1873/2672/1830 1823/2680/1831 1874/2673/1832
f 1869/2659/1823 1893/2665/1828 1874/2673/1832 1822/2666/1824
f 1821/2661/1826 1870/2660/1825 1894/2667/1833 1877/2668/1834
f 1870/2660/1825 1822/2666/1824 1875/2674/1835 1894/2667/1833
f 1894/2667/1833 1875/2674/1835 1825/2682/1836 1876/2675/1837
f 1877/2668/1834 1894/2667/1833 1876/2675/1837 1824/2676/1838
f 1822/2666/1824 1874/2673/1832 1895/2681/1839 1875/2674/1835
f 1874/2673/1832 1823/2680/1831 1878/2684/1840 1895/2681/1839
f 1895/2681/1839 1878/2684/1840 1826/2687/1841 1879/2685/1842
f 1875/2674/1835 1895/2681/1839 1879/2685/1842 1825/2682/1836
f 1824/1798/1838 1876/1799/1837 1896/1800/1843 1882/1801/1844
f 1876/1799/1837 1825/1802/1836 1880/1803/1845 1896/1800/1843
f 1896/1800/1843 1880/1803/1845 1828/1810/1846 1881/1804/1847
f 1882/1801/1844 1896/1800/1843 1881/1804/1847 1827/1805/1848
f 1825/1802/1836 1879/1808/1842 1897/1809/1849 1880/1803/1845
f 1879/1808/1842 1826/1813/1841 1883/1814/1850 1897/1809/1849
f 1897/1809/1849 1883/1814/1850 1829/1819/1851 1884/1815/1852
f 1880/1803/1845 1897/1809/1849 1884/1815/1852 1828/1810/1846
f 1827/1805/1848 1881/1804/1847 1898/1811/1853 1887/1812/1854
f 1881/1804/1847 1828/1810/1846 1885/1816/1855 1898/1811/1853
f 1898/2688/1853 1885/2689/1855 1831/2690/1856 1886/2691/1857
f 1887/2696/1854 1898/2688/1853 1886/2691/1857 1830/2697/1858
f 1828/1810/1846 1884/1815/1852 1899/1820/1859 1885/1816/1855
f 1884/1815/1852 1829/1819/1851 1888/1821/1860 1899/1820/1859
f 1899/2692/1859 1888/2698/1860 1832/2699/1861 1889/2693/1862
f 1885/2689/1855 1899/2692/1859 1889/2693/1862 1831/2690/1856
f 1830/2697/1858 1886/2691/1857 1900/2695/1863 1844/2703/1864
f 1886/2691/1857 1831/2690/1856 1890/2694/1865 1900/2695/1863
f 1900/2695/1863 1890/2694/1865 1834/2701/1866 1891/2702/1867
f 1844/2703/1864 1900/2695/1863 1891/2702/1867 1833/2710/1868
f 1831/2690/1856 1889/2693/1862 1901/2700/1869 1890/2694/1865
f 1889/2693/1862 1832/2699/1861 1845/2706/1870 1901/2700/1869
f 1901/2700/1869 1845/2706/1870 1835/2713/1871 1846/2707/1872
f 1890/2694/1865 1901/2700/1869 1846/2707/1872 1834/2701/1866
f 1833/2710/1868 1891/2702/1867 1902/2709/1873 1849/2717/1874
f 1891/2702/1867 1834/2701/1866 1847/2708/1875 1902/2709/1873
f 1902/2709/1873 1847/2708/1875 1837/2715/1876 1848/2716/1877
f 1849/2717/1874 1902/2709/1873 1848/2716/1877 1836/2722/1878
f 1834/2701/1866 1846/2707/1872 1903/2714/1879 1847/2708/1875
f 1846/2707/1872 1835/2713/1871 1850/2720/1880 1903/2714/1879
f 1903/2714/1879 1850/2720/1880 1838/2725/1881 1851/2721/1882
f 1847/2708/1875 1903/2714/1879 1851/2721/1882 1837/2715/1876
f 1836/1822/1878 1848/1823/1877 1904/1824/1883 1854/1825/1884
f 1848/1823/1877 1837/1826/1876 1852/1827/1885 1904/1824/1883
f 1904/1824/1883 1852/1827/1885 1840/1832/1886 1853/1828/1887
f 1854/1825/1884 1904/1824/1883 1853/1828/1887 1839/1829/1888
f 1837/1826/1876 1851/1830/1882 1905/1831/1889 1852/1827/1885
f 1851/1830/1882 1838/1835/1881 1855/1836/1890 1905/1831/1889
f 1905/1831/1889 1855/1836/1890 1841/1839/1891 1856/1837/1892
f 1852/1827/1885 1905/1831/1889 1856/1837/1892 1840/1832/1886
f 1839/1829/1888 1853/1828/1887 1906/1833/1893 1858/1834/1894
f 1853/1828/1887 1840/1832/1886 1857/1838/1895 1906/1833/1893
f 1906/2657/1893 1857/2663/1895 1819/2658/1822 1868/2653/1819
f 1858/2656/1894 1906/2657/1893 1868/2653/1819 1818/2652/1818
f 1840/1832/1886 1856/1837/1892 1907/1840/1896 1857/1838/1895
f 1856/1837/1892 1841/1839/1891 1859/1841/1897 1907/1840/1896
f 1907/2670/1896 1859/2678/1897 1820/2671/1829 1872/2664/1827
f 1857/2663/1895 1907/2670/1896 1872/2664/1827 1819/2658/1822
f 1841/723/1891 1855/724/1890 1908/725/1898 1861/726/1899
f 1855/2724/1890 1838/2725/1881 1850/2720/1880 1908/2719/1898
f 1908/2719/1898 1850/2720/1880 1835/2713/1871 1860/2712/1900
f 1861/726/1899 1908/725/1898 1860/727/1900 1842/728/1901
f 1820/2671/1829 1859/2678/1897 1909/2679/1902 1873/2672/1830
f 1859/729/1897 1841/723/1891 1861/726/1899 1909/730/1902
f 1909/730/1902 1861/726/1899 1842/728/1901 1862/733/1903
f 1873/2672/1830 1909/2679/1902 1862/2683/1903 1823/2680/1831
f 1842/728/1901 1860/727/1900 1910/731/1904 1863/732/1905
f 1860/2712/1900 1835/2713/1871 1845/2706/1870 1910/2705/1904
f 1910/2705/1904 1845/2706/1870 1832/2699/1861 1888/2698/1860
f 1863/732/1905 1910/731/1904 1888/734/1860 1829/735/1851
f 1823/2680/1831 1862/2683/1903 1911/2686/1906 1878/2684/1840
f 1862/733/1903 1842/728/1901 1863/732/1905 1911/736/1906
f 1911/736/1906 1863/732/1905 1829/735/1851 1883/737/1850
f 1878/1817/1840 1911/1818/1906 1883/1814/1850 1826/1813/1841
f 1836/2722/1878 1854/2723/1884 1912/2718/1907 1849/2717/1874
f 1854/738/1884 1839/739/1888 1864/740/1908 1912/741/1907
f 1912/741/1907 1864/740/1908 1843/744/1909 1865/745/1910
f 1849/2717/1874 1912/2718/1907 1865/2711/1910 1833/2710/1868
f 1839/739/1888 1858/742/1894 1913/743/1911 1864/740/1908
f 1858/2656/1894 1818/2652/1818 1871/2655/1821 1913/2662/1911
f 1913/2662/1911 1871/2655/1821 1821/2661/1826 1866/2669/1912
f 1864/740/1908 1913/743/1911 1866/746/1912 1843/744/1909
f 1833/2710/1868 1865/2711/1910 1914/2704/1913 1844/2703/1864
f 1865/745/1910 1843/744/1909 1867/747/1914 1914/748/1913
f 1914/748/1913 1867/747/1914 1827/750/1848 1887/751/1854
f 1844/2703/1864 1914/2704/1913 1887/2696/1854 1830/2697/1858
f 1843/744/1909 1866/746/1912 1915/749/1915 1867/747/1914
f 1866/2669/1912 1821/2661/1826 1877/2668/1834 1915/2677/1915
f 1915/1806/1915 1877/1807/1834 1824/1798/1838 1882/1801/1844
f 1867/747/1914 1915/749/1915 1882/752/1844 1827/750/1848
s 42
f 1916/1842/1916 2033/1843/1917 2084/1844/1918 2030/1845/1919
f 2030/753/1919 2084/754/1918 2031/755/1920 1920/756/1921
f 2084/754/1918 2032/757/1922 1962/758/1923 2031/755/1920
f 2033/1843/1917 1961/1848/1924 2032/1849/1922 2084/1844/1918
f 1917/2726/1925 2037/2727/1926 2085/2728/1927 2034/2729/1928
f 2034/1851/1928 2085/1855/1927 2035/1846/1929 1916/1842/1916
f 2085/1855/1927 2036/1861/1930 1925/1852/1931 2035/1846/1929
f 2037/2727/1926 1924/2732/1932 2036/2733/1930 2085/2728/1927
f 1918/779/1933 2041/789/1934 2086/790/1935 2038/780/1936
f 2038/2735/1936 2086/2736/1935 2039/2730/1937 1917/2726/1925
f 2086/2736/1935 2040/2742/1938 1927/2737/1939 2039/2730/1937
f 2041/789/1934 1926/799/1940 2040/800/1938 2086/790/1935
f 1919/769/1941 2045/777/1942 2087/778/1943 2042/770/1944
f 2042/770/1944 2087/778/1943 2043/788/1945 1918/779/1933
f 2087/778/1943 2044/787/1946 1939/797/1947 2043/788/1945
f 2045/777/1942 1938/786/1948 2044/787/1946 2087/778/1943
f 1920/756/1921 2049/760/1949 2088/768/1950 2046/761/1951
f 2046/761/1951 2088/768/1950 2047/776/1952 1919/769/1941
f 2088/768/1950 2048/775/1953 1957/784/1954 2047/776/1952
f 2049/760/1949 1956/767/1955 2048/775/1953 2088/768/1950
f 1921/818/1956 2053/819/1957 2089/820/1958 2050/821/1959
f 2050/1858/1959 2089/1859/1958 2051/1853/1960 1925/1852/1931
f 2089/1859/1958 2052/1863/1961 1964/1860/1962 2051/1853/1960
f 2053/819/1957 1963/824/1963 2052/825/1961 2089/820/1958
f 1922/834/1964 2057/841/1965 2090/831/1966 2054/827/1967
f 2054/827/1967 2090/831/1966 2055/822/1968 1921/818/1956
f 2090/831/1966 2056/839/1969 1955/828/1970 2055/822/1968
f 2057/841/1965 1954/849/1971 2056/839/1969 2090/831/1966
f 1923/842/1972 2061/851/1973 2091/844/1974 2058/835/1975
f 2058/835/1975 2091/844/1974 2059/845/1976 1922/834/1964
f 2091/844/1974 2060/854/1977 1945/855/1978 2059/845/1976
f 2061/851/1973 1944/861/1979 2060/854/1977 2091/844/1974
f 1924/2732/1932 2065/2739/1980 2092/2746/1981 2062/2740/1982
f 2062/843/1982 2092/852/1981 2063/853/1983 1923/842/1972
f 2092/852/1981 2064/862/1984 1931/863/1985 2063/853/1983
f 2065/2739/1980 1930/2745/1986 2064/2749/1984 2092/2746/1981
f 1926/799/1940 2069/806/1987 2093/813/1988 2066/807/1989
f 2066/1867/1989 2093/1868/1988 2067/1869/1990 1928/1870/1991
f 2093/1868/1988 2068/1871/1992 1933/1872/1993 2067/1869/1990
f 2069/806/1987 1932/812/1994 2068/816/1992 2093/813/1988
f 1928/1870/1991 2073/1874/1995 2094/1882/1996 2070/1875/1997
f 2070/2743/1997 2094/2744/1996 2071/2738/1998 1927/2737/1939
f 2094/2744/1996 2072/2748/1999 1930/2745/1986 2071/2738/1998
f 2073/1874/1995 1929/1881/2000 2072/1887/1999 2094/1882/1996
f 1929/1881/2000 2077/1880/2001 2095/1885/2002 2074/1886/2003
f 2074/873/2003 2095/876/2002 2075/869/2004 1931/863/1985
f 2095/876/2002 2076/880/2005 1937/877/2006 2075/869/2004
f 2077/1880/2001 1936/1884/2007 2076/1889/2005 2095/1885/2002
f 1932/812/1994 2081/805/2008 2096/811/2009 2078/815/2010
f 2078/2751/2010 2096/2752/2009 2079/2753/2011 1934/2754/2012
f 2096/2752/2009 2080/2755/2013 1940/2756/2014 2079/2753/2011
f 2081/805/2008 1939/797/1947 2080/804/2013 2096/811/2009
f 1934/2754/2012 1973/2758/2015 2097/2766/2016 2082/2759/2017
f 2082/1878/2017 2097/1883/2016 2083/1879/2018 1933/1872/1993
f 2097/1883/2016 1972/1888/2019 1936/1884/2007 2083/1879/2018
f 1973/2758/2015 1935/2765/2020 1972/2773/2019 2097/2766/2016
f 1935/2765/2020 1977/2764/2021 2098/2771/2022 1974/2772/2023
f 1974/881/2023 2098/878/2022 1975/870/2024 1937/877/2006
f 2098/878/2022 1976/871/2025 1944/861/1979 1975/870/2024
f 1977/2764/2021 1943/2770/2026 1976/2778/2025 2098/2771/2022
f 1938/786/1948 1981/794/2027 2099/803/2028 1978/795/2029
f 1978/2767/2029 2099/2774/2028 1979/2775/2030 1941/2768/2031
f 2099/2774/2028 1980/2780/2032 1947/2781/2033 1979/2775/2030
f 1981/794/2027 1946/802/2034 1980/810/2032 2099/803/2028
f 1941/2768/2031 1985/2776/2035 2100/2769/2036 1982/2762/2037
f 1982/2762/2037 2100/2769/2036 1983/2763/2038 1940/2756/2014
f 2100/2769/2036 1984/2777/2039 1943/2770/2026 1983/2763/2038
f 1985/2776/2035 1942/2783/2040 1984/2777/2039 2100/2769/2036
f 1942/2783/2040 1989/2788/2041 2101/2792/2042 1986/2789/2043
f 1986/864/2043 2101/868/2042 1987/859/2044 1945/855/1978
f 2101/868/2042 1988/875/2045 1951/867/2046 1987/859/2044
f 1989/2788/2041 1950/2791/2047 1988/2794/2045 2101/2792/2042
f 1946/802/2034 1993/793/2048 2102/801/2049 1990/809/2050
f 1990/1892/2050 2102/1893/2049 1991/1894/2051 1948/1895/2052
f 2102/1893/2049 1992/1896/2053 1958/1897/2054 1991/1894/2051
f 1993/793/2048 1957/784/1954 1992/792/2053 2102/801/2049
f 1948/1895/2052 1997/1899/2055 2103/1907/2056 1994/1900/2057
f 1994/2786/2057 2103/2790/2056 1995/2787/2058 1947/2781/2033
f 2103/2790/2056 1996/2793/2059 1950/2791/2047 1995/2787/2058
f 1997/1899/2055 1949/1906/2060 1996/1914/2059 2103/1907/2056
f 1949/1906/2060 2001/1905/2061 2104/1912/2062 1998/1913/2063
f 1998/874/2063 2104/866/2062 1999/858/2064 1951/867/2046
f 2104/866/2062 2000/857/2065 1954/849/1971 1999/858/2064
f 2001/1905/2061 1953/1911/2066 2000/1919/2065 2104/1912/2062
f 1952/1924/2067 2005/1929/2068 2105/1933/2069 2002/1930/2070
f 2002/836/2070 2105/837/2069 2003/829/2071 1955/828/1970
f 2105/837/2069 2004/846/2072 1971/838/2073 2003/829/2071
f 2005/1929/2068 1970/1932/2074 2004/1935/2072 2105/1933/2069
f 1953/1911/2066 2009/1904/2075 2106/1910/2076 2006/1918/2077
f 2006/1918/2077 2106/1910/2076 2007/1917/2078 1952/1924/2067
f 2106/1910/2076 2008/1903/2079 1959/1909/2080 2007/1917/2078
f 2009/1904/2075 1958/1897/2054 2008/1903/2079 2106/1910/2076
f 1956/767/1955 2013/766/2081 2107/773/2082 2010/774/2083
f 2010/1908/2083 2107/1915/2082 2011/1916/2084 1959/1909/2080
f 2107/1915/2082 2012/1921/2085 1968/1922/2086 2011/1916/2084
f 2013/766/2081 1967/772/2087 2012/782/2085 2107/773/2082
f 1960/2796/2088 2017/2797/2089 2108/2798/2090 2014/2799/2091
f 2014/764/2091 2108/771/2090 2015/765/2092 1962/758/1923
f 2108/771/2090 2016/781/2093 1967/772/2087 2015/765/2092
f 2017/2797/2089 1966/2802/2094 2016/2803/2093 2108/2798/2090
f 1961/1848/1924 2021/1854/2095 2109/1862/2096 2018/1856/2097
f 2018/2805/2097 2109/2809/2096 2019/2800/2098 1960/2796/2088
f 2109/2809/2096 2020/2815/2099 1965/2806/2100 2019/2800/2098
f 2021/1854/2095 1964/1860/1962 2020/1865/2099 2109/1862/2096
f 1963/824/1963 2025/830/2101 2110/840/2102 2022/832/2103
f 2022/2812/2103 2110/2813/2102 2023/2807/2104 1965/2806/2100
f 2110/2813/2102 2024/2817/2105 1969/2814/2106 2023/2807/2104
f 2025/830/2101 1971/838/2073 2024/848/2105 2110/840/2102
f 1966/2802/2094 2029/2808/2107 2111/2816/2108 2026/2810/2109
f 2026/1927/2109 2111/1931/2108 2027/1928/2110 1968/1922/2086
f 2111/1931/2108 2028/1934/2111 1970/1932/2074 2027/1928/2110
f 2029/2808/2107 1969/2814/2106 2028/2819/2111 2111/2816/2108
f 1917/2726/1925 2039/2730/1937 2112/2731/2112 2037/2727/1926
f 2037/2727/1926 2112/2731/2112 2065/2739/1980 1924/2732/1932
f 2112/2731/2112 2071/2738/1998 1930/2745/1986 2065/2739/1980
f 2039/2730/1937 1927/2737/1939 2071/2738/1998 2112/2731/2112
f 1928/1870/1991 2067/1869/1990 2113/1873/2113 2073/1874/1995
f 2073/1874/1995 2113/1873/2113 2077/1880/2001 1929/1881/2000
f 2113/1873/2113 2083/1879/2018 1936/1884/2007 2077/1880/2001
f 2067/1869/1990 1933/1872/1993 2083/1879/2018 2113/1873/2113
f 1934/2754/2012 2079/2753/2011 2114/2757/2114 1973/2758/2015
f 1973/2758/2015 2114/2757/2114 1977/2764/2021 1935/2765/2020
f 2114/2757/2114 1983/2763/2038 1943/2770/2026 1977/2764/2021
f 2079/2753/2011 1940/2756/2014 1983/2763/2038 2114/2757/2114
f 1948/1895/2052 1991/1894/2051 2115/1898/2115 1997/1899/2055
f 1997/1899/2055 2115/1898/2115 2001/1905/2061 1949/1906/2060
f 2115/1898/2115 2009/1904/2075 1953/1911/2066 2001/1905/2061
f 1991/1894/2051 1958/1897/2054 2009/1904/2075 2115/1898/2115
f 1923/842/1972 2063/853/1983 2116/860/2116 2061/851/1973
f 2061/851/1973 2116/860/2116 1975/870/2024 1944/861/1979
f 2116/860/2116 2075/869/2004 1937/877/2006 1975/870/2024
f 2063/853/1983 1931/863/1985 2075/869/2004 2116/860/2116
f 1939/797/1947 2081/805/2008 2117/798/2117 2043/788/1945
f 2043/788/1945 2117/798/2117 2041/789/1934 1918/779/1933
f 2117/798/2117 2069/806/1987 1926/799/1940 2041/789/1934
f 2081/805/2008 1932/812/1994 2069/806/1987 2117/798/2117
f 1941/2768/2031 1979/2775/2030 2118/2782/2118 1985/2776/2035
f 1985/2776/2035 2118/2782/2118 1989/2788/2041 1942/2783/2040
f 2118/2782/2118 1995/2787/2058 1950/2791/2047 1989/2788/2041
f 1979/2775/2030 1947/2781/2033 1995/2787/2058 2118/2782/2118
f 1945/855/1978 1987/859/2044 2119/850/2119 2059/845/1976
f 2059/845/1976 2119/850/2119 2057/841/1965 1922/834/1964
f 2119/850/2119 1999/858/2064 1954/849/1971 2057/841/1965
f 1987/859/2044 1951/867/2046 1999/858/2064 2119/850/2119
f 1965/2806/2100 2023/2807/2104 2120/2801/2120 2019/2800/2098
f 2019/2800/2098 2120/2801/2120 2017/2797/2089 1960/2796/2088
f 2120/2801/2120 2029/2808/2107 1966/2802/2094 2017/2797/2089
f 2023/2807/2104 1969/2814/2106 2029/2808/2107 2120/2801/2120
f 1919/769/1941 2047/776/1952 2121/785/2121 2045/777/1942
f 2045/777/1942 2121/785/2121 1981/794/2027 1938/786/1948
f 2121/785/2121 1993/793/2048 1946/802/2034 1981/794/2027
f 2047/776/1952 1957/784/1954 1993/793/2048 2121/785/2121
f 1925/1852/1931 2051/1853/1960 2122/1847/2122 2035/1846/1929
f 2035/1846/1929 2122/1847/2122 2033/1843/1917 1916/1842/1916
f 2122/1847/2122 2021/1854/2095 1961/1848/1924 2033/1843/1917
f 2051/1853/1960 1964/1860/1962 2021/1854/2095 2122/1847/2122
f 1920/756/1921 2031/755/1920 2123/759/2123 2049/760/1949
f 2049/760/1949 2123/759/2123 2013/766/2081 1956/767/1955
f 2123/759/2123 2015/765/2092 1967/772/2087 2013/766/2081
f 2031/755/1920 1962/758/1923 2015/765/2092 2123/759/2123
f 1959/1909/2080 2011/1916/2084 2124/1923/2124 2007/1917/2078
f 2007/1917/2078 2124/1923/2124 2005/1929/2068 1952/1924/2067
f 2124/1923/2124 2027/1928/2110 1970/1932/2074 2005/1929/2068
f 2011/1916/2084 1968/1922/2086 2027/1928/2110 2124/1923/2124
f 1955/828/1970 2003/829/2071 2125/823/2125 2055/822/1968
f 2055/822/1968 2125/823/2125 2053/819/1957 1921/818/1956
f 2125/823/2125 2025/830/2101 1963/824/1963 2053/819/1957
f 2003/829/2071 1971/838/2073 2025/830/2101 2125/823/2125
f 1916/1842/1916 2030/1845/1919 2126/1850/2126 2034/1851/1928
f 1917/2726/1925 2034/2729/1928 2126/2734/2126 2038/2735/1936
f 1918/779/1933 2038/780/1936 2126/762/2126 2042/770/1944
f 1919/769/1941 2042/770/1944 2126/762/2126 2046/761/1951
f 1920/756/1921 2046/761/1951 2126/762/2126 2030/753/1919
f 1921/818/1956 2050/821/1959 2127/826/2127 2054/827/1967
f 1922/834/1964 2054/827/1967 2127/826/2127 2058/835/1975
f 1923/842/1972 2058/835/1975 2127/826/2127 2062/843/1982
f 1924/2732/1932 2062/2740/1982 2127/2741/2127 2036/2733/1930
f 1925/1852/1931 2036/1861/1930 2127/1864/2127 2050/1858/1959
f 1926/799/1940 2066/807/1989 2128/808/2128 2040/800/1938
f 1927/2737/1939 2040/2742/1938 2128/2747/2128 2070/2743/1997
f 1928/1870/1991 2070/1875/1997 2128/1876/2128 2066/1867/1989
f 1929/1881/2000 2074/1886/2003 2129/1890/2129 2072/1887/1999
f 1930/2745/1986 2072/2748/1999 2129/2750/2129 2064/2749/1984
f 1931/863/1985 2064/862/1984 2129/872/2129 2074/873/2003
f 1932/812/1994 2078/815/2010 2130/817/2130 2068/816/1992
f 1933/1872/1993 2068/1871/1992 2130/1877/2130 2082/1878/2017
f 1934/2754/2012 2082/2759/2017 2130/2760/2130 2078/2751/2010
f 1935/2765/2020 1974/2772/2023 2131/2779/2131 1972/2773/2019
f 1936/1884/2007 1972/1888/2019 2131/1891/2131 2076/1889/2005
f 1937/877/2006 2076/880/2005 2131/882/2131 1974/881/2023
f 1938/786/1948 1978/795/2029 2132/796/2132 2044/787/1946
f 2044/787/1946 2132/796/2132 2080/804/2013 1939/797/1947
f 2132/2761/2132 1982/2762/2037 1940/2756/2014 2080/2755/2013
f 1978/2767/2029 1941/2768/2031 1982/2762/2037 2132/2761/2132
f 1942/2783/2040 1986/2789/2043 2133/2784/2133 1984/2777/2039
f 1984/2777/2039 2133/2784/2133 1976/2778/2025 1943/2770/2026
f 2133/865/2133 2060/854/1977 1944/861/1979 1976/871/2025
f 1986/864/2043 1945/855/1978 2060/854/1977 2133/865/2133
f 1946/802/2034 1990/809/2050 2134/814/2134 1980/810/2032
f 1947/2781/2033 1980/2780/2032 2134/2785/2134 1994/2786/2057
f 1948/1895/2052 1994/1900/2057 2134/1901/2134 1990/1892/2050
f 1949/1906/2060 1998/1913/2063 2135/1920/2135 1996/1914/2059
f 1950/2791/2047 1996/2793/2059 2135/2795/2135 1988/2794/2045
f 1951/867/2046 1988/875/2045 2135/879/2135 1998/874/2063
f 1952/1924/2067 2002/1930/2070 2136/1925/2136 2006/1918/2077
f 2006/1918/2077 2136/1925/2136 2000/1919/2065 1953/1911/2066
f 2136/847/2136 2056/839/1969 1954/849/1971 2000/857/2065
f 2002/836/2070 1955/828/1970 2056/839/1969 2136/847/2136
f 1956/767/1955 2010/774/2083 2137/783/2137 2048/775/1953
f 2048/775/1953 2137/783/2137 1992/792/2053 1957/784/1954
f 2137/1902/2137 2008/1903/2079 1958/1897/2054 1992/1896/2053
f 2010/1908/2083 1959/1909/2080 2008/1903/2079 2137/1902/2137
f 1960/2796/2088 2014/2799/2091 2138/2804/2138 2018/2805/2097
f 1961/1848/1924 2018/1856/2097 2138/1857/2138 2032/1849/1922
f 1962/758/1923 2032/757/1922 2138/763/2138 2014/764/2091
f 1963/824/1963 2022/832/2103 2139/833/2139 2052/825/1961
f 1964/1860/1962 2052/1863/1961 2139/1866/2139 2020/1865/2099
f 1965/2806/2100 2020/2815/2099 2139/2818/2139 2022/2812/2103
f 1966/2802/2094 2026/2810/2109 2140/2811/2140 2016/2803/2093
f 1967/772/2087 2016/781/2093 2140/791/2140 2012/782/2085
f 1968/1922/2086 2012/1921/2085 2140/1926/2140 2026/1927/2109
f 1969/2814/2106 2024/2817/2105 2141/2820/2141 2028/2819/2111
f 1970/1932/2074 2028/1934/2111 2141/1936/2141 2004/1935/2072
f 1971/838/2073 2004/846/2072 2141/856/2141 2024/848/2105
